Unnamed: 0_level_0,Neck_Joint_Position,Neck_Joint_Position,Neck_Joint_Position,L_ANKLE_POSITION,L_ANKLE_POSITION,L_ANKLE_POSITION,R_ANKLE_POSITION,R_ANKLE_POSITION,R_ANKLE_POSITION,L_KNEE_POSITION,L_KNEE_POSITION,L_KNEE_POSITION,R_KNEE_POSITION,R_KNEE_POSITION,R_KNEE_POSITION,L_HIP_POSITION,L_HIP_POSITION,L_HIP_POSITION,R_HIP_POSITION,R_HIP_POSITION,R_HIP_POSITION,L_SHOULDER_POSITION,L_SHOULDER_POSITION,L_SHOULDER_POSITION,R_SHOULDER_POSITION,R_SHOULDER_POSITION,R_SHOULDER_POSITION,L_ELBOW_POSITION,L_ELBOW_POSITION,L_ELBOW_POSITION,R_ELBOW_POSITION,R_ELBOW_POSITION,R_ELBOW_POSITION,L_WRIST_POSITION,L_WRIST_POSITION,L_WRIST_POSITION,R_WRIST_POSITION,R_WRIST_POSITION,R_WRIST_POSITION
ITEM,X,Y,Z,X,Y,Z,X,Y,Z,X,Y,Z,X,Y,Z,X,Y,Z,X,Y,Z,X,Y,Z,X,Y,Z,X,Y,Z,X,Y,Z,X,Y,Z,X,Y,Z
392,0.10012,0.61113,1.37656,0.09118,0.62342,0.06688,0.05423,0.16796,0.09894,0.07931,0.60439,0.43578,0.10406,0.27973,0.44684,0.02721,0.52946,0.80169,0.10874,0.3803,0.81571,-0.01877,0.69464,1.26459,0.1801,0.45943,1.32642,-0.12255,0.6513,1.01083,0.24517,0.28051,1.12006,0.00716,0.73977,0.82486,0.38578,0.32481,0.93709
393,0.10149,0.60579,1.37619,0.09175,0.62335,0.06684,0.0549,0.1673,0.09606,0.08033,0.60346,0.4357,0.10123,0.27695,0.44512,0.02725,0.5269,0.80113,0.10739,0.37689,0.81415,-0.0161,0.6921,1.26423,0.17952,0.45301,1.32579,-0.12072,0.65085,1.01046,0.24024,0.27254,1.11947,0.00953,0.73911,0.82477,0.37996,0.31116,0.93454
394,0.10247,0.60029,1.37598,0.09233,0.62334,0.06678,0.05543,0.16681,0.09307,0.08128,0.60244,0.43561,0.09847,0.27421,0.44325,0.02728,0.52412,0.80052,0.10605,0.3733,0.81248,-0.01322,0.68922,1.26368,0.17886,0.44665,1.32513,-0.11867,0.6501,1.00991,0.23569,0.26506,1.11868,0.01255,0.7382,0.82483,0.374,0.29779,0.93156
395,0.10328,0.59462,1.37573,0.09274,0.62346,0.0668,0.0557,0.16658,0.09015,0.08232,0.60131,0.43557,0.09582,0.2717,0.44137,0.02743,0.52102,0.79993,0.10473,0.36937,0.81094,-0.0104,0.68581,1.26308,0.17801,0.4404,1.32432,-0.11641,0.64934,1.00915,0.23122,0.25793,1.11768,0.01613,0.73728,0.82494,0.36786,0.28457,0.92839
396,0.10421,0.58881,1.37527,0.09297,0.62366,0.06686,0.05563,0.16669,0.08745,0.08346,0.59996,0.43556,0.09339,0.26949,0.43962,0.02769,0.51768,0.79934,0.10353,0.36525,0.80966,-0.00783,0.6819,1.26251,0.17704,0.43407,1.32321,-0.11405,0.64855,1.00825,0.22651,0.25061,1.11652,0.01984,0.7366,0.82506,0.3614,0.27133,0.92524
397,0.10541,0.58287,1.37459,0.09315,0.62378,0.06684,0.05516,0.16705,0.08497,0.08455,0.5983,0.43544,0.09111,0.26749,0.438,0.02797,0.51425,0.79869,0.10243,0.36111,0.80856,-0.00542,0.67768,1.26203,0.17607,0.42749,1.32184,-0.1117,0.64743,1.0074,0.22144,0.2428,1.1153,0.02314,0.73612,0.82523,0.35453,0.25818,0.92226
398,0.10675,0.57682,1.37387,0.09342,0.62376,0.06674,0.05425,0.16741,0.08264,0.08551,0.59638,0.43522,0.08894,0.26562,0.43642,0.02829,0.51082,0.79802,0.10135,0.35698,0.80751,-0.00303,0.67321,1.26167,0.17517,0.4206,1.32039,-0.10949,0.64588,1.00679,0.21616,0.23456,1.11414,0.02587,0.73561,0.82551,0.34739,0.24522,0.91952
399,0.10795,0.57058,1.3733,0.09388,0.62364,0.06664,0.05302,0.16762,0.08044,0.08635,0.59438,0.43498,0.08704,0.26396,0.4348,0.02875,0.50741,0.79738,0.10025,0.35282,0.80647,-0.00062,0.66835,1.26139,0.17435,0.41344,1.319,-0.10751,0.64408,1.00638,0.2109,0.22611,1.11308,0.02839,0.73499,0.8261,0.34024,0.23232,0.917
400,0.10897,0.56405,1.37295,0.09447,0.6235,0.06652,0.05176,0.16777,0.07839,0.0871,0.59246,0.43472,0.08555,0.26255,0.43319,0.02932,0.50395,0.79672,0.09919,0.3486,0.8055,0.00181,0.66308,1.26104,0.17361,0.40607,1.3177,-0.10578,0.64213,1.00602,0.20591,0.21763,1.11209,0.03123,0.73433,0.82724,0.33324,0.21932,0.91461
401,0.11008,0.55714,1.37266,0.09495,0.62337,0.06635,0.05077,0.16801,0.07648,0.08776,0.59067,0.43441,0.08438,0.26128,0.43171,0.02983,0.50036,0.79594,0.09828,0.34437,0.80468,0.00432,0.65764,1.26047,0.17291,0.39853,1.31654,-0.10408,0.63985,1.00556,0.20126,0.20927,1.1111,0.0347,0.73369,0.82902,0.32646,0.20633,0.91227
402,0.11148,0.54997,1.37222,0.09515,0.6233,0.06617,0.05019,0.16833,0.07472,0.08835,0.58901,0.43409,0.08331,0.25994,0.43042,0.03022,0.49657,0.79505,0.09751,0.34009,0.80403,0.00691,0.65238,1.25973,0.1721,0.39084,1.31549,-0.10212,0.63707,1.00493,0.19687,0.2011,1.11002,0.0388,0.73312,0.8313,0.31989,0.1937,0.90996
403,0.11303,0.54278,1.37166,0.09511,0.62329,0.06609,0.04991,0.16849,0.07315,0.08888,0.58742,0.43387,0.08227,0.25851,0.42933,0.03054,0.49257,0.79417,0.09679,0.33568,0.80355,0.0094,0.64742,1.25916,0.17099,0.38295,1.31441,-0.09974,0.63387,1.0043,0.19252,0.19306,1.10873,0.04327,0.73253,0.83386,0.31341,0.18164,0.90756
404,0.11451,0.53582,1.37121,0.09508,0.62322,0.0661,0.04976,0.16836,0.0719,0.08936,0.58574,0.43373,0.08136,0.25698,0.42849,0.03092,0.48851,0.79338,0.09606,0.33117,0.8033,0.01163,0.64254,1.25914,0.16962,0.37496,1.31317,-0.09707,0.63042,1.00402,0.18804,0.18513,1.10714,0.04762,0.73167,0.83654,0.30687,0.1702,0.90497
405,0.11598,0.529,1.37111,0.0953,0.62295,0.06618,0.04958,0.16792,0.07109,0.08981,0.58379,0.43364,0.0807,0.25524,0.42805,0.03142,0.48457,0.79275,0.09539,0.3268,0.80338,0.01368,0.63736,1.25982,0.16836,0.3671,1.31187,-0.09425,0.62677,1.00432,0.18361,0.17746,1.1054,0.05159,0.73033,0.83928,0.30025,0.15927,0.90223
406,0.11771,0.52208,1.37144,0.09578,0.62252,0.06634,0.04928,0.16728,0.07072,0.09018,0.58144,0.43359,0.08023,0.25314,0.42805,0.03194,0.48091,0.79236,0.09484,0.32277,0.80374,0.01571,0.63163,1.26097,0.16752,0.35952,1.31077,-0.09136,0.62283,1.00503,0.17961,0.17019,1.10381,0.05531,0.72862,0.84215,0.29372,0.14868,0.89952
407,0.11972,0.515,1.37211,0.09637,0.62214,0.06665,0.04891,0.16655,0.07061,0.09035,0.57866,0.43361,0.07986,0.2507,0.42834,0.03241,0.47752,0.79226,0.09437,0.31905,0.80428,0.01779,0.62546,1.26225,0.16704,0.3522,1.31019,-0.08848,0.61861,1.00592,0.17625,0.16334,1.10264,0.05906,0.72672,0.84535,0.28732,0.13832,0.89709
408,0.12166,0.50811,1.37293,0.09691,0.62191,0.06706,0.0486,0.16583,0.07065,0.09028,0.57559,0.43366,0.07965,0.24811,0.4288,0.03284,0.47426,0.79234,0.09389,0.31549,0.80492,0.01988,0.61907,1.26353,0.16672,0.34507,1.31023,-0.08571,0.6141,1.00688,0.1732,0.15681,1.10203,0.06294,0.72468,0.84906,0.28089,0.1282,0.89515
409,0.12326,0.50173,1.37367,0.09736,0.62169,0.06752,0.04845,0.16517,0.07078,0.09006,0.57235,0.43372,0.07975,0.24555,0.42935,0.03323,0.47105,0.7925,0.09341,0.31199,0.80566,0.02184,0.61272,1.26488,0.16643,0.33813,1.31061,-0.0831,0.60924,1.00793,0.16995,0.15043,1.10184,0.06695,0.72246,0.85332,0.27427,0.1184,0.89374
410,0.1246,0.49569,1.37421,0.09769,0.62127,0.06798,0.04847,0.16461,0.07101,0.08981,0.56905,0.43377,0.08022,0.24313,0.42995,0.03359,0.4679,0.79269,0.09303,0.30862,0.80645,0.02345,0.60661,1.26641,0.16611,0.3314,1.31094,-0.0806,0.60392,1.00909,0.16627,0.14417,1.10173,0.07093,0.72002,0.85811,0.26762,0.109,0.89266
411,0.12592,0.48956,1.3746,0.0979,0.62051,0.06839,0.04857,0.16414,0.07122,0.0895,0.56586,0.43381,0.08094,0.24086,0.4305,0.03393,0.46487,0.79287,0.09272,0.30539,0.8072,0.02461,0.60094,1.26826,0.16568,0.32473,1.31105,-0.07819,0.59811,1.01045,0.16225,0.13817,1.10127,0.07469,0.71741,0.86337,0.26115,0.1,0.89156
412,0.12726,0.48311,1.37508,0.09811,0.61941,0.06874,0.04865,0.16378,0.07127,0.0891,0.56289,0.43386,0.08178,0.23868,0.43086,0.03421,0.46194,0.79304,0.09234,0.30226,0.80776,0.02544,0.59582,1.27041,0.16517,0.31795,1.31108,-0.07588,0.59197,1.01203,0.15803,0.13255,1.10036,0.07818,0.71472,0.86909,0.2548,0.09125,0.89025
413,0.12857,0.47647,1.37576,0.09853,0.61807,0.0691,0.04864,0.1636,0.07105,0.08874,0.56011,0.43397,0.08268,0.23662,0.43094,0.03442,0.45911,0.79323,0.09189,0.29919,0.80804,0.02614,0.59106,1.27264,0.16477,0.31112,1.31118,-0.07377,0.5858,1.01373,0.1538,0.12715,1.09938,0.08158,0.71196,0.87522,0.2482,0.08266,0.88885
414,0.12983,0.46996,1.37647,0.09924,0.61662,0.06952,0.04862,0.16363,0.07065,0.08857,0.55744,0.43417,0.08364,0.23496,0.43079,0.03459,0.45639,0.79346,0.09154,0.29628,0.80813,0.02685,0.58628,1.27474,0.16456,0.30456,1.31131,-0.07195,0.57993,1.01543,0.14984,0.12169,1.09878,0.08509,0.70915,0.88172,0.24121,0.07433,0.88754
415,0.13113,0.46383,1.37688,0.10013,0.61511,0.06993,0.04867,0.16378,0.07031,0.08862,0.55495,0.43439,0.08452,0.23395,0.43059,0.03485,0.45386,0.79371,0.09142,0.29361,0.80821,0.02763,0.58123,1.27666,0.1644,0.29849,1.31137,-0.07036,0.57457,1.01705,0.14641,0.1162,1.0986,0.08872,0.70639,0.88839,0.23412,0.06649,0.88635
416,0.13252,0.45816,1.37697,0.10098,0.61345,0.07026,0.04885,0.16391,0.0702,0.08881,0.5528,0.43463,0.08509,0.23344,0.43057,0.03536,0.45159,0.79396,0.0915,0.29119,0.8085,0.02857,0.57612,1.27841,0.16427,0.29292,1.31142,-0.0688,0.56972,1.01856,0.14341,0.11108,1.09852,0.09233,0.70389,0.89498,0.22733,0.05922,0.88525
417,0.13391,0.45286,1.37705,0.10164,0.61145,0.07065,0.04904,0.16398,0.07031,0.0891,0.55099,0.43504,0.0852,0.23301,0.43078,0.0361,0.44955,0.79436,0.09164,0.28894,0.80898,0.02967,0.5714,1.27998,0.16435,0.28771,1.31147,-0.06717,0.56527,1.01993,0.1403,0.10657,1.0983,0.09571,0.7019,0.90143,0.22086,0.05235,0.88433
418,0.13512,0.44782,1.37743,0.102,0.60904,0.07125,0.04908,0.16403,0.07042,0.08962,0.54929,0.43576,0.08492,0.23236,0.43106,0.03688,0.4476,0.79506,0.09178,0.28675,0.80948,0.03081,0.56727,1.28144,0.16468,0.2827,1.31145,-0.06547,0.56107,1.02118,0.13669,0.1024,1.09806,0.0989,0.70035,0.90797,0.21452,0.04567,0.88373
419,0.13605,0.44294,1.37806,0.10205,0.60621,0.07205,0.04895,0.16408,0.07041,0.09046,0.54746,0.43674,0.08444,0.23147,0.43126,0.03755,0.44555,0.79595,0.09189,0.28447,0.80987,0.03178,0.56346,1.28287,0.16496,0.27778,1.31132,-0.06384,0.55699,1.02237,0.13273,0.09825,1.09787,0.10221,0.69878,0.91486,0.20825,0.03916,0.88335
420,0.13672,0.43818,1.37879,0.10187,0.60285,0.07292,0.04877,0.16411,0.07031,0.09159,0.54553,0.43788,0.08395,0.23043,0.43139,0.03817,0.44327,0.79692,0.09194,0.28195,0.81019,0.03262,0.55945,1.28427,0.16487,0.2729,1.31114,-0.06232,0.55299,1.02352,0.1289,0.09413,1.09766,0.1059,0.69668,0.92207,0.20211,0.03301,0.88291
421,0.13724,0.4335,1.37956,0.10153,0.59886,0.07383,0.04868,0.16399,0.0702,0.09285,0.5437,0.43917,0.08346,0.22928,0.4315,0.03876,0.44083,0.79792,0.09192,0.27924,0.8105,0.0336,0.55505,1.28559,0.16452,0.26817,1.31112,-0.06082,0.54915,1.02464,0.12546,0.09037,1.09737,0.10996,0.69394,0.92923,0.19591,0.02744,0.88222
422,0.13775,0.42893,1.38038,0.10097,0.59434,0.07476,0.04865,0.16362,0.07012,0.09409,0.54209,0.44056,0.08288,0.22809,0.43162,0.03923,0.43843,0.79898,0.09188,0.27662,0.8108,0.03484,0.55061,1.28674,0.16417,0.26381,1.31134,-0.05931,0.54559,1.02568,0.12238,0.08725,1.09707,0.11415,0.69074,0.93582,0.1893,0.02256,0.88132
423,0.13833,0.42456,1.38119,0.09993,0.58958,0.07558,0.04865,0.16308,0.07008,0.09525,0.54056,0.44186,0.08208,0.22694,0.43176,0.03951,0.43624,0.79995,0.09188,0.27429,0.81106,0.03616,0.5466,1.28769,0.16394,0.25999,1.31174,-0.05781,0.54249,1.02654,0.11958,0.08475,1.09691,0.11827,0.68742,0.94155,0.18237,0.01818,0.88049
424,0.13889,0.42058,1.3819,0.09839,0.58479,0.07617,0.04871,0.16263,0.07004,0.09635,0.53892,0.44288,0.08112,0.22587,0.43192,0.03967,0.43428,0.80073,0.09191,0.27225,0.81132,0.03713,0.5431,1.28849,0.16383,0.25674,1.31221,-0.05627,0.53999,1.02713,0.11696,0.08275,1.09689,0.1223,0.68442,0.94658,0.17566,0.01405,0.87998
425,0.1392,0.41706,1.38247,0.0966,0.57999,0.07655,0.04887,0.1625,0.06996,0.09745,0.53715,0.44363,0.08012,0.22491,0.43209,0.03984,0.43249,0.80133,0.09192,0.27039,0.81156,0.03737,0.53986,1.28928,0.16384,0.2539,1.3127,-0.05453,0.53812,1.02737,0.11443,0.08123,1.0969,0.12651,0.682,0.95151,0.16961,0.01008,0.87986
426,0.13924,0.41385,1.38297,0.09482,0.57514,0.07682,0.0491,0.16257,0.06985,0.09853,0.53543,0.44424,0.07915,0.224,0.43226,0.04009,0.43084,0.80182,0.09188,0.26863,0.8118,0.03683,0.53669,1.29016,0.1638,0.25121,1.31329,-0.05246,0.53678,1.02735,0.1119,0.08012,1.09681,0.13117,0.6801,0.95682,0.16412,0.0063,0.87993
427,0.13924,0.41072,1.38352,0.09303,0.57037,0.07703,0.04928,0.16259,0.0698,0.09955,0.53388,0.44475,0.07832,0.22308,0.43244,0.04042,0.42939,0.80224,0.09176,0.26702,0.81204,0.03603,0.53362,1.2912,0.16345,0.24842,1.31405,-0.05008,0.5358,1.02733,0.10939,0.07928,1.09657,0.13619,0.67838,0.96245,0.15882,0.00273,0.87998
428,0.1394,0.40761,1.38413,0.09105,0.56586,0.07723,0.04927,0.16244,0.06984,0.10044,0.53242,0.44517,0.07774,0.22214,0.43265,0.0408,0.42827,0.80268,0.09156,0.26571,0.81228,0.03558,0.53076,1.29234,0.16271,0.24546,1.31504,-0.04762,0.53506,1.02756,0.10699,0.07864,1.0962,0.14135,0.67643,0.96805,0.15346,-0.00057,0.87991
429,0.13978,0.40468,1.38476,0.08875,0.56168,0.07745,0.04904,0.16227,0.06992,0.10115,0.53079,0.44553,0.07736,0.22123,0.43287,0.04116,0.4275,0.80323,0.09126,0.26472,0.81251,0.03564,0.52822,1.29338,0.16185,0.2426,1.31618,-0.04539,0.53454,1.02798,0.10477,0.07831,1.09579,0.14654,0.67395,0.97353,0.14805,-0.00346,0.87979
430,0.14023,0.40204,1.38533,0.08633,0.55773,0.07765,0.04869,0.16217,0.07001,0.10166,0.5288,0.44578,0.07706,0.22038,0.43308,0.0415,0.42688,0.80384,0.09093,0.26387,0.81271,0.03604,0.52615,1.29414,0.16124,0.24022,1.31721,-0.04359,0.53423,1.02835,0.10281,0.07836,1.09537,0.1516,0.67106,0.9792,0.14266,-0.0058,0.87963
431,0.14051,0.39966,1.38586,0.0842,0.55398,0.07771,0.04837,0.16209,0.07011,0.10191,0.52644,0.44584,0.07674,0.21953,0.4333,0.042,0.42615,0.8044,0.09078,0.26292,0.81294,0.03668,0.52461,1.2946,0.16103,0.23836,1.31787,-0.04207,0.53417,1.0286,0.10114,0.07855,1.09493,0.15622,0.66845,0.98521,0.13734,-0.00752,0.8793
432,0.14049,0.39747,1.3864,0.08266,0.5507,0.07756,0.04824,0.16192,0.07027,0.10172,0.52386,0.44567,0.07639,0.21866,0.43359,0.04288,0.42523,0.80488,0.09088,0.26177,0.81325,0.03759,0.52338,1.29489,0.16097,0.23678,1.31809,-0.04057,0.53437,1.02878,0.09962,0.0786,1.09439,0.16024,0.66668,0.99132,0.13222,-0.00871,0.87868
433,0.1403,0.39548,1.38692,0.08161,0.54819,0.07718,0.04836,0.16157,0.0705,0.10101,0.52133,0.44528,0.07604,0.21785,0.43393,0.04416,0.42424,0.80522,0.09114,0.26048,0.81361,0.03863,0.52214,1.29508,0.16066,0.23533,1.31804,-0.03897,0.53484,1.02887,0.09815,0.07853,1.09369,0.16387,0.66555,0.99714,0.12759,-0.00956,0.87784
434,0.14024,0.39376,1.38729,0.0808,0.54654,0.07656,0.04862,0.16113,0.07075,0.09994,0.51907,0.44462,0.07583,0.21716,0.43425,0.04559,0.42334,0.80531,0.09131,0.25924,0.81399,0.03953,0.52087,1.29511,0.16003,0.23392,1.31798,-0.0374,0.53553,1.02882,0.09686,0.07861,1.09279,0.16733,0.66448,1.00251,0.1238,-0.0102,0.87691
435,0.14052,0.39226,1.38745,0.08009,0.54558,0.07573,0.04879,0.16083,0.07092,0.09878,0.51702,0.44373,0.07585,0.21649,0.43449,0.04682,0.42259,0.80511,0.09126,0.25816,0.81427,0.04022,0.5197,1.29502,0.15938,0.23237,1.31817,-0.03601,0.53645,1.02865,0.09606,0.07902,1.09167,0.1707,0.66317,1.0075,0.12098,-0.01054,0.87587
436,0.14108,0.3909,1.38741,0.07963,0.54514,0.07481,0.04874,0.16086,0.07093,0.0977,0.51493,0.44271,0.07595,0.21579,0.43459,0.04772,0.42191,0.80474,0.09107,0.25722,0.81441,0.04094,0.51866,1.29495,0.15892,0.23052,1.31865,-0.03458,0.53752,1.02852,0.09585,0.07973,1.09037,0.17408,0.66175,1.01231,0.11894,-0.01052,0.87465
437,0.14171,0.38965,1.38723,0.07957,0.54513,0.07395,0.04857,0.16114,0.07086,0.09661,0.51263,0.4417,0.07586,0.21507,0.43467,0.04838,0.42118,0.80437,0.09091,0.25631,0.81451,0.0419,0.51768,1.29501,0.15858,0.22865,1.31912,-0.03282,0.53853,1.0285,0.09582,0.08055,1.089,0.17749,0.66048,1.01705,0.11714,-0.01027,0.87334
438,0.14227,0.38847,1.38697,0.0799,0.54546,0.07316,0.04843,0.16137,0.07087,0.09536,0.51018,0.44073,0.07554,0.21443,0.43482,0.04884,0.42033,0.80402,0.09083,0.25535,0.81469,0.04305,0.51689,1.29511,0.15829,0.22715,1.31922,-0.03076,0.53924,1.02847,0.09537,0.08135,1.08768,0.18069,0.65956,1.02176,0.11508,-0.01001,0.87209
439,0.14275,0.38729,1.38666,0.08045,0.54599,0.07239,0.0484,0.16128,0.07099,0.09388,0.50779,0.43975,0.07509,0.21394,0.43503,0.04894,0.41942,0.8036,0.09068,0.25442,0.81493,0.04414,0.51651,1.29505,0.15814,0.22614,1.31879,-0.02868,0.53968,1.02821,0.09429,0.08204,1.08643,0.18338,0.65909,1.02643,0.11261,-0.00967,0.87087
440,0.14323,0.38615,1.38628,0.08096,0.54659,0.07161,0.04843,0.16088,0.07107,0.09217,0.50569,0.43875,0.07458,0.21365,0.43514,0.04855,0.41867,0.80309,0.09027,0.25372,0.81508,0.04503,0.51658,1.2947,0.15806,0.22546,1.31799,-0.02683,0.54021,1.02764,0.0928,0.08269,1.08522,0.18573,0.6587,1.03111,0.10994,-0.00898,0.86954
441,0.14382,0.38535,1.38581,0.08121,0.54712,0.07083,0.0484,0.16034,0.07103,0.09034,0.50393,0.43776,0.07401,0.21353,0.43507,0.04785,0.41832,0.80257,0.08956,0.2534,0.81504,0.04576,0.51688,1.29414,0.15775,0.22505,1.31709,-0.02524,0.54128,1.02692,0.09109,0.08342,1.08401,0.18827,0.65778,1.03566,0.10745,-0.00779,0.86808
442,0.14447,0.38512,1.38526,0.0812,0.54737,0.07006,0.04822,0.1599,0.07093,0.08864,0.5025,0.43683,0.07346,0.21343,0.43494,0.04721,0.41837,0.8021,0.08866,0.25341,0.81491,0.04644,0.51728,1.29345,0.157,0.22487,1.31627,-0.02377,0.54304,1.02615,0.08926,0.08435,1.08283,0.19113,0.65644,1.03993,0.10547,-0.00627,0.86664
443,0.145,0.38535,1.38473,0.08107,0.54722,0.06933,0.04801,0.15965,0.07087,0.08728,0.5013,0.43599,0.07303,0.21319,0.4349,0.04693,0.41859,0.80171,0.08787,0.25353,0.81485,0.04715,0.51792,1.29261,0.15594,0.22483,1.31563,-0.02231,0.54523,1.02527,0.08741,0.08544,1.08174,0.19372,0.65575,1.04397,0.1042,-0.00463,0.86536
444,0.14527,0.38576,1.38433,0.08093,0.54676,0.06868,0.04796,0.15955,0.07084,0.08634,0.5002,0.43528,0.07269,0.21281,0.43493,0.04701,0.41867,0.80137,0.0874,0.2535,0.81485,0.04789,0.51895,1.29169,0.15491,0.22491,1.31511,-0.02079,0.5475,1.02426,0.08569,0.08663,1.08077,0.19553,0.65646,1.04801,0.10345,-0.00293,0.86426
445,0.14535,0.38618,1.38411,0.08081,0.54624,0.06812,0.04809,0.15953,0.07072,0.0856,0.49904,0.43464,0.07231,0.21241,0.4349,0.04718,0.41844,0.80103,0.08713,0.25319,0.8148,0.04862,0.52022,1.29087,0.15407,0.22529,1.31467,-0.01916,0.54966,1.02331,0.0841,0.08799,1.07998,0.1967,0.65829,1.05225,0.10284,-0.00107,0.86334
446,0.14529,0.38669,1.38404,0.08074,0.5459,0.06758,0.04818,0.15951,0.07047,0.08483,0.49775,0.43399,0.07192,0.21202,0.43474,0.04721,0.41795,0.80064,0.08674,0.25262,0.81466,0.04937,0.52144,1.29023,0.15328,0.22611,1.31437,-0.01743,0.55173,1.02252,0.08253,0.08963,1.07943,0.19769,0.66032,1.05669,0.10229,0.00117,0.86264
447,0.14508,0.38742,1.38401,0.0808,0.54584,0.06708,0.04807,0.15944,0.0703,0.08394,0.49639,0.43332,0.07173,0.21162,0.43462,0.04709,0.41743,0.80024,0.08609,0.252,0.81458,0.05021,0.52247,1.28966,0.1524,0.22719,1.31431,-0.01557,0.55389,1.02183,0.08102,0.09152,1.07909,0.19892,0.66192,1.0613,0.10219,0.00392,0.86208
448,0.14486,0.38831,1.38391,0.08092,0.54596,0.0667,0.04785,0.15933,0.07037,0.08297,0.49508,0.43276,0.07199,0.21121,0.4347,0.04686,0.41703,0.79994,0.0853,0.2515,0.81471,0.05115,0.52345,1.28908,0.15153,0.22816,1.3145,-0.01343,0.55643,1.02115,0.07973,0.09349,1.07885,0.20072,0.66302,1.06599,0.10283,0.00708,0.86155
449,0.14488,0.38925,1.38378,0.08094,0.54609,0.06654,0.04773,0.15916,0.07068,0.08196,0.49397,0.43242,0.07277,0.21081,0.43498,0.04657,0.41677,0.79985,0.08457,0.25118,0.81503,0.05221,0.52464,1.28853,0.15078,0.22889,1.3149,-0.01095,0.55951,1.0205,0.07866,0.09541,1.07865,0.20315,0.66381,1.07064,0.10402,0.01044,0.86105
450,0.14525,0.39026,1.38373,0.08082,0.54618,0.06654,0.0478,0.15887,0.07104,0.08097,0.49314,0.43229,0.0739,0.21036,0.43529,0.04634,0.41661,0.79993,0.08393,0.25095,0.81537,0.05344,0.52627,1.28808,0.15008,0.22955,1.31538,-0.00837,0.56292,1.01997,0.07754,0.0973,1.07859,0.20589,0.66435,1.0751,0.10537,0.01381,0.86071
451,0.14577,0.39141,1.38376,0.08063,0.54629,0.06657,0.04806,0.15847,0.07131,0.0802,0.49261,0.43223,0.07516,0.20988,0.4355,0.04627,0.41648,0.80002,0.08331,0.25071,0.81559,0.05488,0.52844,1.28778,0.14939,0.23046,1.31587,-0.00596,0.56623,1.01961,0.07599,0.0991,1.07884,0.20848,0.66464,1.07933,0.1066,0.01715,0.86075
452,0.14618,0.39273,1.38378,0.08054,0.54642,0.06655,0.04843,0.15816,0.07147,0.07974,0.49218,0.43212,0.07641,0.20937,0.43562,0.04627,0.41633,0.80001,0.08267,0.25043,0.81573,0.05643,0.53095,1.28766,0.14869,0.2317,1.31634,-0.00375,0.5693,1.01942,0.07392,0.10067,1.07955,0.21074,0.66482,1.08348,0.10769,0.02046,0.86129
453,0.14642,0.39419,1.38368,0.08063,0.54661,0.06647,0.04878,0.15807,0.07161,0.07937,0.49168,0.43195,0.07758,0.20881,0.43576,0.0462,0.41619,0.79994,0.08201,0.25019,0.81586,0.05799,0.53351,1.2876,0.14788,0.23309,1.31689,-0.0015,0.57235,1.01927,0.0715,0.102,1.08065,0.2128,0.66515,1.08781,0.10869,0.02362,0.86228
454,0.14659,0.39578,1.38348,0.08087,0.54693,0.06642,0.04897,0.15805,0.07182,0.07883,0.49108,0.43175,0.07864,0.20814,0.436,0.04598,0.41621,0.7999,0.08129,0.25012,0.81605,0.05965,0.53599,1.28747,0.14686,0.23441,1.3176,0.00099,0.57555,1.01906,0.06901,0.10324,1.08188,0.2148,0.66577,1.09242,0.10966,0.02652,0.86353
455,0.14681,0.39743,1.38328,0.08113,0.54735,0.06642,0.04898,0.15792,0.07215,0.07806,0.49044,0.43157,0.07957,0.20745,0.43632,0.04559,0.41639,0.79992,0.08039,0.25021,0.8163,0.06155,0.53837,1.28721,0.14574,0.23555,1.31836,0.00376,0.57884,1.01875,0.06656,0.10448,1.08304,0.21681,0.66658,1.09714,0.11062,0.02917,0.86486
456,0.14711,0.39899,1.38316,0.08136,0.54769,0.0664,0.04894,0.15767,0.07253,0.07726,0.48971,0.43139,0.08041,0.20686,0.43667,0.04518,0.41658,0.79995,0.07934,0.25029,0.81657,0.06361,0.54053,1.28682,0.14467,0.23655,1.31904,0.00663,0.58214,1.01836,0.06412,0.10562,1.0841,0.21884,0.66729,1.10173,0.11173,0.03172,0.86618
457,0.14753,0.40036,1.38309,0.08159,0.54771,0.06634,0.04899,0.15747,0.07285,0.07663,0.48883,0.43116,0.08119,0.20639,0.43697,0.04491,0.41654,0.79992,0.07839,0.25015,0.81682,0.06555,0.54228,1.28627,0.14365,0.23744,1.31965,0.00943,0.58549,1.01788,0.06169,0.10661,1.08514,0.22075,0.66778,1.10624,0.11317,0.03436,0.86756
458,0.14808,0.40158,1.38295,0.08179,0.5474,0.06621,0.04919,0.15728,0.07311,0.07616,0.4878,0.4309,0.0818,0.20585,0.43724,0.04495,0.41619,0.79984,0.07776,0.2497,0.81707,0.0672,0.54362,1.2856,0.14261,0.23824,1.32029,0.01205,0.58895,1.01737,0.0593,0.10751,1.08621,0.22231,0.66828,1.11081,0.11492,0.03712,0.86903
459,0.14864,0.40275,1.3827,0.08198,0.54694,0.06608,0.04945,0.15684,0.07339,0.0757,0.48669,0.43066,0.08209,0.20509,0.43756,0.04536,0.41564,0.79978,0.0774,0.24904,0.81737,0.06868,0.5447,1.28495,0.14159,0.239,1.32093,0.01443,0.59246,1.01696,0.05699,0.10834,1.08726,0.22345,0.66903,1.11537,0.11666,0.03982,0.87056
460,0.14917,0.4039,1.38236,0.08219,0.54655,0.06605,0.04961,0.156,0.07374,0.07511,0.48549,0.43049,0.08204,0.20421,0.43794,0.04596,0.41509,0.79982,0.07706,0.24834,0.81772,0.07026,0.54563,1.28445,0.14069,0.2397,1.32146,0.01662,0.59596,1.0168,0.05476,0.10901,1.0883,0.22439,0.67,1.11968,0.1181,0.0422,0.87211
461,0.14973,0.40486,1.38204,0.08238,0.54639,0.06616,0.04957,0.15491,0.07414,0.07433,0.48425,0.43039,0.08184,0.2035,0.43829,0.04638,0.41464,0.79997,0.07655,0.24774,0.81806,0.07202,0.54642,1.28414,0.13984,0.24037,1.32187,0.01875,0.59949,1.01694,0.05267,0.10943,1.08931,0.22547,0.67093,1.1237,0.11929,0.04426,0.87361
462,0.15038,0.4055,1.38188,0.0824,0.54649,0.0663,0.04941,0.15385,0.07454,0.07336,0.48301,0.43027,0.08167,0.20301,0.43862,0.04642,0.41425,0.80009,0.07594,0.24725,0.81838,0.0738,0.54705,1.28392,0.13876,0.24099,1.32228,0.02103,0.60314,1.01724,0.0507,0.10965,1.09028,0.22687,0.67173,1.12751,0.1204,0.04608,0.87507
463,0.15096,0.40586,1.38199,0.08217,0.54667,0.06635,0.04929,0.15292,0.075,0.07226,0.48179,0.43006,0.08161,0.20246,0.43902,0.04619,0.41386,0.80009,0.07539,0.24685,0.81876,0.07533,0.54757,1.28371,0.13737,0.2414,1.32273,0.02372,0.60679,1.01748,0.04863,0.10975,1.09117,0.22858,0.67259,1.13122,0.1215,0.04764,0.87658
464,0.15127,0.40615,1.38227,0.08175,0.54666,0.06634,0.04929,0.152,0.07554,0.07107,0.48054,0.42979,0.08157,0.20156,0.43956,0.04594,0.41349,0.80005,0.07492,0.2465,0.81923,0.07646,0.5481,1.28349,0.13599,0.24142,1.3232,0.02696,0.61004,1.01748,0.04635,0.10981,1.09196,0.23042,0.67377,1.13486,0.12243,0.04882,0.87817
465,0.15133,0.40655,1.38251,0.08138,0.5464,0.06632,0.04926,0.15083,0.07615,0.06981,0.47929,0.42957,0.08146,0.20033,0.44019,0.04583,0.41313,0.80006,0.07443,0.24613,0.81974,0.07725,0.54869,1.28335,0.13496,0.24111,1.32371,0.0307,0.61253,1.01726,0.04411,0.10984,1.09275,0.23211,0.67537,1.13858,0.12315,0.04953,0.87984
466,0.15134,0.407,1.38262,0.08126,0.54613,0.06634,0.04904,0.14922,0.07675,0.06855,0.47812,0.42939,0.08118,0.19899,0.44076,0.0459,0.41272,0.8001,0.07393,0.24567,0.8202,0.07806,0.54925,1.28336,0.13426,0.24067,1.32427,0.03448,0.6145,1.01711,0.04216,0.1098,1.09358,0.23348,0.67711,1.14247,0.12379,0.04984,0.88155
467,0.15151,0.4073,1.38263,0.08141,0.54602,0.06644,0.04869,0.14727,0.0772,0.06744,0.47699,0.42925,0.08079,0.19769,0.44112,0.04606,0.41225,0.80015,0.0735,0.24513,0.82047,0.07921,0.54959,1.28351,0.13367,0.24025,1.32483,0.03764,0.61664,1.01738,0.04038,0.10962,1.09448,0.2345,0.67849,1.14645,0.12445,0.04997,0.88332
468,0.15189,0.40733,1.38262,0.08168,0.546,0.06658,0.04839,0.14531,0.07742,0.06658,0.47573,0.42911,0.08044,0.19644,0.44125,0.04611,0.41169,0.80018,0.07316,0.24451,0.82051,0.08064,0.54952,1.28374,0.1331,0.2398,1.32532,0.03982,0.61926,1.01819,0.03851,0.10929,1.09543,0.23527,0.67916,1.15027,0.12503,0.05009,0.88514
469,0.15236,0.40714,1.38259,0.08186,0.54585,0.0667,0.04819,0.14366,0.07744,0.06592,0.47429,0.42894,0.08022,0.19527,0.4412,0.04599,0.41103,0.80018,0.07282,0.2438,0.8204,0.08208,0.54893,1.28394,0.13262,0.23922,1.32583,0.04138,0.62194,1.01925,0.03647,0.10885,1.09652,0.23582,0.67929,1.15393,0.12538,0.05015,0.88708
470,0.15282,0.40686,1.38254,0.08183,0.54546,0.06674,0.04796,0.14241,0.07736,0.06532,0.47282,0.42873,0.07994,0.19423,0.4411,0.04584,0.41024,0.80011,0.07242,0.24297,0.82027,0.08335,0.54796,1.28396,0.13221,0.23852,1.32646,0.04302,0.6241,1.0201,0.03438,0.10829,1.09778,0.23607,0.67929,1.15764,0.12554,0.04996,0.88921
471,0.1533,0.40662,1.3825,0.08165,0.54501,0.06671,0.04749,0.14154,0.07725,0.06472,0.47146,0.42851,0.07934,0.19326,0.44101,0.04585,0.40938,0.8,0.07206,0.24205,0.82019,0.08449,0.54697,1.28378,0.13192,0.2377,1.32713,0.04504,0.62574,1.02055,0.03238,0.10744,1.0992,0.23607,0.67929,1.16153,0.12574,0.04951,0.89149
472,0.15387,0.40648,1.3824,0.08146,0.54478,0.0667,0.04676,0.14102,0.07703,0.06417,0.47039,0.4283,0.0784,0.19229,0.44087,0.04603,0.40848,0.79985,0.07193,0.2411,0.82006,0.0854,0.54614,1.28352,0.13181,0.23677,1.32777,0.04706,0.62734,1.02088,0.0307,0.10616,1.10074,0.23602,0.67904,1.16528,0.12606,0.04899,0.89372
473,0.15454,0.40638,1.38213,0.08131,0.54487,0.06669,0.04592,0.14085,0.07658,0.06371,0.46972,0.42812,0.07732,0.19143,0.44054,0.04615,0.40761,0.79967,0.07198,0.2402,0.81974,0.08594,0.54536,1.2833,0.13183,0.23581,1.32844,0.04842,0.62932,1.02141,0.02956,0.10447,1.10235,0.23602,0.67843,1.16848,0.12639,0.04856,0.89567
474,0.1552,0.4061,1.38163,0.08122,0.54505,0.06657,0.04519,0.141,0.07582,0.06337,0.46947,0.4279,0.07621,0.19086,0.43992,0.04607,0.40684,0.79938,0.07198,0.23942,0.81917,0.08623,0.54457,1.283,0.13191,0.23483,1.3291,0.04899,0.63161,1.02207,0.0289,0.10249,1.10393,0.23585,0.67774,1.17103,0.12662,0.04822,0.89724
475,0.15569,0.40545,1.38099,0.08109,0.54502,0.06629,0.04464,0.14139,0.07486,0.06323,0.46953,0.42764,0.07501,0.19063,0.43909,0.0458,0.40624,0.799,0.07166,0.23876,0.8184,0.08652,0.54386,1.2824,0.13203,0.23372,1.32955,0.04929,0.63377,1.02245,0.02835,0.10033,1.10531,0.23528,0.67731,1.17326,0.12684,0.04778,0.89854
476,0.15583,0.40439,1.38038,0.08089,0.54481,0.06598,0.04418,0.14186,0.07386,0.0633,0.46976,0.42743,0.07362,0.19055,0.43824,0.0455,0.40574,0.79865,0.07109,0.23817,0.81763,0.08683,0.54329,1.28152,0.13225,0.23223,1.32972,0.04984,0.63542,1.02232,0.02758,0.09807,1.1064,0.23431,0.67708,1.17551,0.12712,0.04689,0.89979
477,0.15553,0.40306,1.3799,0.08078,0.54468,0.06583,0.04368,0.14228,0.07299,0.06353,0.47009,0.4274,0.07205,0.19044,0.43752,0.04529,0.40509,0.79842,0.07061,0.23744,0.81699,0.08699,0.54267,1.2806,0.13261,0.23032,1.32973,0.05064,0.63652,1.02191,0.02668,0.09569,1.10729,0.23311,0.67688,1.17783,0.12744,0.04527,0.90109
478,0.15494,0.40167,1.37951,0.08079,0.54481,0.06592,0.04317,0.14259,0.07229,0.06385,0.47042,0.42754,0.07043,0.19025,0.43697,0.04512,0.40404,0.79829,0.07038,0.23635,0.81656,0.08697,0.54175,1.27981,0.13314,0.22823,1.32971,0.05131,0.63732,1.02166,0.02602,0.09309,1.10814,0.23175,0.67691,1.18012,0.1278,0.04303,0.90235
479,0.15446,0.40032,1.37915,0.08076,0.54508,0.06611,0.04275,0.14286,0.07174,0.06425,0.47062,0.42773,0.0689,0.19008,0.43656,0.04478,0.40256,0.79815,0.07025,0.23488,0.8163,0.0869,0.54036,1.27919,0.13384,0.22625,1.32964,0.05135,0.63821,1.02188,0.02581,0.09026,1.10904,0.23009,0.67747,1.18233,0.12829,0.04054,0.90351
480,0.15439,0.39901,1.37879,0.08055,0.54524,0.06623,0.0425,0.14313,0.07131,0.06471,0.47079,0.42788,0.0676,0.18997,0.43625,0.04427,0.40085,0.79789,0.07001,0.23323,0.81616,0.08686,0.53852,1.27864,0.13466,0.22453,1.32945,0.0505,0.63945,1.02264,0.02595,0.08727,1.10998,0.22804,0.67846,1.18448,0.12898,0.03804,0.90461
481,0.15471,0.39776,1.37848,0.08025,0.54518,0.06623,0.0424,0.14337,0.07098,0.06535,0.4712,0.42802,0.06662,0.18983,0.43603,0.04374,0.39915,0.79756,0.0697,0.23159,0.8161,0.08682,0.5364,1.27812,0.13545,0.22307,1.32913,0.0489,0.64105,1.02385,0.02633,0.08413,1.11093,0.22582,0.67935,1.18654,0.12987,0.03555,0.90566
482,0.15519,0.39666,1.3782,0.07998,0.54503,0.06626,0.0424,0.1434,0.07077,0.0663,0.47195,0.42829,0.06597,0.18953,0.43591,0.04332,0.39762,0.79729,0.06953,0.23013,0.8161,0.0867,0.53431,1.27774,0.13621,0.22176,1.32877,0.04696,0.64285,1.02537,0.02716,0.08074,1.11187,0.22383,0.67986,1.18842,0.13096,0.03304,0.90653
483,0.15561,0.39578,1.3779,0.07984,0.54492,0.06648,0.04247,0.14315,0.07069,0.06748,0.47285,0.42876,0.06566,0.18894,0.4359,0.04297,0.39631,0.79721,0.06961,0.2289,0.81616,0.08644,0.53252,1.27753,0.13708,0.22039,1.3285,0.04507,0.64458,1.02698,0.02857,0.07713,1.11279,0.22218,0.68019,1.19007,0.1323,0.03053,0.90716
484,0.15587,0.39508,1.37755,0.07983,0.54494,0.06686,0.0426,0.1427,0.07071,0.06861,0.4737,0.42933,0.06562,0.18813,0.43597,0.04258,0.3951,0.79725,0.06983,0.2278,0.81626,0.08599,0.531,1.27735,0.13811,0.21886,1.32838,0.04331,0.64607,1.02839,0.03037,0.07357,1.11365,0.22055,0.68061,1.19157,0.13392,0.02811,0.90767
485,0.15599,0.39442,1.37722,0.07992,0.5451,0.06723,0.04275,0.14221,0.07075,0.06951,0.47449,0.42985,0.06568,0.18726,0.43607,0.04209,0.39387,0.79723,0.06998,0.22669,0.81638,0.08531,0.52957,1.27704,0.13919,0.21724,1.32838,0.04157,0.64727,1.0295,0.03222,0.07034,1.11437,0.21867,0.68106,1.19298,0.13577,0.02586,0.90818
486,0.15606,0.39374,1.37697,0.08009,0.54532,0.06743,0.04286,0.1418,0.07078,0.07039,0.47529,0.43019,0.06568,0.18645,0.43615,0.04158,0.39254,0.79699,0.07003,0.2255,0.81649,0.08449,0.52823,1.27679,0.14022,0.21572,1.32845,0.03982,0.64826,1.03053,0.03404,0.06749,1.11495,0.2167,0.68141,1.19439,0.13775,0.02368,0.9087
487,0.15623,0.39304,1.37679,0.08023,0.54549,0.06747,0.04291,0.1415,0.07081,0.07168,0.4761,0.43037,0.06565,0.18577,0.43624,0.04119,0.39115,0.79653,0.07013,0.22426,0.81664,0.08364,0.52712,1.27693,0.14131,0.21433,1.32854,0.03819,0.64913,1.0318,0.0361,0.0648,1.11548,0.2149,0.68173,1.19595,0.13988,0.02129,0.9092
488,0.15645,0.39223,1.37657,0.08027,0.54551,0.06745,0.04293,0.14139,0.07088,0.07349,0.47685,0.43054,0.0658,0.18523,0.43635,0.04095,0.38981,0.79603,0.0704,0.2231,0.81681,0.08277,0.52623,1.27747,0.14271,0.21288,1.32863,0.03669,0.65006,1.03336,0.03861,0.06194,1.11601,0.21329,0.6821,1.19774,0.14233,0.01859,0.90967
489,0.15656,0.39122,1.3763,0.08013,0.5453,0.06757,0.04289,0.14151,0.0709,0.07553,0.47762,0.43087,0.06618,0.18476,0.43641,0.04077,0.38866,0.79569,0.07079,0.2221,0.81693,0.0818,0.52536,1.27803,0.14441,0.21124,1.32867,0.03515,0.65115,1.03503,0.04159,0.05879,1.1165,0.21176,0.68245,1.19955,0.14529,0.01577,0.91008
490,0.15656,0.3901,1.37595,0.07975,0.54484,0.06787,0.04277,0.14186,0.07079,0.0774,0.47861,0.43146,0.06656,0.18427,0.43637,0.0405,0.38771,0.79559,0.07116,0.22128,0.81691,0.08072,0.52436,1.27827,0.1461,0.20958,1.3286,0.03346,0.65245,1.0366,0.04482,0.05551,1.11687,0.21024,0.68253,1.20116,0.14874,0.0132,0.91041
491,0.15664,0.38896,1.37559,0.07918,0.54418,0.06835,0.04263,0.14236,0.07054,0.07898,0.47995,0.4323,0.06679,0.18375,0.43621,0.03997,0.38687,0.79566,0.07145,0.22056,0.81678,0.07959,0.52323,1.27818,0.14746,0.20822,1.3284,0.03165,0.65386,1.038,0.04815,0.05234,1.11706,0.20866,0.6824,1.20259,0.15253,0.01108,0.91062
492,0.1569,0.38793,1.37519,0.07859,0.54337,0.06894,0.04258,0.14292,0.07023,0.08038,0.48158,0.43331,0.0669,0.18343,0.43599,0.03904,0.38599,0.79576,0.07167,0.21987,0.81659,0.07844,0.52209,1.27802,0.14844,0.20739,1.32806,0.02971,0.65514,1.03934,0.05174,0.04945,1.11704,0.20684,0.6826,1.20398,0.1567,0.00935,0.91067
493,0.15719,0.38716,1.37473,0.07816,0.54251,0.06959,0.04263,0.14345,0.06994,0.08179,0.48341,0.4344,0.06703,0.18346,0.43575,0.0378,0.385,0.79578,0.07185,0.21914,0.81642,0.07732,0.52108,1.27811,0.14918,0.20702,1.32762,0.02756,0.65607,1.04073,0.05587,0.04686,1.11674,0.20468,0.68376,1.20533,0.16144,0.00771,0.91049
494,0.15728,0.38679,1.37421,0.07804,0.54174,0.07021,0.04279,0.14383,0.06969,0.08333,0.48539,0.43543,0.06728,0.18378,0.4355,0.03663,0.38395,0.79563,0.07212,0.2184,0.81626,0.07619,0.52031,1.27848,0.14996,0.20675,1.32714,0.02521,0.65675,1.04219,0.06059,0.0445,1.11615,0.20239,0.68583,1.2065,0.16676,0.00611,0.91007
495,0.15721,0.38677,1.37369,0.07822,0.54118,0.07071,0.0431,0.14403,0.06948,0.08505,0.48761,0.43632,0.06761,0.18412,0.43527,0.03588,0.383,0.79528,0.07253,0.21772,0.81613,0.07497,0.51974,1.27881,0.15104,0.20622,1.3267,0.0229,0.65764,1.04361,0.06566,0.04236,1.1153,0.20029,0.68807,1.20744,0.17246,0.00488,0.90938
496,0.15712,0.38687,1.37324,0.07852,0.54073,0.07117,0.04355,0.14413,0.06935,0.08693,0.49012,0.43717,0.0678,0.18426,0.43516,0.03557,0.38227,0.79487,0.07307,0.21723,0.81607,0.07369,0.51929,1.27878,0.15242,0.20545,1.32625,0.02072,0.65898,1.04484,0.07091,0.04045,1.11422,0.19839,0.68995,1.20826,0.17848,0.00447,0.90843
497,0.15702,0.38691,1.37283,0.07885,0.5402,0.07182,0.04395,0.14414,0.06937,0.08889,0.49275,0.4382,0.06779,0.18415,0.43521,0.03535,0.38176,0.79461,0.07371,0.21695,0.81613,0.07236,0.51887,1.2785,0.15385,0.20476,1.32565,0.0184,0.66047,1.04595,0.07639,0.03877,1.11287,0.19629,0.69185,1.20905,0.18495,0.00497,0.90724
498,0.1569,0.38689,1.37245,0.07922,0.53954,0.07278,0.04415,0.14401,0.0695,0.09078,0.49512,0.43949,0.06784,0.18388,0.43537,0.03489,0.38131,0.79466,0.07441,0.21679,0.81627,0.07081,0.51845,1.27836,0.15522,0.20446,1.32486,0.01557,0.66165,1.04708,0.08234,0.03736,1.11134,0.19362,0.69443,1.20974,0.19205,0.00609,0.90591
499,0.1568,0.38702,1.37212,0.07963,0.53887,0.07395,0.04409,0.14379,0.06966,0.09248,0.49704,0.44093,0.06824,0.18361,0.4355,0.03411,0.3808,0.7949,0.07513,0.21663,0.81638,0.06877,0.51798,1.27856,0.15672,0.20473,1.32405,0.01217,0.66235,1.04834,0.08897,0.03649,1.10973,0.19042,0.69789,1.21019,0.1999,0.00764,0.9046
500,0.15667,0.38754,1.37187,0.08005,0.53834,0.07515,0.04388,0.14374,0.0697,0.09402,0.49883,0.44234,0.06887,0.18348,0.4355,0.03327,0.38032,0.79516,0.07587,0.21652,0.81637,0.06635,0.51742,1.27898,0.15866,0.2056,1.32337,0.00856,0.66284,1.04972,0.0963,0.03653,1.10807,0.18717,0.70189,1.21036,0.20842,0.00972,0.90332
501,0.15632,0.38845,1.37167,0.08051,0.538,0.07623,0.04365,0.14405,0.06957,0.09543,0.50094,0.44365,0.06936,0.18348,0.43535,0.03269,0.38005,0.79531,0.07667,0.21658,0.81622,0.06408,0.51686,1.27931,0.16104,0.20682,1.32292,0.00511,0.66348,1.05112,0.10411,0.03751,1.1063,0.18441,0.70598,1.21012,0.21726,0.01257,0.90188
502,0.15557,0.38954,1.37148,0.08111,0.53772,0.07717,0.04344,0.14461,0.06931,0.09677,0.50358,0.44484,0.06941,0.18357,0.43513,0.03247,0.38004,0.7953,0.07757,0.21684,0.81596,0.06232,0.51659,1.27944,0.16351,0.20795,1.32263,0.00197,0.66441,1.05238,0.11216,0.03908,1.10429,0.18232,0.7101,1.20929,0.22605,0.01636,0.90002
503,0.15441,0.39064,1.37131,0.08198,0.53738,0.07802,0.04327,0.14512,0.06905,0.0981,0.50663,0.44596,0.06906,0.18374,0.43491,0.0326,0.38015,0.79514,0.07871,0.21722,0.81569,0.06089,0.51678,1.27954,0.16569,0.20878,1.32237,-0.00093,0.66541,1.05341,0.1203,0.04082,1.10201,0.18067,0.71457,1.20781,0.23469,0.0212,0.8977
504,0.15301,0.39173,1.37123,0.0832,0.537,0.07884,0.04319,0.14534,0.06895,0.09943,0.50983,0.44706,0.06863,0.18412,0.43482,0.03299,0.38028,0.79494,0.08021,0.21767,0.81554,0.05937,0.51732,1.27988,0.16749,0.20952,1.32201,-0.00369,0.66612,1.05421,0.1285,0.04266,1.0996,0.179,0.71976,1.20581,0.24335,0.0271,0.8952
505,0.15165,0.39286,1.37125,0.0848,0.53668,0.07965,0.04327,0.14528,0.06909,0.10064,0.51288,0.44812,0.06842,0.18477,0.4349,0.03344,0.38041,0.79475,0.08193,0.21821,0.81557,0.05764,0.51794,1.28057,0.16906,0.21063,1.32152,-0.00645,0.66634,1.05492,0.13673,0.04485,1.09725,0.17705,0.72569,1.20338,0.25221,0.0339,0.8929
506,0.15047,0.39414,1.37123,0.08676,0.53651,0.08041,0.04347,0.14507,0.06936,0.10173,0.51563,0.44909,0.0685,0.18549,0.43507,0.03373,0.3806,0.79458,0.08358,0.21885,0.81569,0.05577,0.51838,1.2814,0.17061,0.21236,1.32091,-0.00942,0.66615,1.05566,0.14505,0.04767,1.09497,0.17483,0.73208,1.20036,0.26137,0.04155,0.8909
507,0.14942,0.39577,1.37104,0.08899,0.53655,0.08109,0.04369,0.14491,0.06954,0.10289,0.51809,0.44995,0.06874,0.18599,0.43518,0.03387,0.38093,0.79439,0.08513,0.21965,0.81572,0.05381,0.51857,1.28195,0.17231,0.21459,1.32018,-0.01291,0.66585,1.05633,0.15348,0.05123,1.09262,0.17227,0.73866,1.19647,0.27078,0.05045,0.88901
508,0.14823,0.39782,1.37077,0.09142,0.53674,0.08172,0.04384,0.14486,0.06951,0.10431,0.52038,0.45071,0.06891,0.18626,0.43512,0.03404,0.38145,0.79419,0.08684,0.22067,0.81551,0.05161,0.51873,1.28202,0.17415,0.21694,1.31934,-0.01727,0.66549,1.05672,0.16185,0.05541,1.09003,0.16906,0.74545,1.19133,0.28025,0.06099,0.88714
509,0.14669,0.40006,1.37058,0.09396,0.53707,0.0823,0.04388,0.14488,0.06927,0.10594,0.52264,0.45141,0.06889,0.18658,0.43485,0.03441,0.38212,0.79398,0.08891,0.22187,0.81506,0.04899,0.51905,1.28203,0.17595,0.21916,1.31852,-0.02257,0.66464,1.0568,0.16998,0.06019,1.08718,0.16497,0.75268,1.18453,0.28968,0.07298,0.88538
510,0.14487,0.40203,1.37055,0.09662,0.5376,0.08285,0.04383,0.14499,0.06894,0.10761,0.52501,0.45205,0.06878,0.18712,0.43448,0.03501,0.3828,0.79369,0.09134,0.22314,0.81448,0.04599,0.51921,1.2825,0.17759,0.22128,1.31793,-0.02836,0.66268,1.05681,0.17806,0.06578,1.08417,0.15995,0.76072,1.17582,0.29927,0.08589,0.88387
511,0.14299,0.40346,1.3706,0.0995,0.53835,0.0833,0.04367,0.14531,0.06869,0.10919,0.52751,0.45259,0.06876,0.18784,0.43417,0.03579,0.38341,0.79328,0.09395,0.2244,0.81395,0.04302,0.51875,1.28342,0.17914,0.2234,1.31771,-0.03406,0.65957,1.05699,0.18647,0.07247,1.08107,0.15398,0.76982,1.16524,0.30948,0.09961,0.88271
512,0.14115,0.40454,1.3706,0.10268,0.53924,0.08358,0.04343,0.14582,0.06858,0.11077,0.53013,0.45296,0.06902,0.18859,0.434,0.03675,0.38409,0.79268,0.09657,0.22572,0.81356,0.04054,0.51786,1.2844,0.18066,0.22565,1.31767,-0.03941,0.65604,1.05733,0.19529,0.0803,1.0779,0.14707,0.77963,1.15316,0.3204,0.11465,0.88199
513,0.13926,0.40575,1.37042,0.10608,0.54029,0.08362,0.04321,0.14628,0.06858,0.11253,0.53291,0.45307,0.06965,0.18927,0.43391,0.03799,0.38506,0.79189,0.0991,0.22725,0.81325,0.03851,0.51738,1.28508,0.18209,0.22821,1.31747,-0.04451,0.653,1.05757,0.20422,0.08899,1.07466,0.13946,0.78919,1.14028,0.3315,0.13161,0.88179
514,0.13727,0.40732,1.37007,0.10956,0.54157,0.08346,0.04314,0.1465,0.0686,0.1146,0.53601,0.45296,0.07057,0.18984,0.43382,0.03958,0.38641,0.79091,0.10164,0.22906,0.8129,0.03638,0.51783,1.28546,0.18342,0.23125,1.31692,-0.04944,0.65066,1.05735,0.21271,0.09832,1.07136,0.13154,0.79768,1.12706,0.34202,0.15059,0.88226
515,0.13522,0.40907,1.36969,0.11312,0.54306,0.08325,0.04329,0.14656,0.0685,0.11701,0.53945,0.45279,0.07163,0.19035,0.43359,0.04146,0.38804,0.78982,0.10434,0.23109,0.81237,0.03378,0.51897,1.28571,0.1848,0.23479,1.31617,-0.05408,0.64842,1.05643,0.22041,0.10829,1.06806,0.12321,0.80522,1.11313,0.35154,0.17121,0.88351
516,0.13307,0.41077,1.36944,0.11689,0.54454,0.08312,0.04359,0.1466,0.06819,0.11971,0.54316,0.45268,0.07279,0.19099,0.43314,0.04348,0.38982,0.78868,0.10733,0.23332,0.81158,0.03078,0.52022,1.28585,0.18637,0.23869,1.31556,-0.05842,0.64563,1.05485,0.22757,0.11899,1.06496,0.1135,0.81259,1.09733,0.36022,0.19333,0.88582
517,0.13078,0.41253,1.36934,0.1209,0.54574,0.08304,0.04391,0.14661,0.06782,0.12257,0.54707,0.45261,0.07409,0.19195,0.43257,0.04552,0.39177,0.78752,0.11067,0.23584,0.81065,0.02755,0.5214,1.28571,0.18804,0.24271,1.31536,-0.06282,0.64238,1.05281,0.23484,0.13043,1.06232,0.10157,0.81999,1.07851,0.36846,0.21724,0.88962
518,0.12833,0.41467,1.36926,0.12506,0.54658,0.0829,0.04415,0.14654,0.06765,0.12545,0.55113,0.45245,0.07563,0.19318,0.43213,0.04757,0.3941,0.78635,0.11438,0.23892,0.80977,0.02395,0.52271,1.28512,0.18956,0.2467,1.31567,-0.06801,0.63926,1.05059,0.24268,0.14263,1.06038,0.08764,0.82627,1.05666,0.37624,0.24288,0.89507
519,0.12565,0.4172,1.36913,0.12923,0.54718,0.08255,0.04433,0.14642,0.06774,0.1283,0.55522,0.45204,0.07753,0.19452,0.43188,0.04975,0.39683,0.78515,0.1185,0.24257,0.809,0.01987,0.52408,1.28393,0.19081,0.25079,1.31664,-0.07455,0.63649,1.04836,0.25069,0.15584,1.0593,0.07212,0.83013,1.03327,0.38294,0.26947,0.90178
520,0.12252,0.41971,1.36896,0.13329,0.54773,0.08204,0.04445,0.14626,0.06793,0.13106,0.55937,0.45143,0.07993,0.19597,0.43164,0.05207,0.3996,0.78377,0.12314,0.24648,0.80818,0.0154,0.52502,1.28209,0.19186,0.25518,1.31842,-0.08218,0.63329,1.04587,0.25805,0.17032,1.05911,0.05466,0.83137,1.01017,0.38802,0.29607,0.90908
521,0.11878,0.42194,1.36881,0.13706,0.54823,0.08149,0.04456,0.14597,0.06807,0.1338,0.56369,0.45074,0.08285,0.19775,0.4312,0.05448,0.40203,0.78209,0.12823,0.2503,0.80722,0.01058,0.52514,1.27994,0.19285,0.26004,1.32073,-0.08955,0.62828,1.04249,0.26451,0.1859,1.05959,0.0348,0.8303,0.98809,0.39164,0.32241,0.9167
522,0.11463,0.42404,1.36871,0.14039,0.54843,0.081,0.04471,0.14552,0.06823,0.13663,0.56812,0.45004,0.08618,0.20001,0.43061,0.05699,0.4041,0.78015,0.13362,0.25395,0.80617,0.00529,0.52464,1.27817,0.19367,0.26547,1.32287,-0.09521,0.62063,1.03789,0.2706,0.20203,1.06041,0.01297,0.82664,0.96654,0.3943,0.34897,0.92506
523,0.11039,0.42624,1.36865,0.14324,0.54822,0.08051,0.04493,0.14519,0.06852,0.13955,0.57245,0.44928,0.08985,0.20258,0.43005,0.05961,0.40617,0.77819,0.13916,0.25773,0.8052,-0.0005,0.52401,1.27705,0.19416,0.27153,1.32438,-0.09922,0.61095,1.03263,0.27676,0.21844,1.06135,-0.00945,0.81949,0.94497,0.39611,0.37632,0.93469
524,0.10614,0.42854,1.36866,0.14566,0.54785,0.07996,0.0452,0.14522,0.06896,0.14243,0.57664,0.4484,0.09408,0.2052,0.42955,0.06228,0.40868,0.77639,0.14475,0.262,0.80427,-0.00653,0.52359,1.27615,0.1945,0.27818,1.3255,-0.10356,0.60072,1.02778,0.28282,0.23546,1.06244,-0.03126,0.80857,0.92383,0.39664,0.4046,0.94561
525,0.10171,0.4308,1.36878,0.14761,0.5476,0.07932,0.04559,0.14551,0.06951,0.14518,0.58092,0.44739,0.09916,0.2078,0.42904,0.06503,0.41182,0.7748,0.15046,0.26696,0.8033,-0.01254,0.52345,1.27498,0.19509,0.28527,1.32675,-0.10988,0.59081,1.02392,0.28856,0.25323,1.06395,-0.05241,0.79488,0.90439,0.39572,0.43317,0.95741
526,0.09691,0.43307,1.36895,0.1489,0.54752,0.07861,0.04644,0.14577,0.07022,0.1479,0.5854,0.44624,0.10525,0.2106,0.42848,0.06803,0.41556,0.77333,0.15651,0.27263,0.80229,-0.01862,0.5233,1.27366,0.19584,0.2926,1.32826,-0.11773,0.58111,1.02091,0.29411,0.27124,1.06612,-0.07292,0.77971,0.88756,0.39389,0.46094,0.96984
527,0.0917,0.43538,1.36907,0.14933,0.54743,0.07774,0.04793,0.14579,0.07127,0.15064,0.58991,0.44487,0.11248,0.21375,0.42796,0.07134,0.41986,0.77199,0.16299,0.27902,0.80131,-0.02519,0.52268,1.27238,0.19629,0.29998,1.3298,-0.12555,0.57099,1.01814,0.29949,0.2888,1.06894,-0.09195,0.76363,0.87324,0.39163,0.48706,0.98284
528,0.08631,0.43763,1.36907,0.1489,0.5472,0.07652,0.0499,0.14556,0.07281,0.15317,0.59403,0.4431,0.12104,0.21721,0.42752,0.07472,0.42484,0.77087,0.16961,0.28622,0.80046,-0.03268,0.52111,1.27103,0.19626,0.30749,1.33122,-0.13244,0.55989,1.01492,0.30422,0.30557,1.07206,-0.1086,0.74664,0.86068,0.38895,0.51113,0.99602
529,0.08097,0.43961,1.36903,0.14784,0.54687,0.07484,0.05199,0.1451,0.07515,0.15503,0.59743,0.44087,0.13127,0.22086,0.42727,0.0778,0.43049,0.77009,0.17602,0.29425,0.79985,-0.04104,0.51849,1.2694,0.19607,0.31534,1.33264,-0.13841,0.54759,1.0111,0.30787,0.32146,1.07517,-0.12291,0.72876,0.84933,0.38575,0.533,1.00883
530,0.07564,0.44127,1.36904,0.14673,0.54649,0.07288,0.05414,0.14438,0.07868,0.15598,0.60026,0.43841,0.14331,0.22477,0.42739,0.08042,0.43652,0.76962,0.18219,0.30297,0.79965,-0.04963,0.51516,1.26757,0.19574,0.32352,1.3342,-0.14381,0.53413,1.00715,0.31068,0.33634,1.07836,-0.13546,0.71015,0.83928,0.38237,0.55261,1.02088
531,0.07013,0.44269,1.36919,0.1464,0.54611,0.07115,0.0569,0.14337,0.08372,0.15626,0.60302,0.43619,0.1571,0.22923,0.4281,0.08272,0.44248,0.76941,0.18831,0.31208,0.80008,-0.05775,0.51153,1.26573,0.19479,0.33183,1.33595,-0.14886,0.51969,1.00367,0.31328,0.35025,1.08208,-0.14638,0.69106,0.83087,0.3794,0.57007,1.03185
532,0.06425,0.44395,1.36948,0.14723,0.54587,0.07009,0.0611,0.14218,0.09036,0.15637,0.60613,0.4346,0.17255,0.23464,0.42954,0.08496,0.4482,0.76953,0.19448,0.32136,0.8013,-0.06522,0.50765,1.26392,0.19284,0.33994,1.33789,-0.15351,0.5048,1.00079,0.31597,0.36348,1.08667,-0.15536,0.6722,0.82413,0.37743,0.58571,1.04137
533,0.05798,0.44506,1.36987,0.14875,0.54595,0.06973,0.06737,0.14112,0.09856,0.15662,0.60961,0.4337,0.18973,0.24125,0.43175,0.08724,0.45393,0.77011,0.20059,0.33087,0.80331,-0.0724,0.50341,1.26204,0.19012,0.34749,1.33999,-0.15761,0.49023,0.99819,0.3188,0.37635,1.09213,-0.16235,0.65468,0.81884,0.37677,0.59996,1.04913
534,0.05148,0.44602,1.37028,0.15003,0.5463,0.06973,0.07619,0.14016,0.10822,0.15699,0.61317,0.43315,0.20868,0.24905,0.43472,0.08943,0.46007,0.7711,0.20637,0.34087,0.80589,-0.07962,0.49877,1.26001,0.18731,0.35425,1.34221,-0.16108,0.47655,0.99559,0.32176,0.3888,1.09816,-0.16776,0.63949,0.81492,0.3777,0.61291,1.05506
535,0.04512,0.44683,1.37066,0.15051,0.5467,0.06974,0.08793,0.13891,0.11909,0.1573,0.61662,0.43258,0.22917,0.25806,0.43825,0.09115,0.46665,0.77221,0.2115,0.35139,0.80864,-0.08669,0.49375,1.258,0.18483,0.36036,1.34441,-0.16393,0.46382,0.99308,0.32473,0.40043,1.10431,-0.17229,0.62685,0.81257,0.38053,0.6242,1.05929
536,0.03935,0.44749,1.37099,0.1502,0.54702,0.06966,0.1027,0.13702,0.13093,0.1574,0.61999,0.43189,0.25077,0.26861,0.44201,0.09213,0.47332,0.77313,0.21579,0.36215,0.81111,-0.09305,0.48837,1.25634,0.18257,0.36633,1.34634,-0.16616,0.45179,0.99108,0.32758,0.41079,1.11008,-0.17665,0.61608,0.81182,0.38562,0.63335,1.06194
537,0.03442,0.44793,1.37125,0.14949,0.54734,0.06967,0.12015,0.13482,0.14395,0.15717,0.62351,0.43123,0.27328,0.28111,0.44587,0.09237,0.4798,0.77382,0.2194,0.37296,0.81312,-0.09833,0.48279,1.25529,0.18028,0.37267,1.34772,-0.16786,0.4404,0.98993,0.33036,0.4198,1.11517,-0.18138,0.60627,0.81234,0.39292,0.64023,1.06308
538,0.0302,0.44812,1.37147,0.14875,0.54772,0.06988,0.13968,0.13327,0.15893,0.15632,0.62722,0.43073,0.2968,0.29584,0.4503,0.09218,0.48598,0.77447,0.22274,0.38394,0.81493,-0.10268,0.47726,1.25474,0.17804,0.37951,1.34846,-0.16917,0.42993,0.98944,0.33327,0.42763,1.11951,-0.18655,0.5974,0.81369,0.40164,0.64511,1.06258
539,0.02629,0.44804,1.37162,0.14818,0.54804,0.07019,0.1607,0.13328,0.1767,0.1546,0.63078,0.43033,0.32116,0.31294,0.45596,0.09193,0.49178,0.77525,0.22618,0.39524,0.81708,-0.10655,0.47178,1.25424,0.17608,0.38652,1.34876,-0.17039,0.42095,0.98894,0.33623,0.43439,1.12318,-0.1918,0.59041,0.81555,0.41056,0.64826,1.06033
540,0.02248,0.44777,1.37169,0.14786,0.54815,0.07035,0.18262,0.13497,0.19755,0.15214,0.63371,0.42987,0.34551,0.33249,0.46299,0.09184,0.49719,0.77619,0.22977,0.40681,0.81977,-0.11037,0.46611,1.25345,0.17445,0.39311,1.34886,-0.17188,0.41379,0.98788,0.33895,0.43992,1.1262,-0.19656,0.58618,0.81786,0.41909,0.64947,1.05634
541,0.01888,0.44742,1.37168,0.14785,0.54813,0.07024,0.20512,0.13801,0.22116,0.14938,0.63579,0.42927,0.36873,0.35446,0.47095,0.09189,0.50222,0.77722,0.23327,0.41835,0.82276,-0.11424,0.4602,1.25247,0.17302,0.39873,1.34874,-0.17379,0.40832,0.98637,0.34119,0.44408,1.12854,-0.20041,0.58478,0.82089,0.42777,0.64828,1.05094
542,0.01562,0.4471,1.37161,0.14803,0.5482,0.06999,0.22825,0.14255,0.24699,0.14679,0.6373,0.42867,0.39026,0.3786,0.47947,0.09195,0.50673,0.77818,0.23633,0.42939,0.82578,-0.11795,0.4544,1.25168,0.17166,0.40316,1.34824,-0.17597,0.40426,0.98491,0.34296,0.44698,1.13015,-0.20317,0.58581,0.82512,0.43767,0.64432,1.04469
543,0.01254,0.44685,1.37145,0.14805,0.54839,0.0699,0.25229,0.14932,0.27466,0.14445,0.63866,0.42827,0.41038,0.40446,0.48894,0.09184,0.51039,0.77898,0.23873,0.43944,0.82883,-0.12126,0.44914,1.25132,0.17025,0.40646,1.34725,-0.17804,0.40158,0.98381,0.34435,0.4488,1.13109,-0.20504,0.58905,0.83097,0.44928,0.63739,1.03814
544,0.0094,0.44666,1.37118,0.14759,0.54856,0.07012,0.27761,0.15894,0.30388,0.14206,0.63994,0.42818,0.42968,0.43164,0.50015,0.09154,0.5132,0.77975,0.24047,0.44853,0.832,-0.12408,0.44461,1.25131,0.16868,0.40889,1.34589,-0.17982,0.40059,0.98298,0.34542,0.44945,1.13154,-0.20652,0.59468,0.83858,0.46186,0.62726,1.03134
545,0.00634,0.44642,1.37086,0.14675,0.54854,0.07039,0.30448,0.17181,0.3342,0.13932,0.64062,0.42824,0.44847,0.46015,0.51348,0.09116,0.51563,0.78077,0.24187,0.45718,0.83522,-0.12657,0.44074,1.25139,0.16697,0.41065,1.34435,-0.1819,0.40169,0.98221,0.34627,0.44855,1.13165,-0.208,0.60286,0.84774,0.474,0.6138,1.02398
546,0.00382,0.44602,1.3706,0.14603,0.54828,0.07038,0.33266,0.18825,0.36506,0.13632,0.64028,0.4282,0.46653,0.49045,0.52865,0.09089,0.51825,0.78212,0.24327,0.46588,0.8381,-0.12888,0.43748,1.2513,0.16536,0.41194,1.34276,-0.18532,0.40504,0.98147,0.34701,0.44582,1.13138,-0.2094,0.61337,0.85796,0.4848,0.5972,1.016
547,0.00201,0.4455,1.37042,0.14582,0.54785,0.06996,0.3616,0.20835,0.39604,0.13336,0.63914,0.42787,0.48318,0.52288,0.54537,0.09086,0.5212,0.78354,0.24477,0.47457,0.84039,-0.13101,0.43489,1.25094,0.164,0.41306,1.34124,-0.19062,0.41045,0.98095,0.34762,0.44136,1.13075,-0.21027,0.6256,0.86888,0.49424,0.57777,1.00782
548,0.00068,0.445,1.37027,0.146,0.54729,0.06926,0.391,0.23155,0.42681,0.13079,0.63789,0.42724,0.49781,0.55689,0.56375,0.0912,0.52446,0.78471,0.24634,0.48289,0.84212,-0.13283,0.43302,1.2505,0.16285,0.41423,1.33989,-0.19723,0.41757,0.98095,0.34805,0.43566,1.12996,-0.21026,0.63894,0.88065,0.5026,0.55575,0.99993
549,-0.00032,0.44457,1.37012,0.14624,0.54662,0.06839,0.42093,0.25676,0.45691,0.12902,0.63711,0.42631,0.51023,0.59124,0.58401,0.09214,0.52793,0.78539,0.24807,0.49051,0.8435,-0.13434,0.43193,1.25029,0.16184,0.41538,1.33862,-0.20401,0.42627,0.98166,0.3483,0.42899,1.12916,-0.20929,0.6532,0.89386,0.5098,0.53136,0.99259
550,-0.00078,0.44412,1.36995,0.1464,0.54592,0.06748,0.4515,0.28327,0.48589,0.12831,0.63691,0.42523,0.52029,0.62504,0.6062,0.09376,0.53141,0.78563,0.2501,0.49728,0.8447,-0.13565,0.43169,1.25044,0.16116,0.4161,1.33717,-0.21028,0.43658,0.98314,0.34851,0.42104,1.12811,-0.20733,0.66838,0.909,0.51531,0.50521,0.98561
551,-0.0005,0.44359,1.36976,0.14661,0.54529,0.06679,0.48249,0.3113,0.51374,0.1285,0.63706,0.42434,0.52741,0.65824,0.63046,0.09583,0.53474,0.78583,0.25227,0.50323,0.84605,-0.13673,0.43235,1.25087,0.16121,0.41609,1.33524,-0.21631,0.44828,0.98543,0.34877,0.41115,1.12638,-0.20415,0.68398,0.926,0.51885,0.47821,0.97877
552,0.00043,0.44309,1.36942,0.14695,0.54481,0.06649,0.51296,0.34162,0.54064,0.12908,0.63715,0.4239,0.53093,0.69106,0.65716,0.09798,0.53817,0.78647,0.25428,0.50883,0.84813,-0.13742,0.43371,1.25142,0.16202,0.4152,1.33286,-0.22285,0.46084,0.98872,0.34887,0.39897,1.12393,-0.19955,0.69896,0.94415,0.5207,0.45087,0.97229
553,0.00181,0.44276,1.36873,0.14719,0.54452,0.06646,0.54185,0.3749,0.56642,0.12954,0.63687,0.42388,0.53075,0.72343,0.6865,0.10011,0.54216,0.78772,0.25596,0.51489,0.85146,-0.13767,0.43536,1.25189,0.16304,0.41343,1.3304,-0.23062,0.47385,0.99319,0.34832,0.3848,1.1214,-0.19346,0.71239,0.96239,0.52086,0.42276,0.96648
554,0.00357,0.44261,1.3676,0.14707,0.54442,0.06644,0.56908,0.41143,0.59051,0.1298,0.63607,0.42405,0.52751,0.75483,0.71842,0.10243,0.54692,0.78946,0.25739,0.5219,0.8562,-0.1377,0.4371,1.25215,0.16356,0.41097,1.32824,-0.23972,0.48756,0.99898,0.34677,0.36928,1.11962,-0.18571,0.7241,0.97982,0.51893,0.39253,0.96139
555,0.00575,0.44254,1.36607,0.1467,0.54439,0.06636,0.59567,0.4514,0.61264,0.13012,0.63481,0.42432,0.52194,0.78449,0.75275,0.10511,0.55222,0.79143,0.25871,0.52961,0.86208,-0.13775,0.43907,1.25231,0.16347,0.40836,1.32639,-0.24913,0.50256,1.00612,0.34435,0.35307,1.1189,-0.17637,0.7346,0.99605,0.51471,0.35867,0.95716
556,0.00845,0.44244,1.36417,0.14649,0.54436,0.06638,0.6226,0.49536,0.6333,0.13066,0.63337,0.42473,0.51406,0.81159,0.78896,0.10797,0.55758,0.79346,0.25982,0.53729,0.86846,-0.13774,0.44161,1.25283,0.1633,0.40613,1.32444,-0.25711,0.51901,1.01449,0.34146,0.33654,1.11892,-0.16634,0.74481,1.01139,0.50868,0.32126,0.95454
557,0.01166,0.44238,1.36184,0.14665,0.54447,0.06667,0.64955,0.54393,0.65344,0.13128,0.63225,0.42535,0.50364,0.83548,0.82583,0.1107,0.5627,0.79542,0.26067,0.54428,0.87457,-0.13715,0.44513,1.25404,0.16371,0.40427,1.32196,-0.26237,0.53656,1.02381,0.33816,0.31945,1.11898,-0.15672,0.7558,1.02661,0.50137,0.28252,0.95402
558,0.01528,0.44252,1.35901,0.14715,0.54486,0.06724,0.67487,0.59722,0.6739,0.13206,0.63191,0.42611,0.49105,0.85581,0.86192,0.11338,0.56768,0.79724,0.26153,0.55052,0.88002,-0.1356,0.44975,1.25563,0.16494,0.40226,1.31893,-0.26469,0.55485,1.03351,0.33373,0.30154,1.11845,-0.14757,0.76803,1.04215,0.49211,0.24461,0.95447
559,0.01918,0.44297,1.35577,0.1481,0.54534,0.06809,0.69626,0.65436,0.69543,0.13341,0.63247,0.42695,0.47743,0.87277,0.89649,0.11641,0.57289,0.79895,0.26276,0.55655,0.88503,-0.13326,0.45512,1.25691,0.16646,0.3996,1.31563,-0.26472,0.57351,1.04302,0.32782,0.28354,1.11734,-0.13793,0.78073,1.05771,0.47935,0.20839,0.95423
560,0.02334,0.4437,1.35229,0.14966,0.54568,0.06925,0.712,0.71406,0.71864,0.13558,0.63373,0.42791,0.46385,0.88693,0.92969,0.11981,0.57855,0.80064,0.26428,0.5632,0.89001,-0.13063,0.46062,1.25756,0.16762,0.39619,1.31242,-0.2635,0.59212,1.05238,0.32151,0.26669,1.11652,-0.12661,0.79233,1.07276,0.46298,0.17354,0.95367
561,0.02776,0.44477,1.34866,0.15191,0.546,0.07078,0.72162,0.77584,0.74379,0.13834,0.63563,0.42907,0.45055,0.89875,0.96156,0.12303,0.58462,0.80241,0.2656,0.57077,0.89502,-0.128,0.46597,1.25773,0.16839,0.39235,1.30956,-0.262,0.61075,1.06246,0.31581,0.25162,1.11646,-0.11295,0.80157,1.08711,0.44465,0.13954,0.95505
562,0.03236,0.44632,1.34493,0.15481,0.54659,0.07276,0.7253,0.84004,0.77109,0.14114,0.63843,0.43048,0.43744,0.90803,0.99137,0.12562,0.59085,0.80426,0.26641,0.57854,0.89977,-0.12537,0.47136,1.25759,0.16913,0.3885,1.30703,-0.26034,0.62997,1.0741,0.3103,0.2377,1.11688,-0.09693,0.80837,1.10071,0.42616,0.10677,0.95988
563,0.03706,0.44828,1.3413,0.15814,0.54761,0.07533,0.7229,0.90634,0.80105,0.14338,0.64255,0.43221,0.4248,0.91452,1.01804,0.12769,0.597,0.80623,0.2669,0.58543,0.90412,-0.12264,0.47698,1.25712,0.17003,0.38488,1.30453,-0.25747,0.65004,1.08707,0.30394,0.2233,1.11802,-0.07925,0.81369,1.11329,0.40829,0.07598,0.96761
564,0.04174,0.45027,1.3379,0.16176,0.54915,0.07864,0.71383,0.97342,0.83443,0.14475,0.6481,0.43432,0.41317,0.91877,1.0409,0.12959,0.60295,0.80841,0.26748,0.59113,0.90811,-0.11942,0.48286,1.25644,0.17128,0.38161,1.30195,-0.2521,0.67005,1.10023,0.29616,0.20744,1.12057,-0.06124,0.81905,1.12484,0.3903,0.04736,0.97661
565,0.04631,0.45195,1.33482,0.16564,0.55124,0.08254,0.69715,1.03992,0.87209,0.14537,0.65465,0.43677,0.40265,0.92212,1.06024,0.1314,0.6087,0.81082,0.26834,0.59636,0.91176,-0.11509,0.48915,1.25599,0.17321,0.37864,1.29966,-0.24409,0.68874,1.11257,0.28651,0.191,1.12422,-0.04404,0.82539,1.13579,0.37036,0.02112,0.98521
566,0.05078,0.45326,1.33214,0.16969,0.55376,0.08657,0.67162,1.10443,0.91481,0.14561,0.6614,0.4393,0.39282,0.92553,1.07691,0.13305,0.61417,0.81324,0.26937,0.60187,0.91501,-0.10937,0.49615,1.2561,0.17567,0.37564,1.29829,-0.23451,0.70574,1.12398,0.27528,0.17596,1.12791,-0.02769,0.83208,1.14634,0.34764,-0.00211,0.99275
567,0.05522,0.45441,1.33001,0.17351,0.55652,0.09024,0.6365,1.16385,0.96243,0.14584,0.6676,0.44165,0.38328,0.92881,1.09145,0.13457,0.61913,0.81547,0.27044,0.60732,0.91791,-0.10271,0.50376,1.25683,0.17788,0.37224,1.29809,-0.22443,0.72142,1.13496,0.26384,0.16313,1.13162,-0.01146,0.83732,1.15606,0.32385,-0.02249,1.00063
568,0.05963,0.4558,1.32844,0.17646,0.55936,0.09334,0.5936,1.21315,1.0129,0.14618,0.67285,0.44376,0.37394,0.93118,1.10374,0.1362,0.62323,0.81746,0.27171,0.61158,0.92039,-0.09557,0.51142,1.25819,0.17928,0.36842,1.29868,-0.21422,0.73577,1.14577,0.25304,0.15185,1.13594,0.00501,0.83981,1.16443,0.3012,-0.04065,1.01009
569,0.06402,0.45777,1.32723,0.178,0.56202,0.0959,0.54833,1.24837,1.06252,0.14649,0.67716,0.44567,0.36476,0.93261,1.11358,0.13809,0.62644,0.81927,0.27353,0.61437,0.92225,-0.08781,0.51861,1.2603,0.17996,0.36457,1.29936,-0.20356,0.74831,1.15596,0.24292,0.14139,1.14107,0.02143,0.83977,1.17165,0.2808,-0.05668,1.02047
570,0.06852,0.46015,1.32623,0.17792,0.56404,0.09796,0.50735,1.26989,1.10691,0.14649,0.68063,0.44725,0.35564,0.93405,1.1213,0.14005,0.62937,0.82081,0.27579,0.61681,0.92333,-0.07921,0.52521,1.26312,0.18049,0.36114,1.29976,-0.19204,0.7589,1.16461,0.23317,0.13126,1.14743,0.03749,0.83865,1.17834,0.26316,-0.07066,1.03105
571,0.0732,0.4622,1.32546,0.17634,0.56514,0.09944,0.47441,1.28168,1.14198,0.14605,0.6834,0.44827,0.34638,0.93612,1.12756,0.14163,0.63272,0.82194,0.2779,0.61994,0.92374,-0.07026,0.53121,1.26601,0.18161,0.35853,1.30014,-0.17968,0.76808,1.17132,0.22224,0.12139,1.15544,0.05312,0.83777,1.18479,0.2475,-0.08253,1.04144
572,0.07796,0.46331,1.3251,0.17366,0.56543,0.10031,0.45033,1.28718,1.16547,0.1452,0.68563,0.44864,0.33679,0.93777,1.13334,0.14256,0.63639,0.82251,0.27937,0.62329,0.92354,-0.06188,0.53666,1.26815,0.18349,0.35685,1.30105,-0.16725,0.77666,1.17683,0.20836,0.11334,1.16353,0.06806,0.8372,1.19092,0.23168,-0.09145,1.05069
573,0.08262,0.46377,1.32546,0.17044,0.56531,0.10065,0.43611,1.28736,1.17747,0.14388,0.68741,0.44847,0.32737,0.93703,1.13933,0.14294,0.63947,0.82252,0.28032,0.62551,0.92266,-0.0545,0.54201,1.2693,0.1855,0.35613,1.30281,-0.15593,0.78538,1.18253,0.19408,0.10911,1.16966,0.08172,0.83587,1.19679,0.21477,-0.09691,1.05855
574,0.08714,0.46454,1.32677,0.16726,0.56506,0.10055,0.4327,1.28235,1.17959,0.14202,0.68863,0.44795,0.31935,0.93308,1.14534,0.14304,0.64111,0.82205,0.28114,0.62581,0.92099,-0.04779,0.54812,1.27014,0.18715,0.35644,1.30537,-0.14633,0.79458,1.18894,0.18422,0.10762,1.17535,0.09367,0.83265,1.20251,0.19744,-0.10026,1.0666
575,0.09181,0.46634,1.32893,0.16459,0.56474,0.10004,0.43839,1.27324,1.1739,0.13985,0.68911,0.44718,0.31361,0.92698,1.15052,0.14297,0.64134,0.82125,0.28201,0.6246,0.91862,-0.04105,0.55534,1.27158,0.18895,0.35755,1.30838,-0.13786,0.804,1.19513,0.17989,0.10697,1.18207,0.10406,0.82723,1.20815,0.18103,-0.10277,1.07614
576,0.09699,0.46917,1.33155,0.16274,0.56435,0.09918,0.4489,1.26248,1.16264,0.1378,0.68892,0.44624,0.30963,0.92109,1.15432,0.1427,0.64111,0.82028,0.28265,0.6232,0.91613,-0.03398,0.56292,1.27392,0.19148,0.35907,1.31119,-0.12943,0.81288,1.20006,0.17867,0.10688,1.18846,0.11346,0.82012,1.21365,0.16731,-0.10431,1.08607
577,0.10272,0.47262,1.33419,0.16182,0.56395,0.09823,0.45988,1.25269,1.14839,0.13622,0.68843,0.44527,0.3062,0.91754,1.15677,0.14213,0.64132,0.81939,0.28264,0.62282,0.91431,-0.02701,0.56959,1.27692,0.19448,0.36085,1.31328,-0.12061,0.82045,1.20374,0.17812,0.10768,1.19302,0.12216,0.81221,1.21891,0.15676,-0.10449,1.09432
578,0.10856,0.47629,1.33676,0.16178,0.56362,0.09747,0.46896,1.24536,1.13352,0.13518,0.68788,0.44451,0.30302,0.91689,1.15762,0.14113,0.64203,0.81878,0.28192,0.62354,0.91328,-0.02084,0.57465,1.28034,0.19753,0.36302,1.31474,-0.11166,0.82638,1.20666,0.17806,0.10951,1.19565,0.13013,0.80465,1.22391,0.1493,-0.10345,1.1006
579,0.11393,0.47988,1.33956,0.16247,0.56336,0.09692,0.47516,1.24165,1.11949,0.13461,0.68708,0.44406,0.30132,0.91845,1.15595,0.13989,0.6425,0.81849,0.28116,0.6244,0.91236,-0.01565,0.57839,1.28406,0.20091,0.3655,1.31627,-0.10328,0.83082,1.20894,0.17905,0.11217,1.19722,0.13714,0.79837,1.22835,0.14499,-0.10143,1.10541
580,0.11848,0.4833,1.34279,0.16373,0.56305,0.09634,0.47826,1.24264,1.10676,0.13441,0.68565,0.44376,0.30281,0.92129,1.15114,0.13905,0.64211,0.81832,0.28108,0.62445,0.91111,-0.01117,0.58158,1.28793,0.20502,0.36801,1.31833,-0.09632,0.8341,1.21026,0.18061,0.11514,1.1988,0.14271,0.7936,1.23173,0.1433,-0.09846,1.10826
581,0.12235,0.48669,1.34628,0.1653,0.56247,0.09555,0.47948,1.24751,1.095,0.13449,0.6834,0.44342,0.30791,0.92471,1.14377,0.13888,0.64094,0.81812,0.28165,0.62343,0.90979,-0.007,0.58481,1.29183,0.20954,0.37036,1.32072,-0.09118,0.83644,1.21035,0.18194,0.11805,1.2007,0.14655,0.78989,1.2338,0.14353,-0.0946,1.10841
582,0.12594,0.49015,1.34979,0.16684,0.56154,0.0947,0.48119,1.25361,1.08324,0.13482,0.68044,0.44316,0.31542,0.92823,1.13485,0.13891,0.63941,0.81801,0.28223,0.62165,0.90877,-0.00289,0.58821,1.29577,0.21374,0.37268,1.32304,-0.08736,0.83805,1.20922,0.18298,0.12112,1.20222,0.14915,0.7866,1.23467,0.14588,-0.09008,1.10613
583,0.12953,0.49353,1.35333,0.16797,0.56039,0.09399,0.48494,1.25898,1.07026,0.13543,0.67697,0.44319,0.32379,0.93174,1.12465,0.13861,0.63774,0.81825,0.28259,0.61947,0.90786,0.00119,0.59182,1.29972,0.21753,0.37518,1.32503,-0.0839,0.83921,1.20696,0.18466,0.12463,1.20267,0.15137,0.78331,1.23448,0.15078,-0.08521,1.10251
584,0.13334,0.49652,1.3571,0.16855,0.55931,0.09344,0.49024,1.26334,1.05508,0.13639,0.67321,0.44356,0.33223,0.93519,1.11301,0.13805,0.6357,0.8188,0.28309,0.61708,0.90661,0.00511,0.59571,1.30354,0.22152,0.37778,1.32666,-0.08042,0.84016,1.20367,0.18796,0.12852,1.20189,0.15359,0.78009,1.23308,0.15815,-0.08008,1.09791
585,0.1374,0.49904,1.36111,0.16872,0.55837,0.09293,0.49573,1.26698,1.03731,0.13763,0.66931,0.44409,0.34079,0.93832,1.10047,0.13754,0.63307,0.81947,0.28399,0.61466,0.90496,0.00864,0.59994,1.30703,0.22599,0.38015,1.32802,-0.07759,0.84095,1.19968,0.19315,0.13243,1.20003,0.1554,0.77761,1.23027,0.16779,-0.07466,1.09193
586,0.14136,0.50131,1.3651,0.16874,0.55741,0.09239,0.50064,1.26984,1.01681,0.13896,0.66541,0.44459,0.34996,0.94088,1.0882,0.13721,0.63011,0.82004,0.28498,0.61251,0.90339,0.01139,0.6044,1.31002,0.23015,0.38212,1.32939,-0.07655,0.84149,1.19556,0.1998,0.13623,1.19732,0.15599,0.77665,1.22645,0.1795,-0.0689,1.08451
587,0.14473,0.50359,1.36877,0.16873,0.55641,0.09188,0.50497,1.27149,0.99341,0.14022,0.66167,0.445,0.35985,0.94284,1.07671,0.13699,0.62736,0.82054,0.28572,0.6107,0.90237,0.01317,0.60873,1.31256,0.23319,0.38386,1.33104,-0.07775,0.84149,1.19173,0.20721,0.14019,1.194,0.15501,0.77738,1.22253,0.19259,-0.06245,1.07595
588,0.14751,0.5059,1.372,0.16869,0.55567,0.0915,0.50907,1.27116,0.96714,0.14149,0.65837,0.44548,0.36952,0.94424,1.06542,0.13672,0.62511,0.8211,0.28613,0.60887,0.90177,0.01438,0.61227,1.31481,0.23568,0.38561,1.33283,-0.08045,0.84037,1.18822,0.21453,0.14469,1.19022,0.15304,0.77895,1.21892,0.20591,-0.05484,1.06642
589,0.15015,0.50811,1.3749,0.16866,0.55539,0.09134,0.51341,1.26796,0.93814,0.143,0.65565,0.44613,0.37781,0.94501,1.05356,0.13619,0.6233,0.82179,0.2862,0.60647,0.90121,0.01561,0.61475,1.31693,0.23876,0.38734,1.33433,-0.08333,0.83791,1.1848,0.2211,0.14959,1.18604,0.15119,0.78028,1.21508,0.21911,-0.04619,1.05611
590,0.15303,0.51018,1.3777,0.16858,0.55538,0.09125,0.51845,1.26135,0.90632,0.14475,0.65329,0.44683,0.38448,0.94515,1.04078,0.13527,0.62186,0.82251,0.28584,0.60339,0.90051,0.01699,0.61648,1.31898,0.24247,0.3889,1.33523,-0.08545,0.83453,1.18112,0.22731,0.15448,1.18147,0.15016,0.78095,1.21025,0.23311,-0.03712,1.04556
591,0.1562,0.51217,1.38058,0.16844,0.55528,0.09109,0.52423,1.2514,0.87173,0.14647,0.65092,0.4474,0.39017,0.94493,1.02703,0.13399,0.62091,0.82312,0.28493,0.60006,0.89978,0.01822,0.61788,1.32102,0.24565,0.39038,1.33572,-0.08703,0.83049,1.17691,0.23439,0.1593,1.17666,0.14974,0.78128,1.20434,0.24854,-0.02789,1.03533
592,0.15943,0.51423,1.38344,0.16852,0.55493,0.09088,0.53015,1.23847,0.83481,0.14784,0.64841,0.44784,0.39548,0.94462,1.01237,0.13248,0.62037,0.8236,0.28365,0.59697,0.89907,0.01908,0.61919,1.32297,0.24749,0.39212,1.33609,-0.08903,0.82564,1.17218,0.24263,0.16436,1.17199,0.14902,0.78195,1.19781,0.26452,-0.01779,1.02517
593,0.1623,0.51642,1.38601,0.16907,0.55447,0.09076,0.53543,1.22272,0.79616,0.14877,0.64599,0.44826,0.40085,0.94418,0.99694,0.13093,0.61989,0.82405,0.28239,0.59429,0.89819,0.01974,0.62072,1.32469,0.24828,0.39431,1.33641,-0.09207,0.82007,1.16719,0.25079,0.17011,1.16742,0.1474,0.78374,1.19105,0.28008,-0.00577,1.01438
594,0.16442,0.51862,1.38812,0.16997,0.55415,0.09081,0.53964,1.20407,0.7563,0.14938,0.64397,0.44871,0.40679,0.94333,0.98075,0.12958,0.61905,0.82448,0.28158,0.5919,0.89695,0.02056,0.62279,1.32602,0.24881,0.39679,1.3366,-0.09561,0.81432,1.1621,0.25791,0.17639,1.1629,0.14522,0.78692,1.18406,0.29551,0.00816,1.00323
595,0.16592,0.52068,1.38982,0.17086,0.55409,0.09091,0.54272,1.1826,0.71587,0.14986,0.64245,0.44916,0.41366,0.94172,0.96353,0.12863,0.6177,0.82486,0.28139,0.5895,0.8953,0.0217,0.62539,1.32691,0.24968,0.39915,1.33678,-0.09884,0.80869,1.15685,0.26448,0.18278,1.15847,0.14304,0.79063,1.17682,0.31173,0.02328,0.99252
596,0.16732,0.52245,1.39122,0.17139,0.55419,0.09097,0.54472,1.15871,0.67556,0.15032,0.64122,0.44954,0.4212,0.93914,0.9449,0.12802,0.6161,0.82516,0.28165,0.58691,0.89327,0.02317,0.62822,1.32737,0.25112,0.40115,1.33722,-0.10166,0.80303,1.15156,0.27131,0.18925,1.15415,0.14087,0.79337,1.16948,0.32878,0.03928,0.98262
597,0.16911,0.52398,1.39247,0.17157,0.5543,0.09091,0.54554,1.13283,0.63587,0.15074,0.63991,0.44983,0.42858,0.93567,0.92476,0.12747,0.61481,0.82539,0.28195,0.58416,0.8909,0.02494,0.63094,1.32752,0.25293,0.40282,1.33808,-0.10445,0.79729,1.14688,0.2785,0.19598,1.14996,0.13843,0.79456,1.16226,0.346,0.05644,0.97336
598,0.17145,0.52543,1.39368,0.17161,0.55434,0.0907,0.54464,1.10497,0.59685,0.15093,0.63832,0.45002,0.43523,0.93152,0.90337,0.12679,0.61422,0.82559,0.28198,0.58152,0.88835,0.027,0.6334,1.32757,0.25478,0.40444,1.33913,-0.10722,0.79179,1.14333,0.28567,0.20308,1.14592,0.13584,0.79508,1.15547,0.36277,0.07524,0.96447
599,0.17415,0.52691,1.39493,0.17156,0.55426,0.09041,0.5415,1.07483,0.55842,0.15081,0.63659,0.45011,0.44119,0.92687,0.881,0.12612,0.61425,0.82575,0.28191,0.57928,0.88574,0.02932,0.63553,1.32769,0.25652,0.40635,1.33992,-0.10936,0.7865,1.14055,0.29221,0.21036,1.14208,0.13367,0.79605,1.14943,0.37883,0.0958,0.9561
600,0.17687,0.52831,1.39617,0.1711,0.55402,0.09018,0.53618,1.0424,0.52074,0.15049,0.63501,0.45018,0.44674,0.92173,0.85756,0.12577,0.61456,0.82593,0.28221,0.5775,0.88293,0.03197,0.63723,1.3278,0.2584,0.40866,1.34019,-0.11052,0.78069,1.13763,0.29768,0.21729,1.13853,0.13218,0.79754,1.1442,0.39409,0.11775,0.94876
601,0.17934,0.5295,1.39724,0.16982,0.55356,0.09014,0.52921,1.00828,0.48428,0.15013,0.63381,0.45036,0.45177,0.91583,0.8328,0.12573,0.61485,0.82621,0.28298,0.57593,0.87961,0.03512,0.63849,1.32781,0.2608,0.41122,1.34006,-0.11095,0.77356,1.13425,0.30214,0.22361,1.13532,0.13105,0.79887,1.13955,0.40845,0.14053,0.94294
602,0.18171,0.5305,1.39806,0.16764,0.55298,0.09039,0.52112,0.97305,0.44958,0.14981,0.63303,0.45076,0.45584,0.90872,0.80681,0.12567,0.61502,0.82667,0.28386,0.57422,0.87569,0.0389,0.63971,1.3278,0.26383,0.41385,1.34,-0.11099,0.76516,1.13072,0.30608,0.22962,1.1324,0.1299,0.79959,1.13508,0.42166,0.16376,0.9387
603,0.18422,0.5315,1.39869,0.16493,0.55246,0.09088,0.51226,0.93678,0.4171,0.14944,0.63266,0.45132,0.45874,0.89997,0.78013,0.12554,0.61514,0.82727,0.28455,0.57207,0.87151,0.04312,0.64135,1.32788,0.26711,0.41641,1.34037,-0.11067,0.75629,1.12741,0.31003,0.23582,1.12973,0.12876,0.79985,1.13042,0.43364,0.18737,0.93585
604,0.18693,0.53273,1.39925,0.16217,0.55223,0.09141,0.5027,0.89943,0.38704,0.14892,0.63282,0.45185,0.46047,0.88938,0.75327,0.12571,0.61529,0.82784,0.28511,0.56942,0.86763,0.04701,0.64316,1.32797,0.27017,0.41885,1.34112,-0.10994,0.74791,1.1244,0.31428,0.24228,1.12734,0.12777,0.80011,1.12551,0.44453,0.21131,0.93423
605,0.18979,0.53437,1.39974,0.15973,0.55245,0.0917,0.49203,0.8615,0.35947,0.14824,0.6337,0.45205,0.46087,0.87722,0.72661,0.12633,0.61556,0.82809,0.28563,0.56653,0.86434,0.04979,0.64433,1.32799,0.27301,0.4212,1.34197,-0.10906,0.74071,1.12179,0.3189,0.24869,1.12526,0.12679,0.8008,1.12053,0.45439,0.23537,0.93374
606,0.19281,0.5364,1.40009,0.1579,0.55304,0.09167,0.47979,0.82397,0.33433,0.1476,0.63527,0.45184,0.45979,0.86406,0.70039,0.1271,0.61592,0.8279,0.28605,0.56391,0.86143,0.05155,0.64454,1.32796,0.2761,0.42355,1.34268,-0.10844,0.73478,1.11987,0.32379,0.25486,1.12338,0.12547,0.80186,1.11558,0.46308,0.25907,0.93418
607,0.19609,0.53868,1.40032,0.15693,0.55371,0.09149,0.46611,0.78767,0.31143,0.14737,0.63719,0.45139,0.45735,0.85024,0.67478,0.12774,0.61628,0.82742,0.28635,0.5618,0.85855,0.05311,0.64439,1.32793,0.27987,0.42604,1.34321,-0.10818,0.72955,1.11869,0.32866,0.26079,1.12154,0.12379,0.80277,1.11063,0.47054,0.2817,0.9354
608,0.19968,0.54108,1.4006,0.15684,0.55422,0.09137,0.45181,0.75301,0.29041,0.14783,0.63916,0.45094,0.45387,0.83552,0.64986,0.12831,0.61651,0.82687,0.28666,0.55999,0.8556,0.05511,0.6446,1.32803,0.28432,0.42879,1.34356,-0.10776,0.72438,1.1179,0.33319,0.26661,1.11964,0.1222,0.80314,1.10563,0.47679,0.30272,0.93719
609,0.20353,0.54353,1.401,0.15734,0.55449,0.09136,0.43782,0.72022,0.27076,0.14896,0.64116,0.45054,0.4495,0.81954,0.62574,0.12899,0.61648,0.82632,0.28708,0.55807,0.85259,0.0576,0.64521,1.32843,0.28917,0.43182,1.3437,-0.10658,0.71923,1.11721,0.33737,0.27251,1.1176,0.12125,0.80321,1.10058,0.48184,0.32196,0.939
610,0.20747,0.54597,1.40146,0.15797,0.55444,0.09134,0.42464,0.68956,0.25189,0.15048,0.64342,0.44997,0.44393,0.80234,0.60249,0.12989,0.61609,0.82553,0.28765,0.55581,0.84948,0.06047,0.64579,1.32917,0.29413,0.4351,1.34359,-0.10451,0.71442,1.11677,0.34154,0.27871,1.11529,0.12096,0.80352,1.09537,0.48579,0.33955,0.94006
611,0.21141,0.5484,1.40177,0.15831,0.5541,0.09115,0.41226,0.6613,0.23326,0.15208,0.64621,0.44901,0.43671,0.78423,0.58011,0.13112,0.61535,0.82428,0.28843,0.55318,0.84626,0.06385,0.64601,1.33001,0.29915,0.43861,1.34324,-0.10196,0.71001,1.1168,0.34601,0.28532,1.11274,0.1208,0.80431,1.08991,0.48891,0.35561,0.93996
612,0.21551,0.5509,1.40177,0.1582,0.55371,0.09082,0.40036,0.63569,0.21467,0.15375,0.64953,0.44773,0.42778,0.76542,0.55881,0.13275,0.61442,0.82262,0.28949,0.55034,0.8431,0.06779,0.64594,1.33059,0.30446,0.4424,1.34273,-0.09933,0.7058,1.11721,0.35072,0.29224,1.11005,0.12032,0.80529,1.08425,0.49151,0.37019,0.93883
613,0.21999,0.55366,1.40131,0.15784,0.55361,0.09043,0.38851,0.61288,0.19655,0.15563,0.65308,0.44636,0.41804,0.74608,0.53918,0.13465,0.6136,0.82082,0.29069,0.54746,0.84007,0.07197,0.64588,1.33069,0.31037,0.44648,1.34201,-0.09679,0.702,1.11758,0.35528,0.29921,1.10723,0.11964,0.80628,1.07861,0.49369,0.38341,0.93704
614,0.22497,0.55682,1.40029,0.15756,0.55387,0.08991,0.37655,0.59275,0.17954,0.15782,0.6564,0.44498,0.4088,0.72658,0.52168,0.13659,0.6131,0.819,0.29179,0.54468,0.837,0.0761,0.64627,1.33026,0.31699,0.45084,1.34091,-0.0942,0.69921,1.11756,0.3593,0.30597,1.10416,0.11916,0.80754,1.07312,0.49539,0.39508,0.93459
615,0.23049,0.56036,1.39852,0.15747,0.55423,0.08902,0.3647,0.57477,0.16367,0.16031,0.65916,0.44338,0.40043,0.70717,0.50602,0.13842,0.61285,0.817,0.29273,0.54209,0.83366,0.08039,0.64752,1.32944,0.32421,0.45543,1.33914,-0.09137,0.69765,1.11723,0.36263,0.31224,1.10071,0.11907,0.80941,1.06762,0.49657,0.4047,0.93123
616,0.23664,0.56403,1.39594,0.15736,0.55427,0.08762,0.35313,0.55849,0.14826,0.16297,0.66145,0.44127,0.39208,0.6877,0.49148,0.14014,0.61258,0.81451,0.29354,0.53962,0.82996,0.08539,0.64974,1.32832,0.33179,0.46016,1.33654,-0.08803,0.69673,1.11674,0.36542,0.31777,1.09691,0.11925,0.81179,1.06168,0.49729,0.41194,0.92674
617,0.24348,0.56765,1.39268,0.15687,0.55377,0.08581,0.34193,0.54408,0.13276,0.16563,0.66367,0.43857,0.38268,0.66808,0.4777,0.14179,0.61214,0.81139,0.29421,0.53694,0.82581,0.0913,0.65281,1.3268,0.33951,0.46474,1.33305,-0.08403,0.69566,1.11592,0.36806,0.32254,1.09265,0.11955,0.8142,1.05476,0.49763,0.41718,0.92098
618,0.25075,0.57132,1.38904,0.15596,0.55284,0.08383,0.33135,0.53234,0.11752,0.16816,0.66597,0.43546,0.37194,0.649,0.46501,0.14346,0.61167,0.80783,0.29459,0.53374,0.8213,0.09789,0.65672,1.32462,0.3472,0.46884,1.32867,-0.07939,0.69422,1.11435,0.37083,0.32679,1.08765,0.11994,0.81623,1.04638,0.4976,0.42136,0.91387
619,0.25799,0.57531,1.38518,0.15498,0.55166,0.08186,0.32185,0.52397,0.10365,0.17064,0.66824,0.43222,0.36062,0.63189,0.45416,0.14517,0.61128,0.80414,0.29453,0.52988,0.8167,0.10479,0.66153,1.32155,0.35455,0.47239,1.32342,-0.07428,0.69301,1.11182,0.3736,0.33083,1.08171,0.12055,0.81793,1.0365,0.49724,0.42501,0.90548
620,0.26506,0.57967,1.381,0.15427,0.55046,0.08008,0.31387,0.51897,0.09225,0.17321,0.67054,0.42909,0.35016,0.61803,0.44563,0.14682,0.61079,0.80051,0.29395,0.52531,0.81231,0.11179,0.66705,1.31756,0.36115,0.47554,1.3175,-0.06888,0.69299,1.10845,0.37605,0.33482,1.07501,0.12155,0.81988,1.02558,0.49674,0.42779,0.89611
621,0.27234,0.58425,1.37624,0.15392,0.54956,0.07872,0.30763,0.51664,0.08367,0.17592,0.67328,0.42628,0.34186,0.60796,0.43934,0.14815,0.60964,0.79695,0.29275,0.51985,0.80817,0.11887,0.67284,1.31274,0.36691,0.47843,1.31127,-0.06328,0.69472,1.10445,0.37788,0.33884,1.06792,0.12311,0.82258,1.01421,0.49627,0.42904,0.88609
622,0.28017,0.58898,1.3708,0.15387,0.54922,0.07791,0.30306,0.51589,0.07759,0.17873,0.67665,0.42394,0.33623,0.60131,0.43483,0.14887,0.60735,0.79343,0.29091,0.51353,0.80422,0.12613,0.67849,1.30733,0.37238,0.48109,1.30494,-0.05745,0.69777,1.10004,0.37902,0.34282,1.06068,0.12512,0.82586,1.0026,0.49569,0.42878,0.87571
623,0.28835,0.59396,1.3648,0.15409,0.54935,0.07759,0.30002,0.51565,0.07354,0.18145,0.68014,0.42217,0.33308,0.59711,0.43171,0.14884,0.60393,0.79006,0.28869,0.50686,0.80061,0.13367,0.68401,1.30167,0.37808,0.48366,1.29848,-0.05132,0.70111,1.09544,0.37962,0.34659,1.05346,0.12706,0.82919,0.99051,0.49465,0.42757,0.86524
624,0.2964,0.59926,1.35855,0.15454,0.54959,0.07743,0.2984,0.51519,0.07103,0.18377,0.68282,0.42092,0.33204,0.59432,0.42967,0.14819,0.59995,0.78709,0.28653,0.50073,0.7976,0.14143,0.68964,1.29613,0.38387,0.4865,1.29172,-0.0449,0.70417,1.0909,0.37982,0.34993,1.04645,0.12834,0.83219,0.97762,0.49294,0.42566,0.85493
625,0.30402,0.60467,1.35239,0.15498,0.54961,0.07701,0.29796,0.51433,0.06955,0.18543,0.68399,0.41995,0.3327,0.59217,0.42836,0.14727,0.59615,0.7847,0.2848,0.49582,0.79528,0.14909,0.69537,1.29095,0.38925,0.48973,1.2848,-0.03821,0.7074,1.08645,0.37963,0.3527,1.03994,0.12912,0.83474,0.9639,0.49049,0.42288,0.84501
626,0.31104,0.60972,1.3466,0.15504,0.54935,0.07618,0.29832,0.51339,0.06871,0.18636,0.68357,0.41909,0.33467,0.59032,0.42755,0.14638,0.59297,0.78298,0.28348,0.49204,0.79352,0.15639,0.7008,1.28612,0.39406,0.49297,1.27814,-0.03128,0.71143,1.08189,0.37906,0.35484,1.03417,0.13029,0.8367,0.94984,0.48724,0.41913,0.83574
627,0.31729,0.61388,1.34139,0.15449,0.54894,0.07504,0.29907,0.51277,0.06839,0.18663,0.68195,0.41836,0.33753,0.58865,0.42724,0.14561,0.59032,0.78187,0.28217,0.48865,0.79212,0.1634,0.70556,1.28146,0.39843,0.49568,1.2721,-0.02408,0.71621,1.07705,0.37823,0.35629,1.02922,0.13245,0.83809,0.93605,0.48318,0.41461,0.82723
628,0.32286,0.61694,1.33688,0.15341,0.5484,0.0738,0.29991,0.51258,0.06847,0.18633,0.67952,0.41776,0.34084,0.5871,0.42734,0.14485,0.58791,0.78122,0.28057,0.48505,0.79088,0.17026,0.7098,1.27698,0.40223,0.49753,1.26674,-0.01657,0.72107,1.07201,0.37734,0.35701,1.02495,0.13523,0.83922,0.92292,0.47826,0.40965,0.81938
629,0.32811,0.61913,1.33317,0.152,0.54756,0.07248,0.3007,0.51264,0.06868,0.18559,0.67662,0.41716,0.34415,0.58561,0.42757,0.14406,0.58556,0.78075,0.27879,0.48134,0.78959,0.1768,0.71376,1.27307,0.40522,0.49851,1.26195,-0.00884,0.72545,1.06704,0.37652,0.35703,1.02114,0.1379,0.84036,0.91053,0.47256,0.40451,0.81201
630,0.33327,0.62099,1.33039,0.15047,0.54637,0.0711,0.30144,0.51266,0.0687,0.18452,0.67362,0.41641,0.34707,0.58413,0.42762,0.14335,0.58329,0.78023,0.27727,0.47795,0.78826,0.18273,0.71738,1.27016,0.40762,0.49873,1.25768,-0.001,0.72935,1.06245,0.37578,0.3565,1.01771,0.14018,0.84142,0.89891,0.46632,0.39929,0.80514
631,0.3383,0.62289,1.32863,0.14894,0.5451,0.06982,0.3021,0.51254,0.06843,0.18329,0.67098,0.41559,0.34931,0.58247,0.42744,0.14295,0.58119,0.77963,0.27632,0.47512,0.78711,0.18813,0.72041,1.2683,0.40998,0.4984,1.25408,0.00685,0.73303,1.05848,0.37487,0.35569,1.01486,0.14228,0.84195,0.8881,0.45973,0.39387,0.79909
632,0.34314,0.62487,1.32787,0.14762,0.54419,0.06889,0.30271,0.5124,0.06798,0.18214,0.66906,0.41502,0.35078,0.58036,0.42726,0.14291,0.57933,0.7792,0.27594,0.47282,0.78649,0.19331,0.72287,1.26722,0.41254,0.49778,1.25131,0.01469,0.73643,1.05519,0.3734,0.35486,1.01284,0.14429,0.84152,0.87801,0.4527,0.3882,0.79417
633,0.34776,0.62671,1.32784,0.14685,0.54389,0.0685,0.30326,0.51235,0.06754,0.18132,0.66784,0.41497,0.35144,0.57761,0.4273,0.14321,0.57776,0.77918,0.27597,0.47092,0.78665,0.19835,0.72506,1.26664,0.41499,0.49703,1.24943,0.02241,0.73931,1.05243,0.37137,0.35415,1.01171,0.14584,0.84017,0.8685,0.4452,0.3826,0.79045
634,0.35206,0.62819,1.32824,0.14682,0.54408,0.06863,0.3037,0.51236,0.06721,0.18103,0.66695,0.41551,0.3513,0.57426,0.42765,0.1438,0.57658,0.77974,0.2762,0.46932,0.78759,0.20294,0.7271,1.26649,0.41685,0.49604,1.24836,0.02984,0.74178,1.05,0.3692,0.35356,1.01118,0.14653,0.83844,0.85954,0.43758,0.37748,0.78764
635,0.35581,0.62923,1.32896,0.14735,0.54459,0.06918,0.30399,0.51226,0.06702,0.1813,0.66601,0.41659,0.35044,0.5705,0.42822,0.14458,0.57588,0.78093,0.27641,0.46795,0.78906,0.20683,0.72876,1.2668,0.41804,0.49475,1.24795,0.03688,0.74413,1.04788,0.36728,0.35307,1.01093,0.14637,0.83675,0.85124,0.4303,0.37305,0.78544
636,0.35885,0.62987,1.33003,0.14805,0.54527,0.07012,0.3041,0.51198,0.06696,0.18192,0.66491,0.41816,0.34897,0.5666,0.42892,0.14534,0.57556,0.7827,0.27643,0.46672,0.79081,0.21011,0.72973,1.26758,0.41886,0.49338,1.24799,0.04345,0.74639,1.04623,0.36547,0.35269,1.01096,0.14567,0.83506,0.84394,0.42347,0.36916,0.78385
637,0.36121,0.63026,1.33141,0.14869,0.54597,0.07139,0.30406,0.51157,0.06711,0.1826,0.66371,0.42007,0.34709,0.56283,0.42979,0.14601,0.57541,0.78487,0.27628,0.46559,0.79274,0.213,0.73,1.26865,0.41958,0.49213,1.24843,0.04946,0.74823,1.04511,0.36338,0.35229,1.01155,0.14471,0.83321,0.83789,0.41673,0.36532,0.78308
638,0.36308,0.63051,1.33293,0.14919,0.54659,0.07276,0.30393,0.51115,0.0676,0.18315,0.6624,0.42208,0.34513,0.55937,0.4309,0.1467,0.57539,0.78721,0.27617,0.46461,0.79487,0.21564,0.72999,1.26984,0.42011,0.49099,1.24934,0.05492,0.74939,1.04436,0.36085,0.35169,1.01288,0.14361,0.83121,0.833,0.40982,0.36098,0.78324
639,0.36469,0.63071,1.3345,0.14957,0.54719,0.07402,0.30385,0.51084,0.06838,0.18357,0.661,0.42399,0.34339,0.55634,0.43222,0.14754,0.57568,0.78956,0.27624,0.464,0.79715,0.21804,0.73024,1.27114,0.4203,0.48983,1.25074,0.06009,0.74993,1.04374,0.35815,0.35093,1.01479,0.14249,0.82918,0.82888,0.40295,0.35602,0.78418
640,0.36619,0.63101,1.33619,0.14987,0.54786,0.0752,0.30396,0.5107,0.06929,0.18395,0.6596,0.42583,0.34204,0.55372,0.43358,0.14842,0.57635,0.79192,0.27646,0.4639,0.79942,0.22022,0.73092,1.27263,0.42015,0.48866,1.25255,0.06516,0.74999,1.04319,0.35561,0.35022,1.01697,0.14129,0.82715,0.82528,0.39648,0.35085,0.78558
641,0.36758,0.63152,1.33816,0.15011,0.54854,0.07647,0.30428,0.5108,0.07016,0.18434,0.65821,0.42774,0.34118,0.55144,0.43485,0.14911,0.57716,0.79435,0.27668,0.46416,0.80149,0.22208,0.73185,1.2743,0.41969,0.48733,1.25463,0.06992,0.7496,1.04283,0.35337,0.34962,1.01912,0.13973,0.82509,0.82223,0.39039,0.34602,0.78711
642,0.36881,0.63226,1.3405,0.15026,0.54911,0.07792,0.30469,0.51108,0.07096,0.18472,0.65667,0.42982,0.34071,0.54926,0.43601,0.14951,0.57783,0.79692,0.27674,0.46439,0.80331,0.22349,0.73276,1.27616,0.41906,0.48572,1.25683,0.07408,0.74882,1.04278,0.35124,0.34906,1.02113,0.13776,0.82297,0.81989,0.38439,0.34174,0.78862
643,0.36988,0.63312,1.34321,0.15023,0.54957,0.07947,0.30503,0.51143,0.07174,0.18505,0.65487,0.43202,0.34017,0.54684,0.43715,0.14977,0.57827,0.79959,0.27656,0.46431,0.80505,0.22458,0.73347,1.27825,0.41851,0.48397,1.25903,0.07773,0.74786,1.04314,0.34903,0.34854,1.02311,0.1357,0.82077,0.81829,0.37835,0.33788,0.79021
644,0.37086,0.63394,1.34619,0.15005,0.55009,0.08101,0.30526,0.51175,0.0725,0.18531,0.65294,0.43423,0.33904,0.54402,0.43833,0.15009,0.57862,0.80227,0.27629,0.46396,0.80692,0.22577,0.73399,1.28054,0.41817,0.48243,1.26131,0.08122,0.74703,1.04394,0.34683,0.34827,1.02522,0.13391,0.8186,0.81737,0.37231,0.33415,0.79206
645,0.37182,0.63448,1.34924,0.14985,0.55091,0.08242,0.30545,0.51197,0.07324,0.18546,0.65118,0.43635,0.33721,0.54102,0.43952,0.15067,0.57907,0.80487,0.27615,0.4636,0.80896,0.22728,0.73447,1.28289,0.41804,0.4814,1.26379,0.08461,0.74647,1.04509,0.34492,0.34842,1.02757,0.13245,0.81651,0.81697,0.36641,0.33038,0.79428
646,0.37272,0.63464,1.3522,0.14982,0.55205,0.08363,0.30562,0.51211,0.07399,0.18548,0.64976,0.43828,0.33508,0.53826,0.44068,0.15156,0.57968,0.80727,0.27624,0.46334,0.81099,0.22882,0.73493,1.28519,0.4181,0.48093,1.26645,0.08771,0.74608,1.04642,0.34348,0.34891,1.03017,0.1311,0.81438,0.81688,0.36083,0.3267,0.79688
647,0.37342,0.63463,1.355,0.14993,0.55332,0.08461,0.30574,0.51216,0.0747,0.18545,0.64854,0.43994,0.333,0.53588,0.44173,0.15262,0.58043,0.8094,0.27644,0.46317,0.81283,0.23005,0.73523,1.2874,0.41832,0.48082,1.26909,0.09044,0.74564,1.04772,0.34242,0.34937,1.03289,0.12978,0.81211,0.81692,0.35581,0.32342,0.79974
648,0.37384,0.63481,1.35757,0.15002,0.55444,0.08531,0.30574,0.5121,0.07526,0.18552,0.64713,0.44131,0.33113,0.53371,0.44255,0.15355,0.5813,0.81126,0.27656,0.46317,0.81437,0.23091,0.73526,1.28958,0.41865,0.48066,1.27143,0.09287,0.74506,1.04897,0.34148,0.34949,1.03549,0.12872,0.8098,0.81711,0.35134,0.32075,0.80249
649,0.37399,0.63531,1.35984,0.14991,0.5553,0.08578,0.30552,0.51183,0.07564,0.18566,0.6453,0.44244,0.32945,0.53154,0.44313,0.15414,0.58224,0.81291,0.27642,0.46335,0.81561,0.2316,0.73514,1.29172,0.4189,0.48016,1.27348,0.09495,0.74432,1.05029,0.34043,0.34935,1.03777,0.12816,0.80764,0.81765,0.3471,0.31864,0.8049
650,0.37395,0.63578,1.36191,0.14949,0.55602,0.08615,0.30521,0.51135,0.07593,0.18575,0.64324,0.44346,0.32777,0.52937,0.4436,0.1544,0.58312,0.81443,0.27596,0.46349,0.81667,0.23226,0.73503,1.29375,0.41893,0.4794,1.27553,0.09657,0.74342,1.05176,0.3392,0.34935,1.03982,0.12803,0.80576,0.81861,0.34292,0.31691,0.80712
651,0.37378,0.6357,1.36405,0.14875,0.55682,0.08654,0.30506,0.51088,0.07624,0.18583,0.64129,0.44443,0.32587,0.52719,0.44409,0.15463,0.58396,0.81585,0.27534,0.46346,0.81771,0.23287,0.73492,1.29558,0.41871,0.47869,1.27783,0.09764,0.74235,1.0533,0.33794,0.34962,1.04194,0.1281,0.80422,0.81989,0.33893,0.31527,0.80949
652,0.37362,0.63484,1.36635,0.14775,0.55783,0.08696,0.3052,0.51064,0.07648,0.18608,0.63962,0.44533,0.32373,0.52489,0.44453,0.1551,0.58496,0.81718,0.27485,0.4635,0.81876,0.23328,0.73479,1.29713,0.41838,0.47812,1.28022,0.09814,0.74116,1.05476,0.3368,0.34986,1.04417,0.12836,0.80311,0.82135,0.33547,0.31338,0.81205
653,0.37354,0.63346,1.36845,0.14665,0.55896,0.08728,0.30539,0.51066,0.0765,0.18655,0.63806,0.44608,0.32154,0.52235,0.44476,0.15579,0.58629,0.81836,0.27459,0.4639,0.81971,0.23345,0.73467,1.29839,0.41804,0.47749,1.28234,0.09816,0.73991,1.05608,0.33568,0.34969,1.04631,0.12891,0.80251,0.82291,0.33267,0.31122,0.81453
654,0.37346,0.63205,1.36997,0.14559,0.56006,0.0874,0.30531,0.51072,0.07637,0.18708,0.63645,0.44661,0.31951,0.51966,0.44478,0.15649,0.58783,0.81933,0.27443,0.46461,0.82047,0.23355,0.7346,1.29945,0.41759,0.47664,1.28403,0.09797,0.73863,1.05728,0.3344,0.34921,1.04809,0.12979,0.80218,0.82451,0.33027,0.30918,0.81659
655,0.37324,0.63094,1.37098,0.1446,0.56107,0.08738,0.30496,0.51059,0.07634,0.1875,0.63485,0.44697,0.31778,0.51708,0.44485,0.15709,0.58934,0.82009,0.27414,0.46528,0.82118,0.23379,0.73452,1.30042,0.41683,0.47569,1.28544,0.09787,0.73735,1.05843,0.33304,0.3489,1.04936,0.13094,0.80176,0.82607,0.32799,0.30753,0.81811
656,0.37284,0.62994,1.37195,0.14365,0.5621,0.08732,0.30468,0.51028,0.07661,0.18774,0.63338,0.44727,0.31634,0.51488,0.4452,0.15764,0.59065,0.82075,0.27362,0.4656,0.82196,0.23416,0.73435,1.30132,0.41579,0.47477,1.28672,0.0979,0.73617,1.05951,0.33189,0.34888,1.05019,0.13238,0.80122,0.82753,0.32573,0.30624,0.8192
657,0.37241,0.62853,1.3732,0.14272,0.56323,0.08725,0.30471,0.50993,0.07713,0.18778,0.63207,0.44755,0.31513,0.51321,0.44576,0.15813,0.59171,0.82133,0.27288,0.46551,0.82278,0.23447,0.73404,1.30211,0.4147,0.47385,1.28785,0.09786,0.73517,1.06049,0.33105,0.34877,1.05082,0.13417,0.80079,0.82895,0.32364,0.30511,0.82005
658,0.37202,0.62662,1.37465,0.14177,0.56426,0.08708,0.30497,0.50973,0.07757,0.1876,0.63086,0.44771,0.31407,0.51192,0.44625,0.15845,0.59255,0.82174,0.27199,0.46527,0.82342,0.23456,0.73356,1.30278,0.41376,0.47281,1.28876,0.09755,0.73435,1.06138,0.33034,0.34811,1.05145,0.13612,0.80054,0.83037,0.32182,0.3041,0.82078
659,0.37165,0.62475,1.37603,0.14077,0.56497,0.0867,0.30522,0.50969,0.07768,0.1872,0.62964,0.44761,0.31299,0.51075,0.44639,0.15851,0.59329,0.82187,0.27113,0.46519,0.82372,0.2344,0.73289,1.30332,0.41308,0.47168,1.28937,0.09691,0.73362,1.06219,0.32959,0.34697,1.05208,0.13786,0.80034,0.83174,0.32029,0.30324,0.82139
660,0.37123,0.62342,1.37714,0.13974,0.5653,0.08612,0.3053,0.50962,0.07744,0.18661,0.62838,0.44724,0.31181,0.50957,0.44618,0.15843,0.59406,0.82174,0.27044,0.46543,0.82373,0.23406,0.73215,1.30376,0.41273,0.47066,1.28964,0.09616,0.73303,1.06287,0.32875,0.34583,1.05259,0.13948,0.80018,0.83298,0.31885,0.30246,0.82186
661,0.37079,0.62252,1.37799,0.13873,0.56535,0.08543,0.30526,0.50932,0.07704,0.18595,0.62711,0.44674,0.31055,0.50836,0.4458,0.15845,0.59495,0.82147,0.26988,0.46582,0.82361,0.23366,0.73151,1.30423,0.41256,0.46992,1.28961,0.09571,0.73265,1.06337,0.32783,0.345,1.05288,0.14163,0.80021,0.83411,0.31731,0.30157,0.82219
662,0.3703,0.62167,1.37865,0.13769,0.56518,0.08478,0.30514,0.50885,0.07664,0.18539,0.62596,0.44619,0.30919,0.50708,0.44541,0.15869,0.59593,0.82116,0.26923,0.46605,0.82346,0.23329,0.73116,1.30477,0.41229,0.46934,1.28939,0.0957,0.73241,1.0637,0.32679,0.34439,1.05295,0.14464,0.80045,0.83521,0.31568,0.30048,0.82238
663,0.36954,0.62056,1.37917,0.13649,0.5649,0.08422,0.30491,0.50838,0.07625,0.18501,0.62495,0.44565,0.30769,0.50562,0.44502,0.15897,0.59683,0.82081,0.26836,0.46598,0.82329,0.23301,0.73106,1.30527,0.4117,0.46862,1.28912,0.09586,0.73212,1.06396,0.32552,0.34385,1.05284,0.14799,0.80069,0.83633,0.31415,0.29934,0.8224
664,0.36833,0.61903,1.37965,0.13513,0.56462,0.08371,0.30447,0.50805,0.07582,0.1847,0.62389,0.44512,0.3061,0.504,0.44459,0.15907,0.59751,0.82044,0.26736,0.46575,0.82307,0.23274,0.73093,1.30564,0.41063,0.46764,1.28888,0.09578,0.73168,1.06421,0.32392,0.3434,1.05251,0.15086,0.80075,0.83743,0.31288,0.29841,0.82215
665,0.36672,0.61713,1.38018,0.13363,0.56437,0.0832,0.30381,0.50787,0.07533,0.18419,0.62266,0.44463,0.30459,0.50249,0.44409,0.15901,0.59803,0.8201,0.26648,0.4656,0.82276,0.23229,0.73051,1.30589,0.409,0.46648,1.28857,0.09535,0.73124,1.06445,0.32204,0.34307,1.05186,0.15304,0.80066,0.83843,0.31178,0.29787,0.8215
