R_KNEE_MOMENT,R_KNEE_MOMENT,R_KNEE_MOMENT,L_KNEE_MOMENT,L_KNEE_MOMENT,L_KNEE_MOMENT,R_HIP_MOMENT,R_HIP_MOMENT,R_HIP_MOMENT,L_HIP_MOMENT,L_HIP_MOMENT,L_HIP_MOMENT,R_ANKLE_MOMENT,R_ANKLE_MOMENT,R_ANKLE_MOMENT,L_ANKLE_MOMENT,L_ANKLE_MOMENT,L_ANKLE_MOMENT,WAIST_JOINT_MOMENT,WAIST_JOINT_MOMENT,WAIST_JOINT_MOMENT,NECK_MOMENT,NECK_MOMENT,NECK_MOMENT,L_SHOULDER_MOMENT,L_SHOULDER_MOMENT,L_SHOULDER_MOMENT,R_SHOULDER_MOMENT,R_SHOULDER_MOMENT,R_SHOULDER_MOMENT,L_ELBOW_MOMENT,L_ELBOW_MOMENT,L_ELBOW_MOMENT,R_ELBOW_MOMENT,R_ELBOW_MOMENT,R_ELBOW_MOMENT,L_WRIST_MOMENT,L_WRIST_MOMENT,L_WRIST_MOMENT,R_WRIST_MOMENT,R_WRIST_MOMENT,R_WRIST_MOMENT
X,Y,Z,X,Y,Z,X,Y,Z,X,Y,Z,X,Y,Z,X,Y,Z,X,Y,Z,X,Y,Z,X,Y,Z,X,Y,Z,X,Y,Z,X,Y,Z,X,Y,Z,X,Y,Z
8.04457,-20.218270000000004,5.924830000000002,-3.918650000000001,15.175030000000003,1.2857500000000004,0.018750000000000055,-24.195380000000007,9.228850000000001,-28.364660000000004,26.347960000000004,1.7337100000000003,-19.795340000000003,10.81051,0.3762200000000001,-10.389580000000002,-0.8381500000000001,-1.14707,-35.68904,11.160970000000002,-4.252800000000001,54.453540000000004,-6.077440000000002,-6.616320000000003,5.071749999999999,-1.3476500000000005,-2.14269,7.85134,-1.8931000000000002,-1.5188400000000002,2.4396400000000003,-0.5122700000000001,-1.3334700000000002,2.83287,1.0495200000000005,-0.7082200000000001,0.24770000000000003,-0.08042000000000002,0.049960000000000004,0.31876000000000004,0.10349000000000001,-0.062480000000000015
10.739460000000001,-19.438550000000006,4.72794,-2.22877,14.468249999999998,1.8257599999999998,7.378310000000001,-27.958600000000004,4.7839599999999995,-27.367990000000002,25.159010000000002,4.9546,-20.956940000000003,12.005320000000001,0.43446000000000007,-10.12268,-0.8611300000000001,-1.0672200000000003,-23.674500000000002,8.036860000000003,-1.7046999999999999,28.196080000000002,5.80389,-3.474330000000001,10.74172,-3.2121200000000005,-2.4124000000000003,5.727920000000001,0.15387000000000006,-0.26829000000000003,2.7929000000000004,-0.2898900000000001,-0.5803699999999999,2.5379900000000006,0.64892,-0.4292,0.21648,0.10213,-0.028650000000000005,0.31355000000000005,0.026260000000000006,-0.10324000000000003
9.18313,-20.49669,5.71495,-2.6335699999999997,13.04897,1.3154499999999998,8.618859999999996,-34.949299999999994,8.147029999999999,-26.345169999999996,22.63593,3.15594,-22.267,13.490050000000004,0.21965999999999997,-9.593240000000002,-1.0404999999999998,-1.19092,-16.320990000000002,0.6174600000000005,3.928489999999999,17.78071,3.5728599999999977,0.05887000000000042,8.623759999999999,-0.6239499999999999,-0.6001999999999998,8.39293,0.33781,0.72529,2.989749999999999,-0.52613,0.019469999999999973,2.0852699999999995,0.76553,-0.10640999999999994,0.27063999999999994,0.06115999999999999,0.02050000000000001,0.09378999999999998,0.04583999999999999,0.02439999999999999
5.243570000000002,-19.59657,6.285110000000001,-4.14933,13.627409999999998,1.2952700000000004,-7.01959,-29.05008000000001,9.914980000000002,-30.817610000000002,26.784529999999997,5.354070000000002,-23.727690000000003,14.757110000000004,-0.03606999999999999,-9.362950000000001,-1.01746,-1.1395700000000002,-43.774530000000006,8.935800000000004,2.5069300000000005,38.40148000000001,-23.577600000000004,4.577500000000001,4.384550000000001,-0.005989999999999999,-0.4473,8.77941,-0.06224000000000002,0.79227,2.0913499999999994,-0.56118,-0.27841,3.3103500000000006,0.9131300000000001,0.3259899999999999,0.29350000000000004,-0.066,0.04834999999999999,0.3183500000000001,0.031140000000000008,0.06318000000000001
6.180840000000002,-19.90495,5.823870000000001,-3.2759400000000003,12.237060000000001,1.2894300000000003,0.9703699999999997,-33.49461,7.79674,-26.695910000000005,22.070180000000004,4.08904,-25.395760000000003,15.78715,-0.15565000000000004,-8.868520000000002,-1.0509700000000002,-1.03291,-27.161470000000005,2.8892200000000003,-0.014620000000000022,38.877510000000015,16.16077,-4.8781,8.071450000000002,0.52588,0.6132600000000001,8.704450000000001,-0.76084,-0.7273400000000001,2.845,-1.3570800000000003,0.5069200000000001,3.2114000000000003,1.06181,-0.7374000000000003,0.28240000000000004,-0.14346000000000006,-0.07005000000000002,0.3959500000000001,0.10227000000000001,-0.09408
7.24626,-18.90769,5.38658,-2.88128,12.214540000000001,1.07309,9.46358,-32.7734,7.74782,-31.39408,20.136920000000003,0.7486100000000001,-26.77172,16.80211,-0.16394000000000003,-8.548459999999999,-1.1138,-1.0731400000000002,-23.875540000000004,4.144540000000001,0.2210499999999998,34.7907,11.390780000000001,-0.45521999999999985,5.18549,1.18894,-0.07733999999999991,9.02663,0.25287000000000015,0.6198900000000002,2.61918,-0.4857500000000001,-0.30208999999999997,2.4804500000000003,0.6515899999999999,-0.31388999999999995,0.34881000000000006,0.04623,-0.07852999999999999,0.19069,0.01583,-0.09377
6.276040000000002,-19.27731,5.727940000000002,-2.5967700000000002,11.325600000000001,0.98546,4.510300000000001,-36.325190000000006,9.67059,-27.670680000000004,20.048260000000003,0.8099800000000001,-27.838720000000002,17.82302,-0.39244000000000007,-8.586439999999998,-1.01256,-1.01284,-25.81901,-3.7610100000000006,1.6369199999999995,23.41814,-1.63502,-3.8464,3.9342200000000007,-1.3624299999999998,-2.0960700000000005,4.732799999999999,-2.22363,-1.73303,2.8588700000000005,-0.16879999999999995,-1.5427700000000002,2.492890000000001,0.76776,-0.7390400000000001,0.25018000000000007,0.14982000000000004,-0.18376,0.26105,0.06741,-0.16038000000000002
4.13464,-18.211090000000002,5.243310000000001,-2.4634299999999993,12.448409999999999,1.3036,2.7971399999999997,-27.851769999999995,6.56479,-22.628189999999996,24.31542,4.18826,-28.739180000000005,18.49181,-0.73045,-8.38483,-0.7428699999999999,-0.86766,-18.322249999999997,12.57226,0.7956700000000001,27.021969999999996,-3.352099999999999,5.96909,4.655189999999999,2.946489999999999,3.376479999999999,6.37896,0.35645999999999983,0.7492699999999999,2.68706,-1.55616,2.0657699999999997,2.61645,0.6765299999999999,0.20309,0.028239999999999994,-0.15272999999999998,0.21703,0.24373000000000003,0.025229999999999995,-0.026080000000000006
3.1567500000000006,-18.223820000000003,5.495090000000002,-4.136040000000001,11.553970000000001,1.06825,-0.32570999999999983,-28.036960000000004,7.202310000000001,-28.15502,20.675450000000005,3.8615500000000003,-29.282220000000002,19.307030000000005,-0.8157500000000002,-7.937500000000001,-0.57927,-0.9369000000000001,-29.957900000000002,8.8334,0.08644999999999992,41.742280000000015,-2.4905600000000008,2.937290000000001,6.06127,1.5555600000000003,1.2180700000000007,7.5767500000000005,0.6545700000000001,0.9665500000000002,2.76331,-1.2535800000000001,0.7078600000000003,3.1114700000000006,1.1044200000000004,0.40100000000000013,0.33453,-0.12559000000000003,0.02569000000000002,0.3174100000000001,0.10568,0.10783
3.60604,-18.41854,5.350140000000001,-3.3992900000000006,9.33104,0.6746999999999999,-1.17835,-31.654929999999993,7.55902,-25.775690000000004,17.97207,2.8042099999999994,-29.717370000000003,20.112239999999996,-1.03924,-7.863279999999999,-0.69561,-1.0976500000000002,-30.30533,5.51348,0.6122400000000001,27.29481,10.24701,-11.663060000000002,13.16425,-7.186510000000002,-3.98124,9.296169999999998,-1.32649,0.13971,3.1028299999999995,-0.6349700000000001,-0.93235,3.2714700000000003,0.8907600000000001,-0.008389999999999998,0.42627,0.0081,-0.03128,0.38825,0.030950000000000002,0.09865
2.37506,-18.85163,5.41683,-2.0925499999999997,9.497510000000002,0.8500299999999998,-1.2182000000000002,-34.47227999999999,8.435759999999998,-19.71882,12.769029999999999,0.56195,-30.2328,20.53833,-1.49999,-7.8233,-0.7097900000000001,-1.06869,-22.10327,-7.333349999999999,-0.62348,30.03611,7.269560000000002,5.263520000000001,3.1563100000000004,2.5563499999999992,0.8016899999999998,5.257650000000001,-2.05476,-0.3921,2.31493,-0.5787800000000001,0.02031,2.9291600000000004,0.52632,0.30963,0.16790000000000002,0.049339999999999995,-0.04117,0.34709999999999996,-0.05500000000000001,0.12883
1.2436199999999997,-17.51314,5.01723,-4.404250000000001,11.06215,0.73981,-0.7404199999999999,-31.95625,7.686299999999999,-23.596250000000005,22.231239999999996,3.3083099999999996,-30.90418,21.164880000000004,-1.6916,-7.123489999999999,-0.45118,-0.8340699999999999,-23.6785,12.333719999999996,1.9471700000000003,26.62367,-17.281150000000004,6.953230000000002,1.19856,2.2950999999999997,0.3376799999999999,4.8575800000000005,0.67545,0.40343,1.3865199999999995,-0.43087999999999993,-0.36782000000000004,2.22429,0.73576,0.003300000000000008,0.22096,-0.02362999999999999,-0.08238999999999999,0.15812000000000004,0.06429000000000001,-0.08299999999999999
0.40998,-18.39522,5.4602900000000005,-3.7428700000000004,7.132249999999999,0.15728000000000003,-1.03842,-34.41718,9.28126,-16.991509999999998,14.485360000000002,1.26008,-31.935570000000002,22.251129999999996,-2.02365,-6.0335600000000005,-0.46745,-0.88754,-15.558839999999998,6.221800000000001,1.6317899999999999,27.24624,-2.5319000000000003,-7.666569999999998,7.16813,-0.6904600000000001,0.5820099999999999,0.6675299999999998,-0.4180499999999999,-0.29710000000000003,2.6596,-1.0279100000000003,0.8858099999999998,1.6226700000000003,0.36896000000000007,0.20484000000000002,0.36173,-0.07645,0.08640999999999999,0.16571,0.0037900000000000034,-0.03421
1.5556300000000003,-17.54972,4.417509999999999,-2.6750000000000003,6.748240000000001,0.4442400000000001,0.6116,-31.753170000000004,5.74946,-19.979250000000004,9.2057,0.8128599999999999,-33.35978999999999,23.602,-2.3587299999999995,-5.514430000000001,-0.23197,-0.85007,-18.639089999999996,-0.5878600000000004,-1.9288599999999998,24.53556,19.37244,-4.3770500000000006,4.647620000000001,0.5853000000000002,0.66926,7.1774700000000005,-1.4571000000000003,-0.17879999999999996,3.1881300000000006,-0.8813000000000002,0.42266,2.4068700000000005,0.42269999999999985,-0.31747,0.21439,0.014170000000000002,0.17763999999999996,0.22172999999999998,-0.055740000000000005,0.005850000000000001
-0.6344499999999998,-17.65328,4.726560000000001,-1.3861799999999997,6.019689999999999,0.40114,-7.94963,-29.95947,7.22404,-17.522149999999996,11.266759999999998,1.9078199999999996,-34.83939999999999,24.72307,-2.84403,-4.610290000000001,-0.3449,-0.7920799999999999,-24.43484,9.307510000000002,-2.85882,10.6225,-5.070579999999998,7.902140000000001,2.2343400000000004,3.78431,1.5452,7.89574,-1.0740499999999997,-0.027599999999999916,2.146,-0.77681,0.33319,2.6763200000000005,0.88666,-0.22357999999999995,0.17284999999999998,-0.002230000000000001,-0.05408,0.3071,0.07686000000000001,0.0072699999999999996
-2.54931,-20.74585,5.989859999999999,-2.32859,7.205299999999999,0.24445,-10.392550000000002,-41.423370000000006,10.72977,-10.404289999999998,15.83626,2.3586599999999995,-35.86789999999999,25.850360000000002,-3.4157400000000004,-3.4178700000000006,-0.21167000000000002,-0.54582,-19.115009999999998,2.6848800000000006,3.0438799999999997,25.155640000000005,-17.57755,-2.1328699999999987,7.212289999999999,1.9990000000000006,1.24384,2.9227800000000004,-2.49284,-1.30469,1.8583799999999997,-0.8128100000000003,1.07712,2.1649600000000007,0.36998,-0.3705999999999999,0.12962,0.00287,-0.09618000000000002,0.25487,-0.03799999999999999,-0.050839999999999996
-1.2704499999999999,-20.45773,5.0718700000000005,0.09603999999999999,6.5262899999999995,0.69539,-0.5423899999999999,-34.51167000000001,6.24588,-5.43605,11.256720000000001,2.9589299999999996,-37.27928,26.93679,-3.6997599999999995,-2.6280600000000005,0.04580000000000002,-0.3777400000000001,0.21519000000000044,9.828,1.7095899999999997,17.476770000000002,7.49486,-6.496809999999999,5.618979999999999,-4.02314,-2.6959800000000005,5.554909999999999,0.7600599999999997,0.5507199999999999,1.63064,-0.4515500000000001,-1.1529499999999997,2.2473599999999996,0.6627399999999999,-0.13621000000000005,0.24832999999999997,-0.022459999999999997,-0.12034999999999996,0.14611,0.030510000000000002,-0.08739
-4.9036,-18.32036,5.385340000000001,-1.0853899999999999,2.90129,0.07455000000000002,-14.817489999999998,-29.970139999999997,9.32877,-5.5017000000000005,4.52487,-0.007260000000000044,-38.62597000000001,27.89108,-3.94461,-2.2264299999999997,-0.12563999999999997,-0.32339999999999997,-16.602720000000005,12.84189,-2.63419,26.887169999999998,-4.25656,8.34885,3.8802399999999997,1.8386399999999998,0.5319,4.027520000000001,-0.37655999999999995,0.7304100000000002,1.9157400000000002,-0.85174,0.2569199999999999,1.6269,0.54841,0.5685800000000001,0.06419,-0.05502,0.04374999999999997,0.14287,0.035390000000000005,0.07796
-3.8837000000000006,-18.866540000000004,4.82791,-2.7538899999999997,1.61977,-0.08237000000000004,-10.033879999999998,-29.102759999999996,6.863379999999999,0.75865,-2.45063,-1.7631399999999997,-39.67544,28.808569999999996,-4.449119999999999,-1.62668,0.23127000000000003,-0.09723,-4.535700000000002,8.301630000000001,-7.67418,17.94809,4.933269999999999,-10.69702,5.987730000000001,3.40251,0.030040000000000094,2.59737,-6.63426,-5.00207,2.4196599999999995,-0.74454,-0.15529999999999985,1.7813200000000002,0.45205,-2.68534,0.24973999999999996,-0.025450000000000004,0.060680000000000005,0.20618999999999998,0.042190000000000005,-0.34452999999999995
-2.8590699999999996,-20.936200000000003,5.05381,-0.7609299999999998,3.5252699999999995,0.43532999999999994,-4.02298,-42.391980000000004,8.241700000000002,0.3192500000000007,0.5563800000000001,1.18789,-40.36579,29.425359999999998,-4.927020000000001,-1.3718200000000003,0.12553000000000003,-0.18647,8.768580000000002,-1.8045899999999997,-2.14763,8.61752,5.38574,1.1271099999999992,3.01706,3.8107299999999986,1.8114399999999997,6.2979,-4.61558,-3.31497,1.8816199999999996,-0.43856000000000006,0.9180500000000001,1.99496,1.04657,-2.2210700000000005,0.26201,0.040970000000000006,0.02137999999999997,0.2048,0.19134,-0.03230000000000001
-6.94523,-20.54642,5.93014,-4.13164,1.47342,-0.43905999999999995,-24.37968,-39.48203,11.289669999999997,-12.71417,-0.51613,-4.3410899999999994,-40.35954999999999,30.146410000000003,-5.40578,-1.32679,0.013399999999999999,-0.014590000000000006,-37.3674,4.781249999999999,-5.5343,15.233179999999999,0.8129300000000002,16.1076,6.55888,5.3979099999999995,7.165349999999999,12.521089999999996,0.025009999999999956,2.9001499999999996,1.86659,-1.5450499999999998,5.987940000000001,2.96913,0.5864900000000001,0.8228999999999997,-0.02024,-0.31009999999999993,0.7979699999999998,0.16773,-0.07824000000000002,0.18199000000000004
-9.03219,-22.48161,6.464689999999999,-3.79279,-0.8219999999999998,-0.37561,-35.99347,-40.26282,11.985589999999998,6.491070000000001,-0.46396,0.17088000000000003,-40.39863,30.16293,-6.10191,-1.10934,0.03913,0.14448,-28.14686,15.12538,-4.630300000000001,10.081109999999999,-20.19563,4.53445,3.9180799999999993,2.16793,1.3478200000000005,11.38685,1.4596599999999997,3.29132,1.37344,-0.9264600000000001,1.1581,4.456849999999999,0.7555199999999999,1.2872700000000004,-0.06990000000000002,-0.12972000000000003,0.29602,0.39949999999999997,-0.12162000000000003,-0.019720000000000015
-6.337070000000001,-24.209390000000003,5.7826900000000006,-0.2213700000000001,-1.3503800000000004,-0.47429,-11.844950000000003,-49.96597,10.56932,11.988400000000002,-5.395769999999999,-1.5577299999999994,-40.26677,29.570259999999998,-6.5525199999999995,-1.0117899999999997,-0.34883999999999993,-0.48195,15.054289999999996,-3.4030999999999993,-2.2879600000000004,26.11119999999999,-1.1578800000000014,-2.4173599999999995,8.006019999999998,3.567,-0.44802,15.00542,0.3876200000000003,2.8892600000000006,2.2767399999999998,-0.5289800000000001,0.09843999999999992,3.7858,1.00192,0.2875,0.2817299999999999,0.07903,-0.2872100000000001,0.50676,0.04032,0.22951000000000002
-8.601049999999999,-23.558350000000004,5.34444,-2.28582,0.2652299999999999,-0.3572600000000001,-18.95657,-43.94400000000001,8.90287,5.96851,-6.2394799999999995,-2.7663599999999997,-40.07331,29.707510000000003,-7.243029999999999,-1.41107,-0.22987,-0.30146000000000006,-0.935820000000001,2.5522099999999996,-8.06194,34.60476,27.869830000000004,8.246700000000002,2.5788700000000007,9.85215,6.673170000000001,10.869609999999998,-6.76847,-2.41427,3.35658,-1.4556300000000002,3.7610700000000006,3.1266799999999995,0.7842199999999999,-2.2744,0.51166,-0.27148000000000005,0.34303999999999996,0.15033,0.062479999999999994,-0.18665
-12.56758,-24.238119999999995,5.741060000000001,-2.42841,0.16988000000000003,0.010049999999999995,-40.6895,-39.72533,10.486410000000001,10.89491,-0.5385000000000002,2.3343299999999996,-40.39902000000001,29.899860000000004,-8.22056,-1.4876299999999998,-0.21393,0.03387,-21.65558,21.42317,-8.95392,20.30354,-21.24338,22.224669999999996,0.4975699999999992,2.1484,2.49221,11.13227,-2.08657,-0.26002000000000003,3.6193999999999997,-1.5804599999999998,0.69834,3.220139999999999,0.74475,-1.47401,0.36515,-0.20318000000000003,0.44967,0.23894999999999997,0.027929999999999996,-0.10583000000000001
-17.100809999999996,-19.8545,4.863910000000001,-2.4564599999999994,0.33800000000000013,-0.41936,-44.63511999999999,-23.34642,9.420800000000002,7.62858,3.2048300000000007,1.2541900000000001,-41.43893,30.42684,-8.83522,-1.8317699999999997,-0.39754,-0.18023,-26.31293,41.98845,-8.727030000000001,6.13361,-38.08863000000001,-3.8391,21.135599999999997,-0.37517999999999985,-3.62371,12.969529999999999,-1.4842699999999995,0.7373099999999999,4.76985,-1.2712299999999999,2.31487,5.29033,1.39676,-0.4865400000000001,0.49173999999999984,-0.08276,0.27766,0.84739,0.09703,0.03434000000000001
-20.72112,-16.751020000000004,3.61841,-4.040749999999999,-3.2334999999999994,-0.5761099999999999,-34.04041,-30.09899,9.31734,3.5273399999999997,-14.01324,-4.74359,-43.9761,32.162119999999994,-9.906519999999997,-1.9779199999999995,-0.41388,-0.43431,-19.238450000000004,11.683150000000001,-10.969270000000003,8.985509999999998,-25.18146,15.150299999999998,9.19667,10.46761,3.95553,13.53025,-2.59205,-0.10689000000000003,3.4823199999999996,-0.45097999999999994,4.18157,5.35463,0.99887,-1.34957,0.46991,-0.10726999999999999,0.2963100000000001,0.6027799999999999,-0.02522,-0.19761999999999996
-26.26861999999999,-12.58531,2.24031,-6.689979999999999,-3.87744,-1.2251299999999996,-35.11433999999999,-37.23035,8.26735,0.3648300000000009,-13.258320000000001,-7.305010000000001,-47.74327000000001,35.06099,-11.12877,-2.1467300000000002,-0.4811399999999999,-0.5554799999999999,-16.209219999999995,3.72218,-14.546749999999996,42.51218,0.633549999999999,28.58944,-8.934409999999998,10.07227,7.459169999999999,13.01071,-1.0492,1.9634299999999998,3.35629,-1.0422000000000002,0.2275600000000001,5.705860000000001,1.9336500000000003,0.629,0.33444000000000007,-0.09957,0.18086000000000002,0.6067500000000001,0.14718999999999996,0.19505
-31.356399999999994,-6.60757,0.7997999999999998,-9.28024,2.4025,-1.5105799999999998,-40.5703,-19.3824,3.62052,-13.682589999999998,6.771169999999998,-0.20433000000000012,-51.98591999999999,38.60403,-12.01817,-1.9616,-0.3817400000000001,-0.37420000000000003,-40.71365,43.15331,-8.25681,81.81385000000002,-29.932500000000008,4.76693,5.959219999999998,6.72705,2.22933,7.62057,-4.76099,-1.2551899999999996,5.6630400000000005,-1.30925,1.2231200000000002,4.616160000000001,1.6655300000000002,-0.13360999999999992,0.65761,-0.17356999999999997,0.11886000000000004,0.61721,0.20254999999999998,-0.10177999999999998
-34.316179999999996,1.1125699999999998,-1.0762099999999997,-4.836540000000001,6.153739999999999,-1.2092599999999998,-30.429799999999997,-11.80814,1.38056,-16.847349999999995,7.570330000000002,0.16771999999999987,-56.10996999999999,42.57822,-12.61279,-1.2709700000000002,0.07271,-0.59706,-34.18506,46.37794000000001,-7.57645,51.74189,-34.71030999999999,-4.741189999999999,5.917179999999999,-4.491889999999998,-4.27561,6.20903,-5.170710000000001,-1.11879,3.87415,-1.5925100000000003,-3.0783899999999997,4.6911000000000005,1.3289499999999999,0.5947999999999999,0.39914999999999995,-0.10690999999999999,-0.43821,0.6514,0.06885000000000001,0.07949999999999999
-37.38734,10.62136,-2.68815,-1.5162399999999996,7.18825,-1.7939199999999995,-28.822410000000005,-4.34319,2.4017500000000003,-33.39604,9.93746,-6.445149999999999,-58.47587,45.04243000000002,-12.44868,-0.47943,1.03994,-1.03402,-51.83194,26.07513,-9.36378,35.837489999999995,-6.526060000000001,1.15274,1.7779699999999996,-5.35821,-3.4320499999999994,7.580750000000001,-4.491289999999999,-0.17865999999999976,1.9241699999999997,-1.22967,-3.1051899999999995,4.52126,1.67369,0.96001,0.2757200000000001,-0.10156999999999998,-0.14541,0.5342,0.14353,0.3423999999999999
-32.62691,12.908559999999998,-3.2362899999999994,2.3858299999999995,9.52667,-2.14931,-12.13914,3.23008,0.15790000000000015,-54.10224000000001,17.657019999999996,-7.3333200000000005,-58.66707999999999,45.56625,-11.8625,1.5395699999999999,1.7890999999999995,-1.3045299999999997,-59.46030999999999,33.78355,-5.36366,78.21842999999998,-17.02484,-8.47344,12.2064,1.7688399999999997,-4.944680000000001,4.58301,-9.36675,-6.267810000000001,3.63584,-0.26796000000000003,0.4013099999999999,3.6241,1.11767,-2.35636,0.61024,-0.016870000000000003,0.33519,0.21270000000000003,0.15587,-0.40812999999999994
-26.29291,13.01731,-3.0477,7.415429999999999,18.29915,-2.69529,6.013480000000002,-9.507469999999998,0.40602999999999995,-76.45567000000001,35.2561,-1.22664,-55.0832,42.898160000000004,-10.366560000000002,3.27073,2.34709,-1.4713199999999995,-69.08941999999999,30.285389999999996,11.33819,58.288859999999985,-51.24483000000001,6.539119999999999,2.902610000000001,-1.7607899999999996,-4.29091,3.97804,-4.138720000000001,-2.3597,1.9398800000000003,-1.2658500000000001,-3.50662,3.6701099999999993,1.38007,-0.12638000000000005,0.08318000000000003,-0.06090999999999998,-0.34918,0.43763999999999986,0.13295,-0.011380000000000022
-11.33973,7.114989999999998,-1.71447,20.7312,27.124029999999998,-3.1955400000000003,50.73960000000001,-39.493590000000005,6.90274,-83.90483,53.93966999999999,0.09150999999999998,-47.442740000000015,36.09060000000001,-8.16158,4.98766,2.3781199999999996,-1.61652,-27.86376,-10.01727,33.91421,75.70078000000001,-44.68876,10.18362,-6.664620000000001,-7.21852,-2.8322,2.74191,-0.8438699999999997,1.13609,1.9976099999999999,-2.4072700000000005,-8.098719999999998,3.56095,1.4421800000000002,2.6018999999999997,0.02499,-0.07801,-1.33165,0.6259700000000001,0.04326,0.36370999999999987
2.5862099999999995,5.891860000000001,-3.9423499999999994,33.96596,29.642109999999995,-3.1890799999999997,70.90127,-24.87436,-0.37485999999999986,-83.03991000000002,61.85829,-2.07536,-35.01904999999999,26.44366000000001,-5.366850000000001,6.58028,2.62195,-1.8288299999999997,-16.163289999999993,-4.106260000000001,29.26829,72.09438,17.021680000000003,-34.48166,10.19991,-6.783440000000001,-8.61499,-6.092759999999999,-5.34829,-6.006569999999998,4.631489999999999,-1.8436399999999997,-5.153989999999999,-0.20645000000000002,0.24473,0.6713900000000002,0.7399999999999999,-0.08254000000000002,-0.7433300000000003,-0.08190999999999998,0.04360999999999999,0.23009000000000004
6.9995899999999995,10.096709999999998,-8.4359,42.849319999999985,35.93988,-3.51387,58.43872,0.8705599999999984,-7.491390000000001,-101.59294000000001,82.55289,2.29415,-19.89884,16.37473,-2.6764299999999994,6.803100000000001,2.6969800000000004,-1.71691,-64.79445,32.98048,24.277259999999995,49.349429999999984,20.100789999999996,-18.25882,3.4690200000000004,-7.78332,-5.530600000000001,1.3437599999999998,-2.51612,-2.7013300000000005,4.403600000000001,-2.1402199999999993,-6.04338,2.3386099999999996,1.4137000000000002,-0.29801,0.7599900000000002,-0.106,-0.8763700000000001,0.21001999999999998,0.172,-0.52938
3.4358,13.10471,-11.549829999999998,55.359570000000005,43.69381,-2.3835700000000006,59.51715,31.404229999999995,-7.730379999999999,-77.6753,69.62392,-4.425740000000001,-8.10762,8.10488,-1.02492,6.046140000000001,2.6665100000000006,-0.9944500000000001,-37.10739,32.29026,3.1710500000000006,81.17690000000002,9.067899999999998,4.46785,-2.47428,-6.005210000000001,-3.3641800000000006,3.36273,0.79745,3.603389999999999,4.7566500000000005,-2.2862899999999997,-7.04331,2.56185,1.8066399999999998,3.3613199999999996,0.8807499999999999,-0.07121000000000001,-1.07497,0.28437999999999997,0.06793999999999999,0.4431800000000001
-3.7651799999999995,7.12515,-4.845700000000001,70.95424,52.206959999999995,-0.74395,57.953219999999995,0.740800000000001,-0.5811500000000002,-41.0875,66.47176,-2.5707600000000004,-2.2818700000000005,2.7545,-0.23822000000000004,4.70764,2.5183300000000006,-0.46329999999999993,1.6241700000000003,-26.03956,4.3541099999999995,51.22301,32.59300999999999,-17.56185,8.91255,-5.24273,-8.80202,4.64005,-0.3541099999999998,2.3539099999999995,3.0024199999999994,-1.6730499999999997,-5.501860000000001,2.9828199999999994,2.0819,1.8068600000000001,0.22940000000000002,0.017730000000000006,-0.87292,0.38383999999999996,0.26156,0.31731000000000004
0.5023600000000003,4.14406,-5.4138399999999995,72.82375000000002,52.38964999999999,-0.8241000000000002,55.46473,1.6885499999999984,2.2628999999999997,-85.22858,70.1411,-3.1755000000000004,2.17485,-0.61098,0.23207000000000003,2.7533299999999996,1.8465099999999997,-0.6203700000000001,-68.97527,-5.891060000000001,14.656160000000003,50.0509,-1.7789300000000001,-4.689990000000001,10.18268,4.2104,-1.8239500000000002,8.099149999999998,-2.3578300000000003,0.5476500000000001,6.126409999999999,-1.7888000000000004,-0.05221999999999988,4.50022,1.89034,-1.52876,0.6096499999999999,-0.17347,-0.37553999999999993,0.69428,0.33508999999999994,-0.39853
-6.64639,6.185359999999999,-4.708349999999999,76.0108,47.80106,0.42460999999999993,41.53191,4.9788000000000014,5.29411,-61.48035,45.22362,-14.351779999999998,1.7867599999999997,-0.7127699999999999,0.39627,2.15179,1.62485,-0.40327999999999997,-54.01703,-46.55993000000001,-13.73087,-3.631239999999999,65.27672,-29.017710000000005,6.807169999999999,-3.61738,-2.8447300000000006,3.9044000000000003,2.27035,5.455119999999999,4.13518,-1.7617599999999998,-1.53922,1.84218,1.6754799999999999,3.004100000000001,0.71222,-0.23149999999999998,0.07597000000000004,0.18023,0.10327000000000001,0.5658
-6.89124,4.28369,-1.8036099999999993,83.52513,46.18085000000001,2.49998,48.05494999999999,-12.779850000000003,4.974459999999999,-11.11922,54.503209999999996,-1.6727100000000004,1.8236099999999995,-0.5021199999999999,0.5112399999999999,2.67418,1.1386,0.04065999999999999,28.361549999999998,-52.300929999999994,-5.914730000000001,17.31622000000001,73.03542,-10.927489999999999,3.08703,2.9678499999999994,2.8739100000000004,5.20842,0.31045,3.9409,1.00412,-0.060410000000000005,3.54525,2.27888,1.6656499999999999,1.0262,0.10240000000000002,-0.12801,0.70809,0.24994999999999998,0.21459,0.2757200000000001
-2.6388000000000003,9.00694,-12.356900000000003,82.20476000000001,44.78355,2.14836,70.14461,26.801249999999996,21.912720000000004,-24.36014,60.61533999999999,0.8197800000000001,2.3042,0.06356000000000002,-0.19238,2.95285,0.3632199999999999,0.17470999999999995,37.04869000000001,6.507899999999999,23.057899999999997,31.811029999999995,9.438659999999999,12.6859,3.61658,9.89605,3.66666,8.28379,-3.5553,2.0925000000000002,3.90459,-1.5056000000000003,3.00924,3.5086399999999998,1.1646100000000001,-2.30562,0.11778999999999998,-0.08089,0.28642,0.5843,0.24395,-0.36855999999999994
-4.140659999999999,5.98232,-6.337710000000001,80.20045000000002,37.87843999999999,2.51345,48.70974,7.895710000000004,6.98644,-50.424080000000004,47.65016,-2.3322499999999997,2.02965,-0.43777999999999984,-0.11390000000000003,4.25772,0.5498199999999999,-0.10252999999999998,-32.72869,-18.29248,1.0081100000000012,20.3448,19.98836,-7.361110000000001,5.0584,3.0766400000000003,-0.8437899999999999,9.50536,-5.710520000000001,4.17186,4.20487,-2.58469,-0.54783,3.61986,1.4567899999999996,-1.24068,0.37407,-0.26236999999999994,-0.025669999999999984,0.4257,0.16955000000000003,-0.02625000000000001
-11.80068,4.39222,0.007929999999999937,79.68027,28.615259999999992,3.93623,16.333970000000004,0.3247299999999993,3.307909999999999,-20.51209,27.40903,-5.2102900000000005,0.9466700000000001,-0.3378300000000001,0.15435999999999997,5.11597,0.30741000000000007,-0.37682,-38.34367,-53.99224,-31.55757,9.47474,17.88035,9.071259999999999,5.51023,2.912149999999999,0.51437,8.915640000000002,-3.4796899999999997,7.398100000000001,3.27029,-2.00681,1.2272699999999999,2.5576199999999996,1.46282,0.18495999999999996,0.6298700000000002,-0.37768999999999997,0.13511,0.11589,0.06686,0.12369000000000005
-7.693949999999999,6.13283,-3.742529999999999,77.33696,28.500349999999997,4.071599999999999,19.5342,10.287100000000002,39.32646,32.952830000000006,32.66227,1.9511499999999993,0.9297800000000003,0.0004799999999999596,0.10354000000000002,6.03393,0.9771800000000002,0.12705,49.33942,-13.59112,13.210599999999998,30.834709999999998,16.13194,11.71944,4.12606,6.98511,4.31533,7.0141,-5.89531,-0.15639000000000047,3.03986,-2.4024900000000002,4.04492,2.46655,1.4154000000000002,-3.7815,0.28328999999999993,-0.3370300000000001,0.5467200000000001,0.16830999999999996,0.30672999999999995,-0.69987
-2.0033700000000003,11.718999999999998,-8.140999999999998,69.09697999999999,21.546419999999998,3.59414,3.33672,11.989080000000001,26.476,23.119699999999998,26.410660000000004,2.23226,2.03992,0.64627,0.5238999999999999,6.76574,1.1589800000000001,-0.26852,19.2135,14.558779999999999,2.5209300000000003,38.67556,9.18642,21.22656,3.2614899999999993,10.556939999999999,5.934279999999999,10.359050000000002,-1.1402,8.00344,1.22924,-1.8310299999999995,5.64939,3.75002,2.54838,-0.4032500000000003,-0.036800000000000006,-0.23348,0.53057,0.3101400000000001,0.32333,-0.47458999999999996
-8.95186,16.565479999999997,-7.22122,72.81999999999998,17.85704,4.498850000000001,13.934789999999996,11.815850000000001,20.08037,30.021399999999993,23.08009,3.14804,2.69479,0.74933,0.7794600000000002,5.5132200000000005,1.3785299999999998,-0.50271,30.34377999999999,4.221940000000002,-4.647820000000001,31.699289999999994,1.2678299999999996,7.776570000000003,-2.4908900000000007,7.2030899999999995,3.33598,2.2813999999999997,-6.26116,-3.38423,1.74066,-1.7887499999999998,1.22349,1.10583,0.61536,-1.767349999999999,0.15335,-0.22686000000000003,0.13915000000000002,0.13903,0.13748,-0.09994999999999997
-13.139609999999998,8.877600000000001,-2.71983,62.17545,12.436129999999999,4.495190000000001,9.739290000000002,5.178159999999999,-16.524700000000003,10.111010000000002,5.121550000000001,-0.78068,1.5773899999999998,0.41942,0.22796000000000005,3.7835499999999995,1.1566499999999997,-0.47061,-1.740350000000003,-33.31833,-52.50768,30.176000000000002,13.424449999999998,-22.07454,3.562889999999999,3.9830900000000002,-0.28068,0.7941599999999999,-14.713480000000002,-15.11251,1.04354,-1.1306399999999999,0.5434699999999999,0.3138,0.14669999999999994,-7.01025,0.023539999999999985,-0.08927,0.07227999999999998,-0.10672999999999999,0.10304000000000002,-0.20004
-10.948079999999997,16.01432,-1.32879,59.351430000000015,12.36278,3.9190499999999995,-37.69126,10.87074,-7.009719999999999,15.653559999999997,5.25772,-2.84976,0.57634,0.8043299999999998,1.2748300000000001,1.42586,0.37471,-0.12919,-41.61453,1.4445300000000003,-30.0056,58.49177999999999,-16.317880000000002,28.31909,4.05501,4.880660000000001,2.1717599999999995,7.00402,-0.35506000000000026,10.5654,1.57318,-2.3851400000000003,2.6618100000000005,2.4309300000000005,1.36423,3.3374699999999997,0.01929,-0.2781799999999999,0.29268000000000005,0.04136999999999999,-0.03687000000000001,-0.36231
-21.906890000000004,25.11638,5.004129999999999,54.60009,6.977079999999999,5.26901,-63.65928000000001,19.62999,27.96619,27.069800000000004,-0.4629399999999998,1.1772799999999999,-0.14318000000000003,1.1760800000000002,3.2229399999999995,-3.3375999999999992,-0.95504,-0.027189999999999995,-43.03899,23.749999999999996,26.7562,44.88892,-21.848389999999995,18.436909999999997,-3.9923900000000003,4.324119999999999,6.32542,0.22785000000000077,-3.942839999999999,-4.110089999999998,2.57143,-3.75991,2.6520699999999997,0.11912000000000011,-0.4508199999999999,-1.8983500000000002,0.3073100000000001,-0.80867,0.47607,0.28191,0.060140000000000006,-0.02714000000000001
-21.53999,5.380790000000001,2.0737100000000006,45.79586,2.3676500000000003,5.827929999999999,-39.195159999999994,19.56915,-0.21231999999999962,10.25994,-1.9924699999999997,3.09887,0.41291999999999995,0.13268000000000002,0.7870700000000002,-8.442779999999999,-2.6416199999999996,0.05225999999999999,-48.470909999999996,16.45171,-8.61602,40.68128,23.8779,-53.15657,-0.27132,5.711109999999999,3.5663500000000004,-8.095439999999998,-15.50315,-34.00554000000001,0.30393999999999993,-1.0165100000000002,2.8992300000000006,-2.55808,-1.6024600000000002,-11.543359999999998,0.028220000000000005,-0.3216899999999999,0.54609,-0.4258399999999999,-0.14106000000000002,-0.23911999999999992
-14.439339999999996,3.52327,0.7745,46.18692,1.98274,6.50215,-60.407309999999995,1.8399500000000018,-9.153200000000002,23.051089999999995,3.721539999999999,6.67073,-0.7451999999999999,0.3511099999999999,-0.19396,-13.218469999999996,-3.921869999999999,0.39796999999999993,-43.27011,-3.6074899999999994,19.92689,57.70073,-27.319700000000005,1.489249999999994,6.28587,2.6634099999999994,-2.6499100000000007,1.86755,-2.7113000000000005,-0.409590000000001,3.1458499999999994,-2.1085100000000003,-1.28812,1.9258800000000003,1.8775500000000003,2.7442399999999996,0.10003999999999999,0.16015,-0.18815999999999994,-0.19834,0.33536,-0.8553899999999998
-15.62948,6.43416,5.156100000000001,38.72459,-1.55314,7.821189999999998,-95.55495,-7.8134500000000005,6.844640000000001,21.718519999999998,-0.9211899999999996,9.865610000000002,-2.1424899999999996,-0.07626999999999999,0.47261999999999993,-18.757480000000005,-5.420099999999999,0.75683,-76.58310999999999,-7.036309999999999,48.10656999999999,70.88317999999998,-23.32503000000001,18.442640000000004,-0.7304299999999999,-4.40999,-1.5384400000000005,2.5607500000000005,-0.9486399999999997,8.24043,2.09255,-1.0443900000000004,-2.9013500000000003,0.2967200000000001,0.20523000000000002,2.93921,0.20738,0.08340999999999998,-0.41422999999999993,-0.22415999999999997,-0.05204999999999999,-1.28785
-9.38113,-13.320779999999997,-14.151099999999994,36.74338999999999,-6.845300000000001,10.5959,-78.34158000000002,12.51136,-44.87845999999999,13.201009999999998,-2.0775000000000006,12.980769999999996,-1.9415299999999998,0.49711,-1.74608,-24.186649999999997,-7.230129999999998,0.8064799999999999,-83.89563999999999,21.517,-16.509799999999995,142.90662,-26.824339999999996,1.7623599999999997,-11.75651,2.7853699999999986,7.8601399999999995,-1.7432200000000002,-5.97635,-16.993399999999998,-1.21128,0.51694,1.7663099999999998,1.53288,0.51987,-3.3198700000000003,-0.11673,-0.16807,0.36592999999999987,0.44414999999999993,0.36082999999999993,0.021980000000000027
-1.3457300000000005,-17.949479999999998,-25.989640000000005,42.20364,-2.1155100000000004,10.236170000000001,-119.08852000000003,11.92431,-67.34327999999998,19.09726,6.28756,8.74314,-2.3235,0.94812,-2.97327,-28.52059,-8.77387,1.38316,-112.28082999999998,33.38963999999999,-21.624659999999995,105.24932,-31.246139999999997,1.5423900000000004,-2.1875900000000006,4.122,2.81914,-0.4873599999999999,-2.4411,-4.83419,0.7355199999999998,-1.27821,0.6732600000000002,2.18925,1.7567800000000002,6.1988199999999996,-0.0032299999999999864,-0.19860999999999995,0.07677000000000002,0.46662000000000003,0.18832,1.53879
-13.42144,-11.493320000000002,-18.92291,50.590149999999994,10.16912,8.00177,-171.96117,-10.639359999999998,-42.58497,31.44354,21.89106,11.11336,-2.7517300000000002,0.8152,-1.47577,-32.92685,-10.574690000000002,2.0856700000000004,-159.09814000000003,40.90880999999999,11.902469999999997,99.54475,-18.70754,-6.454199999999998,2.84522,-4.59377,-2.7790800000000004,-0.41742999999999997,-2.6584700000000003,-0.11325000000000009,1.1995999999999998,-0.4831199999999999,-1.4392500000000001,0.4461999999999998,0.12355000000000002,4.99788,-0.22407,0.13893000000000005,0.10453999999999997,-0.02997,-0.2853800000000001,0.88025
-55.853939999999994,-9.07256,-2.28758,62.04923,23.19184,6.2306099999999995,-73.80718,-9.98581,-13.230590000000001,33.00388,41.35595000000001,10.882210000000002,-2.6680100000000007,-0.10973999999999998,1.05634,-36.35176,-12.328059999999999,3.08456,-63.96301999999999,35.94282,-0.9661300000000008,92.82290999999998,-25.683259999999997,5.629860000000001,-3.78345,2.15045,5.59555,0.36963,-3.8960299999999997,-4.16751,3.83625,-3.04426,0.35843999999999987,1.8262599999999998,-0.36951000000000006,4.32312,0.7865200000000001,-0.6495999999999998,0.026890000000000053,0.17323000000000002,-0.43611999999999995,0.7798699999999998
-44.47847,1.1899499999999996,19.311040000000002,78.86463,33.20671,8.459690000000002,75.64774999999999,-10.2178,43.604260000000004,52.193380000000005,25.63702,6.24008,-1.5952899999999999,-0.7973800000000001,0.5641099999999999,-39.66286,-14.01738,4.43041,102.91381999999999,-28.85358,0.6474699999999998,76.16226,-19.14793,-17.17275,-4.87003,-2.3419100000000004,-1.5517899999999996,0.7849599999999999,-5.323359999999999,-11.37052,2.41984,0.5408999999999999,-4.90533,2.4966499999999994,1.20065,0.7055699999999999,0.44948,0.15203,-0.52651,0.4158400000000001,0.30689,-0.17041999999999996
6.60679,4.996979999999999,11.506930000000002,97.57619,48.94211,9.86589,144.63852,0.26912999999999987,29.67652,87.80559000000001,42.92486999999999,7.56081,2.76613,0.4615799999999999,0.23062000000000002,-44.05478000000002,-15.47372,6.540369999999999,198.57729999999998,-19.969790000000003,-15.44528,69.10226999999999,-8.882920000000002,-28.14242,1.0294500000000002,-1.89181,-1.7380000000000002,3.0963499999999997,-7.189309999999999,-11.047480000000002,-0.6033,-0.04732000000000014,-0.2879400000000002,3.8686299999999996,1.05834,-0.93462,-0.33084,-0.08884,0.14708,0.7564899999999999,0.36031,-0.21159
19.82151,1.41443,-5.78726,116.15181999999999,65.28242999999999,11.600919999999999,113.23194999999998,-0.06278000000000004,11.21239,118.45128,62.791189999999986,12.447959999999998,4.1898599999999995,0.8056100000000002,-1.01762,-48.72975,-18.042639999999995,8.645769999999999,194.60093999999998,-0.07395000000000018,-9.619659999999998,74.95838,13.626839999999998,-18.12331,4.734160000000001,0.76523,1.11231,3.64041,-8.19312,-5.97908,2.45906,-2.3853600000000004,1.26783,3.659510000000001,0.66167,1.0687399999999998,0.4996400000000001,-0.25925,-0.11239,0.5150600000000001,0.13907,0.41262999999999994
5.53773,1.3232300000000001,3.384359999999999,130.70789,80.42937,11.717039999999999,26.34637,-2.11602,18.562250000000002,123.67519,63.10663,10.98014,1.22825,-0.5820199999999999,0.26132999999999995,-52.01072,-21.626479999999997,10.407450000000003,102.84296,-0.6772400000000003,7.461689999999999,80.81929,28.986009999999993,-13.883469999999999,0.79257,-3.64072,-4.00196,1.74225,-7.69716,-4.612320000000001,2.0981999999999994,0.9008199999999997,-3.50288,2.45829,1.13358,3.63171,0.15168,0.37995,-0.37046,0.19285,0.17437,0.5687299999999998
3.242469999999999,0.8586500000000001,7.204409999999999,143.77562,95.28465999999999,10.35005,6.7101199999999945,-2.36488,10.43178,130.79796,105.54034000000001,8.28803,0.3654399999999998,-1.23179,1.15796,-53.87225000000001,-24.52736,12.5996,104.7441,39.72975000000001,10.80911,18.10095,20.67093,-18.35246,4.0669699999999995,1.4845099999999998,-4.59241,3.5228200000000003,-7.301879999999999,1.1947399999999995,-0.05391999999999994,1.13305,-2.00401,2.6452199999999992,0.53989,0.3123800000000001,0.024199999999999992,0.21461,-0.25416000000000005,0.29531,0.12169000000000002,-0.13684999999999997
-0.3786999999999996,-1.0727699999999998,-2.832080000000001,156.30054000000004,100.85457,14.294010000000002,22.95692,3.3615,-17.191020000000005,142.82010999999997,132.32108999999997,14.6481,1.7655700000000003,0.18657000000000004,-0.48458,-54.46031000000001,-25.775229999999993,14.334,115.21540999999999,80.10066,-36.22511,8.356419999999998,-23.485090000000003,-6.75229,4.96669,1.9659199999999997,-3.98689,5.89774,-8.53506,6.995630000000001,-0.10069000000000002,0.8890800000000001,-1.33146,3.8432400000000007,0.17807999999999996,-0.7717500000000002,-0.332,0.28518,-0.06447000000000001,0.49301,0.07780999999999998,-0.21725000000000003
-15.752370000000003,-1.15035,5.18283,162.25874,105.05931999999999,17.97949,11.479089999999992,4.6693599999999975,1.1217399999999995,154.06944,128.20677,19.77737,-0.9854699999999998,-0.26794,0.44959999999999994,-50.71903,-25.18864,15.66363,133.20419000000004,61.238049999999994,-11.201489999999996,48.839560000000006,3.1468799999999995,19.596839999999997,2.29742,2.5712099999999998,-0.3350400000000001,6.206439999999999,-10.344429999999997,8.360790000000001,-0.42495,0.12292000000000011,0.3199899999999999,4.06426,-0.24461,-0.7976600000000001,-0.41728999999999994,0.18509,0.08647000000000002,0.42623,-0.03475999999999999,-0.3064299999999999
-22.83635,-2.0084399999999993,-10.661259999999999,154.26921,108.5728,17.323089999999997,57.03632999999999,21.4262,-47.30085999999999,134.51865000000004,128.21433999999996,18.27433,-2.36117,0.7028399999999999,-0.02344000000000003,-44.10492000000001,-23.4157,16.69672,207.62694,41.05951999999999,-61.07679,39.15908,6.8490699999999975,13.731949999999998,6.2368,6.7990699999999995,1.57557,5.832379999999999,-11.32259,8.608239999999997,0.5033299999999998,-0.98332,1.65772,4.07312,-0.16729999999999998,0.92066,-0.15735,0.08538,0.07405000000000002,0.3897,-0.03007,0.04505999999999999
-43.39063999999999,-6.77149,-2.7164200000000003,144.35121,106.38227999999998,18.761419999999998,11.886660000000001,0.3357100000000004,-32.20222,85.63408000000001,98.82722000000001,17.528629999999996,-3.19761,-0.5678100000000001,0.40698,-36.04418,-18.573479999999996,17.119569999999996,81.62639,-9.361539999999996,-50.038619999999995,48.822120000000005,47.26381000000001,19.696479999999998,5.751290000000001,3.3478900000000005,0.61952,5.104420000000001,-10.779980000000002,7.353509999999999,7.667229999999998,-2.5375599999999996,-2.18691,3.3071399999999995,-0.31404,-0.31281,0.66263,-0.20477999999999996,-0.12304,0.17683,0.018099999999999998,0.0692
-38.08381,-7.9074800000000005,-16.2987,132.4158,103.70477000000001,17.89108,-1.9307100000000004,-6.45266,-15.11844,81.88815000000001,81.58362,12.486550000000001,-2.3996299999999997,0.31834999999999997,-2.28489,-27.746060000000007,-13.63231,16.430180000000004,69.17555000000002,-28.526750000000007,-34.5007,18.81217,10.667350000000003,32.20328,-2.2409199999999996,7.906130000000001,9.25364,7.391309999999999,-12.663610000000002,7.30767,7.8329,-4.398699999999999,0.7350799999999995,5.638969999999999,-0.42577999999999994,0.48199999999999993,0.94362,-0.82915,0.17424999999999996,0.7379900000000001,0.040839999999999994,0.18794
-16.52876,-1.45587,-1.6031400000000007,112.75348,94.25848,14.692249999999998,23.808709999999998,1.8986299999999998,25.652929999999998,58.28784000000001,73.70977,7.98474,0.35559999999999997,0.8531000000000001,-1.2057699999999998,-18.764960000000002,-9.09398,14.659590000000001,83.84440999999998,-0.9057600000000001,28.587910000000008,38.56723999999999,19.66335,23.16192,-5.729800000000001,11.32392,10.97913,7.077070000000001,-11.43992,6.664059999999999,3.1174800000000005,-2.65228,2.72934,5.836759999999999,-0.273,2.9088399999999996,0.4473700000000001,-0.47914999999999996,0.24778000000000006,0.7558700000000003,0.01977,0.4985200000000001
-14.105919999999998,-1.23692,0.36316000000000015,98.38159000000002,80.45911000000001,14.209489999999999,8.286870000000002,3.929969999999999,-5.5155899999999995,51.699279999999995,55.40957999999999,11.60986,0.8000100000000001,0.33279000000000003,0.51115,-10.80445,-4.692740000000001,12.3937,62.07923,-5.366269999999998,-4.035439999999998,-5.405709999999999,22.56843,-14.644749999999998,18.120239999999995,1.8936000000000002,-6.19637,5.0132200000000005,-9.29534,7.74728,2.6930499999999995,-0.8773800000000002,-0.8803000000000001,3.2409599999999994,-0.2545299999999999,2.29439,0.03874999999999999,0.06606999999999998,-0.18679,0.14400000000000002,-0.01446,0.2743300000000001
-13.091709999999999,-5.9669099999999995,-5.4069,82.62694,70.26514,10.2322,-5.866759999999999,-2.62133,-27.18886,21.39387,62.80539999999999,10.92559,1.4658699999999998,-0.06263000000000002,-0.18279,-3.4958499999999995,-1.7548399999999997,10.107039999999998,2.00594,-0.31778000000000084,-36.53846,-8.1242,-20.426890000000004,3.080309999999998,6.17507,-1.11944,-4.206440000000001,5.079370000000001,-9.695760000000002,3.70697,3.5721999999999996,-0.20781999999999992,-2.8820500000000004,4.06076,-0.73066,1.35292,0.5787100000000001,0.16279,-0.46427,0.4743900000000001,-0.08566,0.15056
-8.30271,-0.5260400000000001,-0.07179,68.59447,59.285560000000004,5.800230000000001,1.0459099999999997,0.7685699999999999,1.4356,3.5457399999999994,79.62415000000001,6.75373,2.4488,0.11543,-0.05390000000000001,2.2528299999999994,-0.11363000000000004,7.162739999999999,-13.69328,48.27990999999999,1.4042399999999995,3.3713600000000006,-22.83408,13.04393,0.9149999999999998,5.980459999999999,6.00551,5.560679999999998,-7.1425600000000005,4.03196,4.270110000000001,-2.437640000000001,2.513049999999999,4.49523,-0.27932,2.07735,0.5894999999999999,-0.48961999999999994,0.43043,0.63329,0.03334999999999999,0.25156
-3.66358,-1.67148,-0.49665999999999993,60.64099000000001,46.50246,4.9332,0.5803400000000004,-2.64524,-2.07134,8.21644,63.707890000000006,7.21661,2.6269999999999993,-0.13166999999999998,0.19812,6.3415300000000006,1.1911900000000002,4.16154,2.9923100000000002,36.11343,7.9727,27.85222,2.02057,1.83296,7.04937,3.73397,0.53614,3.7407000000000004,-7.123819999999999,1.5594,3.89918,-1.8337999999999999,0.39253000000000016,2.96743,-0.3558,0.4004100000000001,0.3144,-0.16218999999999997,-0.07149999999999998,0.29665,0.02789,-0.06851
-4.617839999999999,-0.19261000000000017,0.18070000000000006,47.77922000000001,40.256710000000005,2.84296,25.170790000000004,2.7617600000000007,15.149239999999999,-9.52356,51.4598,5.787449999999999,1.82067,-0.15248999999999996,0.35431,7.518419999999999,2.27627,2.5775399999999995,17.32104,28.437010000000004,37.67249,64.25558,-11.514659999999997,4.923710000000001,4.163819999999999,1.74634,0.4456500000000001,2.0912199999999994,-5.60319,0.5671799999999998,2.7966699999999993,-1.20614,0.17427999999999993,2.8467899999999995,0.018079999999999985,4.01856,0.06878999999999999,-0.00014999999999999996,-0.16318000000000002,0.32619,0.0006399999999999986,0.6935099999999998
-6.03714,-1.2202499999999998,-0.72434,41.68218,36.579260000000005,1.8453799999999998,22.12363,2.4293700000000005,-3.3529400000000003,-2.6371800000000025,51.76322999999999,4.1706,1.93593,0.06452,0.14868,5.8199,1.72507,1.2536999999999998,17.143600000000003,24.59525,4.410500000000006,-6.3248,-36.783910000000006,1.11835,7.12809,0.5705200000000001,-2.19421,4.06008,-5.866469999999999,4.3481700000000005,1.46428,-0.2826100000000001,-0.05737000000000006,3.4579499999999994,0.013650000000000079,4.39777,0.06852999999999998,0.07307,-0.027569999999999997,0.52395,-0.005649999999999999,0.7961900000000002
-9.94002,-11.53603,-0.41644,37.12108,34.55422999999999,2.3719800000000006,5.968729999999999,-21.153369999999992,-53.39825999999999,32.82185,56.23194,9.07609,1.9074499999999999,-0.18157999999999996,-0.64815,4.531699999999999,1.54812,0.9732700000000002,45.5181,-9.501579999999999,-81.12562000000001,-27.694130000000005,22.341049999999996,-7.91774,6.265779999999999,-2.0523700000000002,-4.3519,7.135580000000001,-10.52525,2.0328,1.9284,-0.19794999999999996,-2.06951,3.9927599999999996,-1.2249699999999997,-3.63223,0.36812,0.04441,-0.21939999999999998,0.47869,-0.05495,-0.75723
-2.3348100000000005,8.32265,-3.9139299999999997,25.170649999999995,28.09755,2.04712,31.613979999999998,20.90925,19.12249,7.329569999999999,13.28303,-1.2896699999999994,2.6484600000000005,0.19168999999999997,-0.017360000000000014,1.75764,0.8360699999999999,0.9813,58.543139999999994,-5.28125,12.140979999999999,16.04447,15.31799,-9.35242,6.139789999999999,0.44613999999999987,-2.45757,4.30884,-9.72948,-2.34809,2.3544900000000006,-0.45758,-1.0004199999999999,3.4928800000000004,-1.03981,-0.8264500000000001,0.32533,0.06347,-0.20207999999999998,0.35723,-0.11295000000000001,-0.01741000000000001
0.48364000000000007,9.459560000000002,-5.21932,17.00458,33.48104,1.05946,11.784070000000002,25.07292,25.880760000000002,-7.428009999999999,13.434229999999996,-3.38862,2.48691,0.5840700000000001,0.60841,-1.3595200000000005,-1.27528,1.57671,15.531640000000001,5.791070000000001,19.66875,15.447780000000002,0.6523600000000003,4.80274,0.0030599999999998406,0.97326,1.51705,2.4325599999999996,-8.13533,-3.2111,1.24624,-0.28974999999999995,0.6849700000000001,2.25824,-0.47108999999999995,0.07783000000000012,0.11299999999999999,0.0069200000000000025,0.10706999999999997,0.10532000000000001,-0.02274,0.08197
-3.2345300000000003,3.301989999999999,-2.99924,9.28746,39.55855,0.15633999999999998,5.014589999999998,11.17806,0.2513699999999998,-27.760589999999993,40.837619999999994,-1.2585499999999994,2.4250799999999995,0.5968599999999998,0.3323899999999999,-3.5851899999999994,-2.41466,2.7101599999999997,-24.511829999999996,13.906839999999999,-18.013509999999997,20.86919,-11.39373,4.303940000000001,-1.3912600000000004,0.7609600000000001,1.08298,3.428589999999999,-7.38261,-1.70304,0.59874,-0.09542999999999997,0.11755000000000004,2.6515699999999995,0.05393999999999999,-0.34784000000000004,0.11592000000000002,-0.01244,0.06894,0.31638,0.12893000000000002,-0.025440000000000018
6.812739999999999,9.705710000000002,-8.40228,7.209699999999998,35.47531000000001,0.4733799999999999,33.81033,24.8905,5.445109999999999,-47.85611000000001,29.77335,-6.57583,3.30717,1.6148800000000003,0.8165,-4.446019999999999,-3.0653599999999996,2.9054599999999997,-21.205159999999996,7.81917,-9.011919999999998,25.731469999999995,-26.56258,4.62853,5.648019999999999,-2.67451,-4.06789,4.96218,-5.060250000000001,6.019959999999999,2.10366,-0.58335,-2.08504,3.181479999999999,-0.26484,2.8404999999999996,0.10089,-0.025219999999999992,-0.04138000000000001,0.52813,-0.058929999999999996,0.48084999999999994
7.736110000000001,7.447650000000001,-7.90636,13.71244,46.79718,2.7143999999999995,51.47214,28.15977,9.141309999999999,-26.56404,52.17380999999999,3.9679200000000003,2.70328,1.32182,0.6590599999999999,-4.7100100000000005,-3.6227599999999995,3.6294899999999997,36.456199999999995,23.10005,10.131170000000001,30.544130000000003,-0.8074400000000006,6.738250000000001,0.36410000000000003,-2.0669,-0.3979300000000001,1.13343,-3.35633,0.0519400000000001,2.8811,-1.0099400000000003,-1.32859,0.35529999999999995,-0.15065999999999996,-0.41885999999999984,0.39020999999999995,-0.14794,0.0348,-0.13433,-0.0025000000000000027,-0.13631999999999997
15.430189999999998,3.1272000000000006,-2.49979,10.746979999999999,51.26270000000002,3.118760000000001,33.83119,13.55248,-2.19832,-40.30519000000001,48.14140999999999,0.18440999999999996,2.9123799999999997,0.68085,0.6073399999999999,-6.511540000000001,-3.9425799999999995,4.75698,-1.6931899999999986,-2.740109999999999,-13.72074,22.236340000000006,34.33192,-7.99399,1.30191,1.86857,0.8536,3.88614,-6.579159999999999,-2.93787,1.80829,-0.7349999999999999,0.07231999999999998,2.9585699999999995,-0.51711,-1.41626,0.27311,0.023369999999999995,-0.33136,0.41632999999999987,-0.04471,-0.34681000000000006
20.94536,5.81413,-8.74133,8.76629,49.33624999999999,2.45058,67.9242,27.055709999999998,-3.9506399999999995,-66.09996,26.66314,-6.118960000000001,3.964430000000001,0.8896299999999999,0.46136000000000005,-6.197400000000001,-4.29871,4.4338,5.447429999999999,-18.46207,-7.32529,14.21157,7.15927,-8.08784,2.0196199999999997,-0.08681000000000001,0.21306999999999993,3.3235,-5.279180000000001,1.52748,2.2228800000000004,-1.12208,-0.15746999999999994,2.0269500000000003,-0.58702,0.8083799999999999,0.31959000000000004,-0.13431,-0.09286,0.23605000000000007,-0.15817000000000003,0.19447
21.454,5.06242,-8.71107,13.006799999999998,53.68167,2.7413200000000004,81.59936,33.5514,2.22232,-72.00477999999998,27.56655,-5.3534,4.061300000000001,0.5260100000000001,0.64618,-4.73686,-4.05102,4.22893,15.786229999999998,-7.78214,12.48577,-9.645209999999999,23.88449,2.9206899999999996,5.883079999999998,1.63563,1.2826799999999998,1.7317000000000002,-2.0296,7.900549999999999,2.9409400000000003,-1.2187599999999998,1.9848700000000001,-0.09279000000000001,-0.22011,2.2830500000000002,0.42822999999999994,-0.16142999999999996,0.27126,-0.16595999999999997,-0.07645,0.28162000000000004
15.201719999999998,4.5626299999999995,-6.7274400000000005,15.546599999999998,58.76797,2.2846499999999996,56.91234,11.836060000000002,-0.6634199999999998,-88.4682,48.05771000000001,-0.89951,2.424360000000001,1.12956,0.4592699999999999,-4.182930000000001,-3.18593,4.031840000000001,-37.017129999999995,-1.99188,14.347960000000002,16.43425,0.8598800000000004,-4.28401,2.12475,0.18739000000000003,-1.9208,-0.23751999999999984,-2.0970799999999996,-4.68661,1.5970699999999995,0.036019999999999996,-1.5340599999999998,0.25725,0.34035000000000004,-0.43614999999999987,0.05002999999999999,0.12834,0.019150000000000014,0.09885999999999999,0.13263,-0.19217000000000004
20.31216,2.03409,-4.746550000000001,17.685140000000004,60.92313999999999,1.7440799999999999,87.07760000000002,13.748519999999997,-3.4930999999999996,-85.68149,50.824160000000006,0.2689,3.4504099999999998,0.16485,0.93562,-4.10029,-3.15148,3.2731699999999995,-0.18979999999999997,8.44807,19.3361,41.313599999999994,5.059659999999999,1.5094799999999997,-0.13816999999999993,1.95895,0.18580000000000002,0.018009999999999943,-2.6532499999999994,-7.702730000000001,2.00108,-0.68445,-0.9463699999999999,0.58663,0.35122000000000003,-1.65507,0.08521000000000001,0.05031,-0.29979,0.0284,0.10828000000000002,-0.15258
5.05919,2.79775,-4.86716,17.144619999999996,61.34915999999998,0.18420999999999998,72.98828,31.057139999999997,-7.435500000000001,-94.24469000000002,66.87757999999998,3.12505,3.5370100000000004,-1.5716800000000002,0.77683,-3.8085699999999996,-3.1563499999999993,2.30217,-26.447809999999997,39.07931000000001,21.80587,17.13848,14.60401,-10.543659999999997,2.55172,2.0876,0.34242000000000006,1.3435099999999998,-1.18555,0.9388699999999998,1.9872699999999996,-0.9481300000000001,0.22228,0.7728899999999997,-0.10626000000000001,0.5946199999999999,0.37024999999999997,-0.12568,-0.12681000000000003,0.08267000000000001,-0.09190999999999998,0.33357999999999993
-9.998109999999999,5.146270000000001,-2.25448,17.94519,55.88186,0.48277999999999993,60.932739999999995,10.56401,-1.0210800000000002,-65.02036999999999,49.333209999999994,-1.6895499999999999,-6.35654,2.73679,-1.10757,-4.35324,-2.6453100000000003,1.38555,11.300419999999999,-15.119589999999999,16.781190000000002,13.708389999999998,41.80283000000001,-15.103020000000004,5.681310000000002,0.72468,-1.2414299999999998,-1.2463800000000003,0.6144099999999998,2.28417,3.3255299999999997,-1.009,-0.35143,-1.06688,-0.17532,1.7521999999999998,0.29074,-0.12149999999999996,0.20687,-0.13044,-0.02173,0.10106
3.0178099999999985,2.66331,-1.1291300000000002,13.971789999999999,50.02710999999999,-0.53826,53.49782999999999,0.5605800000000006,-0.12266999999999983,-67.07688,25.256430000000005,-9.578329999999998,-15.13727,8.820860000000001,-1.7854500000000002,-5.2449900000000005,-2.36331,0.48799999999999993,-10.13065,-33.70273,2.1934200000000006,48.76420999999999,34.41919,10.681299999999998,-1.3655100000000002,-1.02157,-0.68374,0.12064999999999987,-1.18553,-0.47639,2.15147,-0.48017,-1.9205399999999997,0.5552599999999999,-0.29281,1.8065700000000002,0.029209999999999986,0.06937,-0.22818999999999995,0.17280999999999996,-0.05299000000000001,0.12294
30.169370000000004,-5.514090000000001,-0.5234000000000001,8.7742,42.65328000000001,-2.2944999999999998,86.71204999999999,-18.344659999999998,-0.2206600000000003,-95.18727000000001,23.63186,-9.423320000000002,-23.645830000000004,16.90213,-2.12657,-6.87947,-2.9759300000000004,-0.5195800000000002,-16.631560000000007,-20.715919999999997,11.39997,44.48598,-0.5654700000000008,-2.3562599999999976,3.0765899999999995,1.2438199999999997,-1.1096299999999997,1.2617700000000005,-2.9990299999999994,-2.8878,1.60378,-0.30094,-0.61768,1.12043,-0.0353,0.24401999999999985,0.41003999999999996,0.021450000000000004,-0.25369,0.11502999999999997,-0.09067,0.2726799999999999
9.080460000000002,-5.08352,3.136899999999999,5.349259999999999,35.79165,-2.73684,37.99054000000001,-42.973349999999996,12.457589999999998,-90.13625,34.53084,-2.7681200000000006,-33.223180000000006,24.68769,-4.27813,-8.837300000000003,-3.5735,-0.90939,-62.740469999999995,-24.18168,24.020749999999996,22.683930000000004,23.87103,-34.84266000000001,12.461100000000002,-1.54264,-4.78465,-0.2036500000000001,-4.367979999999998,-6.319669999999999,4.42114,-1.0503,-1.6548699999999998,0.8293999999999999,-0.19478,1.6750500000000001,0.48144999999999993,-0.08651,0.06772,-0.04492,-0.15621,0.51391
3.9364799999999995,-11.088729999999996,5.908669999999998,4.858030000000001,24.930939999999996,-2.23544,27.12554,-54.177389999999995,14.98943,-61.83631999999999,22.668,-6.67819,-40.76588,30.990839999999995,-5.73644,-9.62474,-4.94832,-1.3976300000000001,-31.239069999999998,-38.63229,15.16308,36.213269999999994,4.419800000000002,3.7688599999999965,2.6720000000000006,-0.45365000000000033,-1.3790700000000002,3.2355,-3.78554,4.352579999999999,2.86061,-1.0756,-1.33842,1.0922199999999997,-0.27446999999999994,1.40844,0.09586999999999998,-0.08556000000000001,-0.03571999999999999,-0.019079999999999996,0.03690999999999999,-0.2516999999999999
27.996600000000004,-26.32774,5.921670000000001,1.31074,12.71266,-2.0616,57.23613000000002,-48.57393999999999,9.1646,-48.36486,9.5642,-5.01596,-47.310610000000004,33.1031,-5.38527,-10.226119999999998,-6.77971,-2.1526000000000005,15.9174,-2.4711599999999994,9.194249999999998,18.49115,2.294859999999998,20.72366,-3.64678,4.327580000000001,1.22269,2.87697,-1.70837,6.988310000000001,1.6927000000000003,-0.5461999999999999,-0.7965799999999998,0.9718099999999997,-0.35880999999999996,2.8805400000000003,0.30108,0.10033999999999998,-0.5022900000000001,0.16030000000000003,0.028199999999999996,-0.03443
23.0955,-38.37428,10.99144,-0.40082999999999996,10.582370000000003,-1.56902,-3.4973099999999975,-36.48597000000001,14.42793,-34.6339,11.98126,1.7291399999999992,-50.68177,30.03244,-4.849910000000001,-11.430259999999999,-7.589269999999999,-2.20573,-36.62501999999999,26.708769999999998,-1.2856599999999996,44.10547,34.53029000000001,-12.978979999999996,10.17013,-1.4332999999999996,-3.2741499999999997,-0.26475,-4.37034,-5.646450000000001,5.74666,-1.8793199999999999,-1.7133400000000005,0.8587399999999998,0.16007999999999997,0.87827,0.23061000000000004,0.015540000000000002,0.007709999999999995,0.10751,-0.05684,0.40000999999999987
18.992509999999996,-46.81413,13.463710000000003,-3.0882499999999995,5.82529,-2.0053399999999995,-43.39713,5.33859,7.043099999999999,-29.131029999999996,22.14533,8.696000000000002,-49.71103999999999,25.043460000000003,-3.9039299999999995,-12.38018,-8.397500000000003,-2.5385100000000005,-77.58967999999999,106.20669999999998,-13.757449999999999,62.2956,18.182720000000003,-12.17551,2.77597,1.74158,0.8411399999999999,0.3821700000000002,-7.36131,-9.66982,2.48664,-1.2835000000000003,0.8204200000000001,1.9295900000000001,0.48412,-0.4142199999999999,-0.04627,-0.015839999999999993,0.07512,0.12994,0.019809999999999998,0.06740000000000002
23.16237,-65.18626000000002,18.78674,-4.4737599999999995,-2.61467,-1.7020500000000003,-19.32664,-31.51971,13.340609999999998,-29.047110000000004,-5.314059999999999,-5.51168,-46.34198000000001,20.58617,-3.4962099999999996,-11.85118,-8.66032,-2.5792400000000004,-51.82536,33.32384,-17.13805,44.132509999999996,4.1347,-9.52496,0.13361999999999963,2.6037499999999993,1.45418,-1.1675399999999998,-1.7643800000000003,-4.60317,2.77584,-1.45071,0.65292,1.3299799999999997,0.04137000000000002,1.1184499999999997,0.356,-0.11866999999999998,-0.04833,0.12563,0.0336,-0.11936
22.386559999999996,-73.07072,22.045170000000002,-3.67723,-4.78797,-1.32125,-4.68853,-82.23301999999998,25.1565,-23.57659,-12.901969999999999,-9.072480000000002,-41.60827999999999,18.022640000000003,-3.2600899999999995,-11.5413,-8.155590000000002,-2.4283200000000003,-31.99317,-36.36907,-2.32458,50.16729,-3.05006,10.511009999999999,5.781429999999999,-0.14651000000000003,-1.82485,5.407290000000001,-1.1523299999999996,7.464309999999999,4.41057,-1.7270200000000002,-1.22967,1.9499399999999993,0.7784500000000001,2.89197,0.6103899999999999,-0.15136000000000002,-0.06064,0.0029399999999999843,0.22534999999999997,-0.07937
18.74179,-69.03331999999999,20.786820000000002,-2.7077,-7.404969999999999,-1.00462,-9.124790000000003,-96.49511999999997,25.66855,-8.044799999999999,-13.021549999999998,-4.099239999999999,-35.90471,14.785250000000001,-2.62935,-10.867550000000001,-7.56626,-2.4507400000000006,-14.01531,-42.196110000000004,4.40555,23.007289999999998,20.87556,-2.89283,7.294299999999999,0.07391000000000009,-2.06933,10.16672,-11.596799999999998,-1.1518299999999995,2.8978000000000006,-1.45584,-0.83231,4.935290000000001,1.24243,-2.7378499999999995,0.34113999999999994,-0.11638,-0.20532999999999998,0.38273999999999997,0.018320000000000017,-0.20839
14.145909999999999,-57.98571999999999,17.148850000000003,-4.20525,-6.839359999999997,-1.4982299999999997,-17.541419999999995,-78.67724000000001,21.240150000000003,-14.749859999999996,-8.94418,-3.85729,-29.8645,10.8962,-1.7047699999999997,-10.660740000000002,-7.2209900000000005,-2.43879,-26.366929999999996,-27.717169999999996,1.8830599999999997,26.67362,12.481609999999998,-7.13882,6.64034,-2.30305,0.26779,2.1097900000000003,-5.016859999999999,-1.06094,3.579559999999999,-2.09344,0.8186599999999999,2.0166699999999995,-0.15513,0.3368899999999998,0.33458,-0.24057,0.19160000000000002,0.33621,-0.158,0.05434
9.590330000000002,-49.28192,14.859730000000003,-4.962819999999999,-5.221609999999999,-1.77231,-24.72815,-66.08276,18.65209,-19.35693,-3.2593499999999995,-1.98089,-24.59042,8.142900000000001,-0.9279800000000001,-10.71326,-6.99117,-2.51577,-38.55482,-23.502339999999993,3.3206599999999993,33.79683,12.100430000000003,0.7735800000000004,-1.4428000000000003,3.7788800000000005,1.1078800000000002,3.1840000000000006,-5.857199999999999,-2.98029,4.21472,-2.0752399999999995,0.5840800000000002,3.26656,1.39541,-1.0812499999999998,0.48244000000000004,-0.16818999999999995,0.17447999999999997,0.24065000000000003,0.21648,-0.25445999999999996
9.040249999999999,-43.50472,12.384050000000002,-3.1892200000000006,-3.820339999999999,-1.1351,-17.49669,-56.08453000000001,15.80021,-2.41137,-0.76033,2.5708,-20.71963,5.901229999999999,-0.59163,-10.43776,-6.330739999999999,-2.35946,-9.95363,-21.06972,4.793190000000001,5.786980000000001,40.6246,-14.561740000000004,5.394260000000001,2.97081,0.07572999999999999,4.52352,-5.01529,-0.8816600000000001,3.6358499999999996,-1.8257899999999998,0.82484,3.1693399999999996,1.17099,-0.9858200000000001,0.3186500000000001,-0.011369999999999995,-0.049829999999999985,0.12625,0.13611,-0.20688
4.8210500000000005,-38.43213000000001,10.814590000000003,-5.60539,-3.2035099999999996,-1.6584099999999995,-16.08751,-46.45660000000001,14.34573,-9.82598,0.6346099999999999,0.38516,-18.224050000000002,4.589119999999999,-0.82237,-10.672599999999997,-5.98261,-2.3965799999999997,-20.27108,-10.75433,4.30674,49.24453000000001,27.233389999999996,14.166659999999997,0.06749000000000005,-0.44287,0.7073799999999999,11.38686,-4.56091,6.569469999999998,2.36913,-1.64839,0.39189000000000007,4.51431,1.1507,1.77217,0.40102000000000004,-0.24987,0.05831,0.59442,0.07373000000000002,0.37012
5.795780000000001,-34.94081,8.935489999999998,-3.8566400000000005,-3.5727400000000005,-1.9276199999999997,-6.29649,-46.51077,11.64012,-9.738919999999998,-4.527500000000001,-3.8233299999999995,-17.092559999999995,4.463879999999999,-0.7484200000000001,-10.617879999999996,-5.926339999999999,-2.79634,-11.74266,-18.070659999999997,0.5874900000000003,35.77891000000001,1.8475099999999993,10.816119999999998,-1.0782300000000007,4.44752,1.5891600000000001,8.362459999999999,-9.476029999999998,0.7921500000000006,1.62892,-1.7100499999999998,1.8595,5.744650000000001,1.4428899999999998,-0.7872500000000001,0.14374000000000003,-0.27246,0.26536,0.8078200000000001,0.15078999999999998,0.04647000000000002
2.5441299999999996,-30.405510000000003,7.49639,-6.16371,-2.41112,-2.1167400000000005,-12.370389999999999,-37.14349,8.42219,-10.73284,-4.051090000000001,-2.4862399999999996,-17.675680000000003,5.55017,-1.0318,-10.48737,-5.475890000000001,-2.9771299999999994,-18.009260000000005,-13.16545,-7.107899999999997,6.291169999999999,16.820209999999996,-23.24789,11.39237,-1.4493699999999996,0.23979000000000006,5.732090000000001,-13.234480000000001,-2.2780799999999997,1.47766,-1.19634,1.7066999999999999,4.578060000000001,0.6324700000000001,-3.3248700000000007,-0.043340000000000004,0.011960000000000005,0.04737,0.47537000000000007,0.004200000000000002,-0.17475000000000002
0.08260999999999995,-28.46193999999999,7.227780000000001,-9.001219999999998,1.8993700000000002,-2.0137,-14.087459999999998,-31.015489999999996,8.29405,-21.32609,8.93241,1.4778599999999997,-19.0858,7.618389999999999,-1.4610200000000002,-10.0227,-5.029810000000001,-2.715059999999999,-32.30413,11.985400000000002,-0.9550300000000003,23.959939999999996,13.197569999999999,-12.61383,9.051580000000001,-2.88912,0.46304,7.034360000000002,-7.4602,0.8430199999999997,1.81251,-1.34745,1.3237599999999998,3.9435299999999995,0.55619,-1.3963000000000003,0.18249999999999997,-0.09582000000000002,0.10214999999999999,0.36286000000000007,-0.01754,-0.22589000000000004
0.8005,-27.508390000000002,7.22311,-7.73344,3.33206,-1.70209,-13.85176,-44.053059999999995,11.72896,-17.47534,6.64264,-1.4478300000000002,-20.946650000000005,10.508800000000003,-1.6210199999999997,-9.11028,-4.7115,-2.5319799999999995,-31.390850000000004,-11.02202,0.33520000000000016,35.77974,12.68183,0.5624199999999999,4.45327,1.93833,0.4958100000000001,13.698559999999999,-4.49742,4.09642,2.49693,-1.9505799999999998,1.25744,6.81096,1.70013,0.11252999999999999,0.24358999999999997,-0.16237999999999997,0.17277999999999996,0.8467899999999999,0.15691,-0.13806
-2.1295,-24.55369,6.91354,-5.35996,0.8165499999999999,-1.74397,-23.36183,-39.806039999999996,10.41562,-15.859400000000003,-1.4014699999999998,-2.7099,-23.68944,13.36084,-1.73433,-7.707919999999999,-4.01124,-2.70144,-36.49305999999999,-17.939379999999993,-5.961389999999999,30.50142,8.575479999999999,7.051739999999998,-1.9244400000000002,0.80936,-0.30165000000000003,11.644659999999998,-6.265249999999999,1.2191699999999999,3.3106699999999996,-2.27566,-0.7241800000000003,5.68609,1.49312,-2.0862899999999995,0.5895100000000001,-0.27380000000000004,-0.03716,0.6974900000000002,0.22157,-0.01006
-0.82756,-23.50283,6.612879999999999,-5.343720000000001,4.62673,-1.3009199999999999,-19.35783,-32.98565,9.488330000000001,-18.805970000000002,11.788430000000002,1.8146199999999997,-26.309510000000003,15.730449999999998,-1.6151199999999997,-6.53951,-3.1684699999999997,-2.4014499999999996,-36.59611,7.502139999999999,1.8492,47.93547000000002,0.04269000000000012,4.9709,4.659979999999999,1.05971,1.9991600000000003,6.633699999999999,-6.252120000000001,-1.53696,2.0170600000000003,-1.9947699999999995,2.42608,4.81862,0.91065,-3.0199700000000003,0.19846,-0.17198,0.12039,0.5550999999999999,0.08861999999999999,-0.45276000000000005
0.042770000000000016,-23.049530000000004,6.30333,-4.24579,5.759440000000001,-0.7788700000000001,-9.248930000000001,-33.61912000000001,6.893649999999999,-10.434449999999998,13.6327,4.22096,-28.17816,17.48023,-1.4143300000000005,-5.68107,-2.5994400000000004,-2.17282,-8.916479999999998,14.182469999999999,2.3346400000000003,27.485999999999997,10.426719999999998,-8.20556,6.19539,1.9833799999999995,1.1929399999999997,6.061370000000001,-7.984320000000001,-1.2660500000000001,2.19251,-2.23971,2.03887,5.39082,1.36061,-2.60501,0.22674,-0.22332999999999995,0.11583999999999998,0.6560899999999998,0.16279000000000002,-0.24629000000000006
-1.6016399999999997,-22.203590000000002,7.023769999999999,-5.01151,7.08033,-0.9972000000000001,-14.705990000000003,-30.186789999999995,9.190369999999998,-18.4052,13.82193,1.0760700000000003,-29.2352,18.847579999999997,-1.20412,-4.92347,-2.4260299999999995,-2.24046,-26.8156,16.817930000000004,-0.6406799999999999,13.018269999999998,-9.515289999999998,11.660829999999997,3.46446,2.11531,1.9130499999999997,10.428150000000002,-2.3896900000000003,1.4128299999999996,2.7704899999999997,-2.8157599999999996,2.4144199999999993,6.20503,1.9644000000000001,-0.51677,0.4457,-0.4929700000000001,0.5653100000000001,0.7316599999999999,0.15138,0.01985
-1.7201799999999998,-23.600829999999995,7.99981,-5.121689999999999,6.663,-1.2917900000000002,-20.253860000000003,-37.17506,12.9936,-21.473809999999997,7.460850000000001,-3.7082899999999994,-30.005139999999994,19.293549999999996,-1.07259,-5.01992,-2.14482,-2.39084,-42.990189999999984,-6.49781,-3.3684899999999995,30.395969999999995,-3.81387,5.316650000000001,3.4709000000000003,-0.89167,1.7622100000000003,7.25864,-4.352109999999999,-0.34370000000000006,1.51797,-1.6366799999999997,2.05236,5.865630000000001,1.5633600000000003,-1.45738,0.15207,-0.2388,0.45030000000000003,0.6941800000000001,0.07878,-0.16839999999999997
0.28894999999999993,-23.45418,7.15333,-4.83965,7.483789999999998,-0.72424,-9.907909999999998,-33.79523,7.335000000000002,-23.57702,10.49523,-0.054420000000000024,-30.48573,19.72072,-0.9106799999999999,-5.75975,-1.59499,-2.2579000000000002,-30.735989999999994,7.397389999999998,-1.3724599999999998,60.77699999999999,15.88448,-11.21512,3.8748700000000005,-4.05724,-1.80804,5.16294,-6.4573100000000005,-1.44288,3.97141,-3.0506699999999993,-1.8112499999999998,4.55671,1.36976,-2.37222,0.40773999999999994,-0.12778,-0.30572,0.53298,0.14826,-0.12675999999999998
0.9228100000000001,-25.54661,8.013470000000002,-6.998730000000001,9.599979999999999,-0.36598,-12.98974,-38.804990000000004,8.90546,-22.55506,15.698199999999998,2.3424500000000004,-30.13521,19.633230000000005,-0.79228,-7.17409,-1.7862499999999997,-2.22535,-31.01031,7.956269999999999,0.22496000000000005,27.59487,0.5142199999999999,2.49283,1.3367299999999995,-2.4061800000000004,-1.44964,8.0288,-3.6491199999999995,-1.22573,4.776399999999999,-3.5643499999999992,-1.8607000000000005,3.66679,0.96025,-2.91808,0.7096299999999999,-0.27661999999999987,-0.25364,0.44283000000000006,0.10404,-0.5315599999999999
0.08347000000000002,-24.630150000000004,8.453629999999999,-6.78358,8.27233,-0.8368299999999997,-24.70217,-39.316759999999995,12.90741,-13.300009999999997,9.687009999999999,-2.17487,-29.790440000000004,19.03761,-0.6330600000000001,-8.957820000000002,-2.15011,-2.6081699999999994,-35.13831,-6.62037,-5.796779999999999,13.905149999999999,3.42044,-5.0243199999999995,9.535070000000001,1.9318800000000003,1.8165899999999997,4.72565,-3.50527,-0.05010000000000012,1.6662600000000003,-2.11775,3.05911,3.3502400000000003,1.4328900000000002,-0.8938300000000001,0.22754000000000002,-0.24885000000000002,0.22612999999999994,0.38039,0.17452000000000004,-0.01898000000000004
3.0791900000000005,-23.565969999999993,7.242049999999999,-6.947930000000001,8.38762,-0.76811,-9.789039999999998,-30.98368,8.652530000000002,-14.766449999999999,13.398539999999999,0.6862300000000001,-29.31181,18.69417,-0.45502999999999993,-10.988600000000002,-2.6099,-3.016679999999999,-19.847019999999997,6.34299,-0.5358700000000003,52.11643999999999,-6.462859999999999,0.08407999999999993,3.96197,0.27448000000000006,1.4095000000000002,5.892590000000001,-1.6021699999999999,1.41031,1.43058,-1.9534999999999998,1.7204300000000001,3.37525,1.2152399999999999,0.42096000000000006,0.19055999999999998,-0.28146,0.20559999999999998,0.45919,0.07255999999999999,0.18104000000000003
2.9462,-25.911869999999993,7.87435,-11.77376,9.577150000000001,-0.6956300000000001,-12.462899999999998,-33.53469,7.962809999999999,-26.769639999999995,14.301640000000003,2.587860000000001,-29.0078,18.568079999999995,-0.50676,-13.543869999999998,-3.1366499999999995,-3.26485,-32.45092999999999,11.072310000000002,1.5855599999999999,39.64999999999999,-4.665209999999999,3.3138999999999994,2.8179,-1.9173599999999997,-0.42002999999999996,4.626200000000001,-2.7973800000000004,-0.6474099999999999,1.18131,-1.3322300000000002,-0.16197999999999996,4.05069,0.8525399999999999,-0.96976,-0.045950000000000005,-0.002920000000000005,-0.06483,0.48935,-0.047300000000000016,-0.22126999999999997
4.648599999999999,-24.538159999999998,7.07371,-12.158929999999998,7.93332,-1.5268000000000002,-13.68024,-26.428409999999992,8.272749999999998,-21.518599999999996,14.30397,0.61721,-28.860029999999995,18.25101,-0.64439,-15.69169,-3.97949,-3.90678,-27.625390000000003,25.359829999999995,-5.384670000000001,22.49711,-11.262599999999999,9.16608,-0.6322800000000001,2.25161,0.25738999999999995,5.00619,-1.68431,-0.74245,2.46964,-1.8820700000000001,-0.54178,4.23744,1.73529,-0.9734099999999998,0.32602,-0.027270000000000006,-0.19058999999999998,0.52623,0.18621000000000001,-0.06896
3.4870399999999995,-25.248719999999995,7.75952,-12.948039999999999,4.44662,-2.29554,-20.51419,-31.835569999999997,9.190310000000002,-19.973289999999995,10.609620000000001,0.20827000000000007,-28.972149999999992,18.516450000000003,-0.6842599999999999,-17.851309999999998,-4.499230000000001,-4.3972,-38.01252,6.255450000000001,-4.22271,39.38405999999999,-4.465160000000002,5.482060000000001,-1.8266999999999998,-1.0387099999999996,-0.50512,5.08691,-0.946,1.2393199999999998,2.3104,-1.7526,-1.27407,0.9697599999999998,0.79129,-0.04063999999999999,0.28135,-0.09319,-0.12403000000000003,-0.27209,0.04032999999999999,0.025960000000000004
5.862439999999999,-25.961999999999996,7.9063,-14.00968,6.839829999999999,-1.7656499999999997,-16.27225,-33.30037,10.94452,-26.477199999999996,18.017039999999998,2.50776,-29.512430000000002,18.63602,-0.5939,-19.647510000000004,-4.75303,-4.336099999999998,-41.94205999999999,5.537359999999998,3.0822699999999994,35.65256999999999,8.45928,-1.5520199999999986,4.3242199999999995,-6.948499999999999,-1.8564,4.792789999999999,-2.68733,0.1952500000000002,3.0313499999999998,-2.4402,-1.21436,2.514089999999999,1.3153999999999997,-0.45077999999999985,0.35287,-0.24153,0.059930000000000004,0.08052999999999996,0.13113999999999998,-0.11273000000000001
7.319430000000002,-22.348260000000003,6.395590000000002,-13.266300000000001,9.750660000000003,-0.6308400000000002,-10.82941,-25.68304,7.669769999999998,-19.506510000000002,21.652070000000005,5.521840000000001,-29.783940000000005,18.78867,-0.3303900000000001,-21.203420000000005,-4.555330000000001,-3.975770000000001,-21.26075,26.516990000000003,-0.1903999999999992,52.806860000000015,-1.3328699999999984,-5.382460000000001,6.176430000000001,-0.4377600000000007,0.0011299999999997978,0.45127,-2.9867500000000007,-1.9503800000000004,3.16604,-2.7859200000000004,0.33844,4.72298,1.4138700000000002,-0.30590000000000017,0.45365000000000005,-0.24396999999999996,0.05382999999999999,0.8055400000000003,0.05725000000000005,-0.040630000000000006
3.82891,-21.1778,6.66036,-15.39815,8.68978,-0.73177,-16.37094,-26.92103,5.78196,-25.00276,20.40954,4.92626,-29.71516,19.22235,-0.29543,-22.07124,-4.00744,-3.57168,-36.33088,23.68087,-1.13623,40.93153,-11.14207,5.16046,5.35234,1.72486,1.09723,5.08095,2.33177,2.12276,1.21908,-1.816,1.34573,3.26925,0.9503,1.52906,0.029,-0.11503,0.11769,0.43598,-0.04176,0.25835
,,,,,,,,,,,,,,,,,,,,,,,,,,,,,,,,,,,,,,,,,
,,,,,,,,,,,,,,,,,,,,,,,,,,,,,,,,,,,,,,,,,
,,,,,,,,,,,,,,,,,,,,,,,,,,,,,,,,,,,,,,,,,
,,,,,,,,,,,,,,,,,,,,,,,,,,,,,,,,,,,,,,,,,
,,,,,,,,,,,,,,,,,,,,,,,,,,,,,,,,,,,,,,,,,
,,,,,,,,,,,,,,,,,,,,,,,,,,,,,,,,,,,,,,,,,
,,,,,,,,,,,,,,,,,,,,,,,,,,,,,,,,,,,,,,,,,
,,,,,,,,,,,,,,,,,,,,,,,,,,,,,,,,,,,,,,,,,
,,,,,,,,,,,,,,,,,,,,,,,,,,,,,,,,,,,,,,,,,
,,,,,,,,,,,,,,,,,,,,,,,,,,,,,,,,,,,,,,,,,
,,,,,,,,,,,,,,,,,,,,,,,,,,,,,,,,,,,,,,,,,
,,,,,,,,,,,,,,,,,,,,,,,,,,,,,,,,,,,,,,,,,
,,,,,,,,,,,,,,,,,,,,,,,,,,,,,,,,,,,,,,,,,
,,,,,,,,,,,,,,,,,,,,,,,,,,,,,,,,,,,,,,,,,
,,,,,,,,,,,,,,,,,,,,,,,,,,,,,,,,,,,,,,,,,
,,,,,,,,,,,,,,,,,,,,,,,,,,,,,,,,,,,,,,,,,
,,,,,,,,,,,,,,,,,,,,,,,,,,,,,,,,,,,,,,,,,
,,,,,,,,,,,,,,,,,,,,,,,,,,,,,,,,,,,,,,,,,
,,,,,,,,,,,,,,,,,,,,,,,,,,,,,,,,,,,,,,,,,
,,,,,,,,,,,,,,,,,,,,,,,,,,,,,,,,,,,,,,,,,
,,,,,,,,,,,,,,,,,,,,,,,,,,,,,,,,,,,,,,,,,
,,,,,,,,,,,,,,,,,,,,,,,,,,,,,,,,,,,,,,,,,
,,,,,,,,,,,,,,,,,,,,,,,,,,,,,,,,,,,,,,,,,
,,,,,,,,,,,,,,,,,,,,,,,,,,,,,,,,,,,,,,,,,
,,,,,,,,,,,,,,,,,,,,,,,,,,,,,,,,,,,,,,,,,
,,,,,,,,,,,,,,,,,,,,,,,,,,,,,,,,,,,,,,,,,
,,,,,,,,,,,,,,,,,,,,,,,,,,,,,,,,,,,,,,,,,
,,,,,,,,,,,,,,,,,,,,,,,,,,,,,,,,,,,,,,,,,
,,,,,,,,,,,,,,,,,,,,,,,,,,,,,,,,,,,,,,,,,
,,,,,,,,,,,,,,,,,,,,,,,,,,,,,,,,,,,,,,,,,
,,,,,,,,,,,,,,,,,,,,,,,,,,,,,,,,,,,,,,,,,
,,,,,,,,,,,,,,,,,,,,,,,,,,,,,,,,,,,,,,,,,
,,,,,,,,,,,,,,,,,,,,,,,,,,,,,,,,,,,,,,,,,
,,,,,,,,,,,,,,,,,,,,,,,,,,,,,,,,,,,,,,,,,
,,,,,,,,,,,,,,,,,,,,,,,,,,,,,,,,,,,,,,,,,
,,,,,,,,,,,,,,,,,,,,,,,,,,,,,,,,,,,,,,,,,
,,,,,,,,,,,,,,,,,,,,,,,,,,,,,,,,,,,,,,,,,
,,,,,,,,,,,,,,,,,,,,,,,,,,,,,,,,,,,,,,,,,
,,,,,,,,,,,,,,,,,,,,,,,,,,,,,,,,,,,,,,,,,
,,,,,,,,,,,,,,,,,,,,,,,,,,,,,,,,,,,,,,,,,
,,,,,,,,,,,,,,,,,,,,,,,,,,,,,,,,,,,,,,,,,
,,,,,,,,,,,,,,,,,,,,,,,,,,,,,,,,,,,,,,,,,
,,,,,,,,,,,,,,,,,,,,,,,,,,,,,,,,,,,,,,,,,
,,,,,,,,,,,,,,,,,,,,,,,,,,,,,,,,,,,,,,,,,
,,,,,,,,,,,,,,,,,,,,,,,,,,,,,,,,,,,,,,,,,
,,,,,,,,,,,,,,,,,,,,,,,,,,,,,,,,,,,,,,,,,
,,,,,,,,,,,,,,,,,,,,,,,,,,,,,,,,,,,,,,,,,
,,,,,,,,,,,,,,,,,,,,,,,,,,,,,,,,,,,,,,,,,
,,,,,,,,,,,,,,,,,,,,,,,,,,,,,,,,,,,,,,,,,
,,,,,,,,,,,,,,,,,,,,,,,,,,,,,,,,,,,,,,,,,
,,,,,,,,,,,,,,,,,,,,,,,,,,,,,,,,,,,,,,,,,
,,,,,,,,,,,,,,,,,,,,,,,,,,,,,,,,,,,,,,,,,
,,,,,,,,,,,,,,,,,,,,,,,,,,,,,,,,,,,,,,,,,
,,,,,,,,,,,,,,,,,,,,,,,,,,,,,,,,,,,,,,,,,
,,,,,,,,,,,,,,,,,,,,,,,,,,,,,,,,,,,,,,,,,
,,,,,,,,,,,,,,,,,,,,,,,,,,,,,,,,,,,,,,,,,
,,,,,,,,,,,,,,,,,,,,,,,,,,,,,,,,,,,,,,,,,
,,,,,,,,,,,,,,,,,,,,,,,,,,,,,,,,,,,,,,,,,
,,,,,,,,,,,,,,,,,,,,,,,,,,,,,,,,,,,,,,,,,
,,,,,,,,,,,,,,,,,,,,,,,,,,,,,,,,,,,,,,,,,
,,,,,,,,,,,,,,,,,,,,,,,,,,,,,,,,,,,,,,,,,
,,,,,,,,,,,,,,,,,,,,,,,,,,,,,,,,,,,,,,,,,
,,,,,,,,,,,,,,,,,,,,,,,,,,,,,,,,,,,,,,,,,
,,,,,,,,,,,,,,,,,,,,,,,,,,,,,,,,,,,,,,,,,
,,,,,,,,,,,,,,,,,,,,,,,,,,,,,,,,,,,,,,,,,
,,,,,,,,,,,,,,,,,,,,,,,,,,,,,,,,,,,,,,,,,
,,,,,,,,,,,,,,,,,,,,,,,,,,,,,,,,,,,,,,,,,
,,,,,,,,,,,,,,,,,,,,,,,,,,,,,,,,,,,,,,,,,
,,,,,,,,,,,,,,,,,,,,,,,,,,,,,,,,,,,,,,,,,
,,,,,,,,,,,,,,,,,,,,,,,,,,,,,,,,,,,,,,,,,
,,,,,,,,,,,,,,,,,,,,,,,,,,,,,,,,,,,,,,,,,
,,,,,,,,,,,,,,,,,,,,,,,,,,,,,,,,,,,,,,,,,
,,,,,,,,,,,,,,,,,,,,,,,,,,,,,,,,,,,,,,,,,
,,,,,,,,,,,,,,,,,,,,,,,,,,,,,,,,,,,,,,,,,
,,,,,,,,,,,,,,,,,,,,,,,,,,,,,,,,,,,,,,,,,
,,,,,,,,,,,,,,,,,,,,,,,,,,,,,,,,,,,,,,,,,
,,,,,,,,,,,,,,,,,,,,,,,,,,,,,,,,,,,,,,,,,
,,,,,,,,,,,,,,,,,,,,,,,,,,,,,,,,,,,,,,,,,
,,,,,,,,,,,,,,,,,,,,,,,,,,,,,,,,,,,,,,,,,
,,,,,,,,,,,,,,,,,,,,,,,,,,,,,,,,,,,,,,,,,
,,,,,,,,,,,,,,,,,,,,,,,,,,,,,,,,,,,,,,,,,
,,,,,,,,,,,,,,,,,,,,,,,,,,,,,,,,,,,,,,,,,
,,,,,,,,,,,,,,,,,,,,,,,,,,,,,,,,,,,,,,,,,
,,,,,,,,,,,,,,,,,,,,,,,,,,,,,,,,,,,,,,,,,
,,,,,,,,,,,,,,,,,,,,,,,,,,,,,,,,,,,,,,,,,
,,,,,,,,,,,,,,,,,,,,,,,,,,,,,,,,,,,,,,,,,
,,,,,,,,,,,,,,,,,,,,,,,,,,,,,,,,,,,,,,,,,
,,,,,,,,,,,,,,,,,,,,,,,,,,,,,,,,,,,,,,,,,
,,,,,,,,,,,,,,,,,,,,,,,,,,,,,,,,,,,,,,,,,
,,,,,,,,,,,,,,,,,,,,,,,,,,,,,,,,,,,,,,,,,
,,,,,,,,,,,,,,,,,,,,,,,,,,,,,,,,,,,,,,,,,
,,,,,,,,,,,,,,,,,,,,,,,,,,,,,,,,,,,,,,,,,
,,,,,,,,,,,,,,,,,,,,,,,,,,,,,,,,,,,,,,,,,
,,,,,,,,,,,,,,,,,,,,,,,,,,,,,,,,,,,,,,,,,
,,,,,,,,,,,,,,,,,,,,,,,,,,,,,,,,,,,,,,,,,
,,,,,,,,,,,,,,,,,,,,,,,,,,,,,,,,,,,,,,,,,
,,,,,,,,,,,,,,,,,,,,,,,,,,,,,,,,,,,,,,,,,
,,,,,,,,,,,,,,,,,,,,,,,,,,,,,,,,,,,,,,,,,
,,,,,,,,,,,,,,,,,,,,,,,,,,,,,,,,,,,,,,,,,
,,,,,,,,,,,,,,,,,,,,,,,,,,,,,,,,,,,,,,,,,
,,,,,,,,,,,,,,,,,,,,,,,,,,,,,,,,,,,,,,,,,
,,,,,,,,,,,,,,,,,,,,,,,,,,,,,,,,,,,,,,,,,
,,,,,,,,,,,,,,,,,,,,,,,,,,,,,,,,,,,,,,,,,
,,,,,,,,,,,,,,,,,,,,,,,,,,,,,,,,,,,,,,,,,
,,,,,,,,,,,,,,,,,,,,,,,,,,,,,,,,,,,,,,,,,
,,,,,,,,,,,,,,,,,,,,,,,,,,,,,,,,,,,,,,,,,
,,,,,,,,,,,,,,,,,,,,,,,,,,,,,,,,,,,,,,,,,
,,,,,,,,,,,,,,,,,,,,,,,,,,,,,,,,,,,,,,,,,
,,,,,,,,,,,,,,,,,,,,,,,,,,,,,,,,,,,,,,,,,
,,,,,,,,,,,,,,,,,,,,,,,,,,,,,,,,,,,,,,,,,
,,,,,,,,,,,,,,,,,,,,,,,,,,,,,,,,,,,,,,,,,
,,,,,,,,,,,,,,,,,,,,,,,,,,,,,,,,,,,,,,,,,
,,,,,,,,,,,,,,,,,,,,,,,,,,,,,,,,,,,,,,,,,
,,,,,,,,,,,,,,,,,,,,,,,,,,,,,,,,,,,,,,,,,
,,,,,,,,,,,,,,,,,,,,,,,,,,,,,,,,,,,,,,,,,
,,,,,,,,,,,,,,,,,,,,,,,,,,,,,,,,,,,,,,,,,
,,,,,,,,,,,,,,,,,,,,,,,,,,,,,,,,,,,,,,,,,
,,,,,,,,,,,,,,,,,,,,,,,,,,,,,,,,,,,,,,,,,
,,,,,,,,,,,,,,,,,,,,,,,,,,,,,,,,,,,,,,,,,
,,,,,,,,,,,,,,,,,,,,,,,,,,,,,,,,,,,,,,,,,
,,,,,,,,,,,,,,,,,,,,,,,,,,,,,,,,,,,,,,,,,
,,,,,,,,,,,,,,,,,,,,,,,,,,,,,,,,,,,,,,,,,
,,,,,,,,,,,,,,,,,,,,,,,,,,,,,,,,,,,,,,,,,
,,,,,,,,,,,,,,,,,,,,,,,,,,,,,,,,,,,,,,,,,
,,,,,,,,,,,,,,,,,,,,,,,,,,,,,,,,,,,,,,,,,
,,,,,,,,,,,,,,,,,,,,,,,,,,,,,,,,,,,,,,,,,
,,,,,,,,,,,,,,,,,,,,,,,,,,,,,,,,,,,,,,,,,
,,,,,,,,,,,,,,,,,,,,,,,,,,,,,,,,,,,,,,,,,
,,,,,,,,,,,,,,,,,,,,,,,,,,,,,,,,,,,,,,,,,
,,,,,,,,,,,,,,,,,,,,,,,,,,,,,,,,,,,,,,,,,
,,,,,,,,,,,,,,,,,,,,,,,,,,,,,,,,,,,,,,,,,
,,,,,,,,,,,,,,,,,,,,,,,,,,,,,,,,,,,,,,,,,
,,,,,,,,,,,,,,,,,,,,,,,,,,,,,,,,,,,,,,,,,
,,,,,,,,,,,,,,,,,,,,,,,,,,,,,,,,,,,,,,,,,
,,,,,,,,,,,,,,,,,,,,,,,,,,,,,,,,,,,,,,,,,
,,,,,,,,,,,,,,,,,,,,,,,,,,,,,,,,,,,,,,,,,
,,,,,,,,,,,,,,,,,,,,,,,,,,,,,,,,,,,,,,,,,
,,,,,,,,,,,,,,,,,,,,,,,,,,,,,,,,,,,,,,,,,
,,,,,,,,,,,,,,,,,,,,,,,,,,,,,,,,,,,,,,,,,
,,,,,,,,,,,,,,,,,,,,,,,,,,,,,,,,,,,,,,,,,
,,,,,,,,,,,,,,,,,,,,,,,,,,,,,,,,,,,,,,,,,
,,,,,,,,,,,,,,,,,,,,,,,,,,,,,,,,,,,,,,,,,
,,,,,,,,,,,,,,,,,,,,,,,,,,,,,,,,,,,,,,,,,
,,,,,,,,,,,,,,,,,,,,,,,,,,,,,,,,,,,,,,,,,
,,,,,,,,,,,,,,,,,,,,,,,,,,,,,,,,,,,,,,,,,
,,,,,,,,,,,,,,,,,,,,,,,,,,,,,,,,,,,,,,,,,
,,,,,,,,,,,,,,,,,,,,,,,,,,,,,,,,,,,,,,,,,
,,,,,,,,,,,,,,,,,,,,,,,,,,,,,,,,,,,,,,,,,
,,,,,,,,,,,,,,,,,,,,,,,,,,,,,,,,,,,,,,,,,
,,,,,,,,,,,,,,,,,,,,,,,,,,,,,,,,,,,,,,,,,
,,,,,,,,,,,,,,,,,,,,,,,,,,,,,,,,,,,,,,,,,
,,,,,,,,,,,,,,,,,,,,,,,,,,,,,,,,,,,,,,,,,
,,,,,,,,,,,,,,,,,,,,,,,,,,,,,,,,,,,,,,,,,
,,,,,,,,,,,,,,,,,,,,,,,,,,,,,,,,,,,,,,,,,
,,,,,,,,,,,,,,,,,,,,,,,,,,,,,,,,,,,,,,,,,
,,,,,,,,,,,,,,,,,,,,,,,,,,,,,,,,,,,,,,,,,
,,,,,,,,,,,,,,,,,,,,,,,,,,,,,,,,,,,,,,,,,
,,,,,,,,,,,,,,,,,,,,,,,,,,,,,,,,,,,,,,,,,
,,,,,,,,,,,,,,,,,,,,,,,,,,,,,,,,,,,,,,,,,
,,,,,,,,,,,,,,,,,,,,,,,,,,,,,,,,,,,,,,,,,
,,,,,,,,,,,,,,,,,,,,,,,,,,,,,,,,,,,,,,,,,
,,,,,,,,,,,,,,,,,,,,,,,,,,,,,,,,,,,,,,,,,
,,,,,,,,,,,,,,,,,,,,,,,,,,,,,,,,,,,,,,,,,
,,,,,,,,,,,,,,,,,,,,,,,,,,,,,,,,,,,,,,,,,
,,,,,,,,,,,,,,,,,,,,,,,,,,,,,,,,,,,,,,,,,
,,,,,,,,,,,,,,,,,,,,,,,,,,,,,,,,,,,,,,,,,
,,,,,,,,,,,,,,,,,,,,,,,,,,,,,,,,,,,,,,,,,
,,,,,,,,,,,,,,,,,,,,,,,,,,,,,,,,,,,,,,,,,
,,,,,,,,,,,,,,,,,,,,,,,,,,,,,,,,,,,,,,,,,
,,,,,,,,,,,,,,,,,,,,,,,,,,,,,,,,,,,,,,,,,
,,,,,,,,,,,,,,,,,,,,,,,,,,,,,,,,,,,,,,,,,
,,,,,,,,,,,,,,,,,,,,,,,,,,,,,,,,,,,,,,,,,
,,,,,,,,,,,,,,,,,,,,,,,,,,,,,,,,,,,,,,,,,
,,,,,,,,,,,,,,,,,,,,,,,,,,,,,,,,,,,,,,,,,
,,,,,,,,,,,,,,,,,,,,,,,,,,,,,,,,,,,,,,,,,
,,,,,,,,,,,,,,,,,,,,,,,,,,,,,,,,,,,,,,,,,
,,,,,,,,,,,,,,,,,,,,,,,,,,,,,,,,,,,,,,,,,
,,,,,,,,,,,,,,,,,,,,,,,,,,,,,,,,,,,,,,,,,
,,,,,,,,,,,,,,,,,,,,,,,,,,,,,,,,,,,,,,,,,
,,,,,,,,,,,,,,,,,,,,,,,,,,,,,,,,,,,,,,,,,
,,,,,,,,,,,,,,,,,,,,,,,,,,,,,,,,,,,,,,,,,
,,,,,,,,,,,,,,,,,,,,,,,,,,,,,,,,,,,,,,,,,
,,,,,,,,,,,,,,,,,,,,,,,,,,,,,,,,,,,,,,,,,
,,,,,,,,,,,,,,,,,,,,,,,,,,,,,,,,,,,,,,,,,
,,,,,,,,,,,,,,,,,,,,,,,,,,,,,,,,,,,,,,,,,
,,,,,,,,,,,,,,,,,,,,,,,,,,,,,,,,,,,,,,,,,
,,,,,,,,,,,,,,,,,,,,,,,,,,,,,,,,,,,,,,,,,
,,,,,,,,,,,,,,,,,,,,,,,,,,,,,,,,,,,,,,,,,
,,,,,,,,,,,,,,,,,,,,,,,,,,,,,,,,,,,,,,,,,
,,,,,,,,,,,,,,,,,,,,,,,,,,,,,,,,,,,,,,,,,
,,,,,,,,,,,,,,,,,,,,,,,,,,,,,,,,,,,,,,,,,
,,,,,,,,,,,,,,,,,,,,,,,,,,,,,,,,,,,,,,,,,
,,,,,,,,,,,,,,,,,,,,,,,,,,,,,,,,,,,,,,,,,
,,,,,,,,,,,,,,,,,,,,,,,,,,,,,,,,,,,,,,,,,
,,,,,,,,,,,,,,,,,,,,,,,,,,,,,,,,,,,,,,,,,
,,,,,,,,,,,,,,,,,,,,,,,,,,,,,,,,,,,,,,,,,
,,,,,,,,,,,,,,,,,,,,,,,,,,,,,,,,,,,,,,,,,
,,,,,,,,,,,,,,,,,,,,,,,,,,,,,,,,,,,,,,,,,
,,,,,,,,,,,,,,,,,,,,,,,,,,,,,,,,,,,,,,,,,
,,,,,,,,,,,,,,,,,,,,,,,,,,,,,,,,,,,,,,,,,
,,,,,,,,,,,,,,,,,,,,,,,,,,,,,,,,,,,,,,,,,
,,,,,,,,,,,,,,,,,,,,,,,,,,,,,,,,,,,,,,,,,
,,,,,,,,,,,,,,,,,,,,,,,,,,,,,,,,,,,,,,,,,
,,,,,,,,,,,,,,,,,,,,,,,,,,,,,,,,,,,,,,,,,
,,,,,,,,,,,,,,,,,,,,,,,,,,,,,,,,,,,,,,,,,
,,,,,,,,,,,,,,,,,,,,,,,,,,,,,,,,,,,,,,,,,
,,,,,,,,,,,,,,,,,,,,,,,,,,,,,,,,,,,,,,,,,
,,,,,,,,,,,,,,,,,,,,,,,,,,,,,,,,,,,,,,,,,
,,,,,,,,,,,,,,,,,,,,,,,,,,,,,,,,,,,,,,,,,
,,,,,,,,,,,,,,,,,,,,,,,,,,,,,,,,,,,,,,,,,
,,,,,,,,,,,,,,,,,,,,,,,,,,,,,,,,,,,,,,,,,
,,,,,,,,,,,,,,,,,,,,,,,,,,,,,,,,,,,,,,,,,
,,,,,,,,,,,,,,,,,,,,,,,,,,,,,,,,,,,,,,,,,
,,,,,,,,,,,,,,,,,,,,,,,,,,,,,,,,,,,,,,,,,
,,,,,,,,,,,,,,,,,,,,,,,,,,,,,,,,,,,,,,,,,
,,,,,,,,,,,,,,,,,,,,,,,,,,,,,,,,,,,,,,,,,
,,,,,,,,,,,,,,,,,,,,,,,,,,,,,,,,,,,,,,,,,
,,,,,,,,,,,,,,,,,,,,,,,,,,,,,,,,,,,,,,,,,
,,,,,,,,,,,,,,,,,,,,,,,,,,,,,,,,,,,,,,,,,
,,,,,,,,,,,,,,,,,,,,,,,,,,,,,,,,,,,,,,,,,
,,,,,,,,,,,,,,,,,,,,,,,,,,,,,,,,,,,,,,,,,
,,,,,,,,,,,,,,,,,,,,,,,,,,,,,,,,,,,,,,,,,
,,,,,,,,,,,,,,,,,,,,,,,,,,,,,,,,,,,,,,,,,
,,,,,,,,,,,,,,,,,,,,,,,,,,,,,,,,,,,,,,,,,
,,,,,,,,,,,,,,,,,,,,,,,,,,,,,,,,,,,,,,,,,
,,,,,,,,,,,,,,,,,,,,,,,,,,,,,,,,,,,,,,,,,
,,,,,,,,,,,,,,,,,,,,,,,,,,,,,,,,,,,,,,,,,
,,,,,,,,,,,,,,,,,,,,,,,,,,,,,,,,,,,,,,,,,
,,,,,,,,,,,,,,,,,,,,,,,,,,,,,,,,,,,,,,,,,
,,,,,,,,,,,,,,,,,,,,,,,,,,,,,,,,,,,,,,,,,
,,,,,,,,,,,,,,,,,,,,,,,,,,,,,,,,,,,,,,,,,
,,,,,,,,,,,,,,,,,,,,,,,,,,,,,,,,,,,,,,,,,
,,,,,,,,,,,,,,,,,,,,,,,,,,,,,,,,,,,,,,,,,
,,,,,,,,,,,,,,,,,,,,,,,,,,,,,,,,,,,,,,,,,
,,,,,,,,,,,,,,,,,,,,,,,,,,,,,,,,,,,,,,,,,
,,,,,,,,,,,,,,,,,,,,,,,,,,,,,,,,,,,,,,,,,
,,,,,,,,,,,,,,,,,,,,,,,,,,,,,,,,,,,,,,,,,
,,,,,,,,,,,,,,,,,,,,,,,,,,,,,,,,,,,,,,,,,
,,,,,,,,,,,,,,,,,,,,,,,,,,,,,,,,,,,,,,,,,
,,,,,,,,,,,,,,,,,,,,,,,,,,,,,,,,,,,,,,,,,
,,,,,,,,,,,,,,,,,,,,,,,,,,,,,,,,,,,,,,,,,
,,,,,,,,,,,,,,,,,,,,,,,,,,,,,,,,,,,,,,,,,
,,,,,,,,,,,,,,,,,,,,,,,,,,,,,,,,,,,,,,,,,
,,,,,,,,,,,,,,,,,,,,,,,,,,,,,,,,,,,,,,,,,
,,,,,,,,,,,,,,,,,,,,,,,,,,,,,,,,,,,,,,,,,
,,,,,,,,,,,,,,,,,,,,,,,,,,,,,,,,,,,,,,,,,
,,,,,,,,,,,,,,,,,,,,,,,,,,,,,,,,,,,,,,,,,
,,,,,,,,,,,,,,,,,,,,,,,,,,,,,,,,,,,,,,,,,
,,,,,,,,,,,,,,,,,,,,,,,,,,,,,,,,,,,,,,,,,
,,,,,,,,,,,,,,,,,,,,,,,,,,,,,,,,,,,,,,,,,
,,,,,,,,,,,,,,,,,,,,,,,,,,,,,,,,,,,,,,,,,
,,,,,,,,,,,,,,,,,,,,,,,,,,,,,,,,,,,,,,,,,
,,,,,,,,,,,,,,,,,,,,,,,,,,,,,,,,,,,,,,,,,
,,,,,,,,,,,,,,,,,,,,,,,,,,,,,,,,,,,,,,,,,
,,,,,,,,,,,,,,,,,,,,,,,,,,,,,,,,,,,,,,,,,
,,,,,,,,,,,,,,,,,,,,,,,,,,,,,,,,,,,,,,,,,
,,,,,,,,,,,,,,,,,,,,,,,,,,,,,,,,,,,,,,,,,
,,,,,,,,,,,,,,,,,,,,,,,,,,,,,,,,,,,,,,,,,
,,,,,,,,,,,,,,,,,,,,,,,,,,,,,,,,,,,,,,,,,
,,,,,,,,,,,,,,,,,,,,,,,,,,,,,,,,,,,,,,,,,
,,,,,,,,,,,,,,,,,,,,,,,,,,,,,,,,,,,,,,,,,
,,,,,,,,,,,,,,,,,,,,,,,,,,,,,,,,,,,,,,,,,
,,,,,,,,,,,,,,,,,,,,,,,,,,,,,,,,,,,,,,,,,
,,,,,,,,,,,,,,,,,,,,,,,,,,,,,,,,,,,,,,,,,
,,,,,,,,,,,,,,,,,,,,,,,,,,,,,,,,,,,,,,,,,
,,,,,,,,,,,,,,,,,,,,,,,,,,,,,,,,,,,,,,,,,
,,,,,,,,,,,,,,,,,,,,,,,,,,,,,,,,,,,,,,,,,
,,,,,,,,,,,,,,,,,,,,,,,,,,,,,,,,,,,,,,,,,
,,,,,,,,,,,,,,,,,,,,,,,,,,,,,,,,,,,,,,,,,
,,,,,,,,,,,,,,,,,,,,,,,,,,,,,,,,,,,,,,,,,
,,,,,,,,,,,,,,,,,,,,,,,,,,,,,,,,,,,,,,,,,
,,,,,,,,,,,,,,,,,,,,,,,,,,,,,,,,,,,,,,,,,
,,,,,,,,,,,,,,,,,,,,,,,,,,,,,,,,,,,,,,,,,
,,,,,,,,,,,,,,,,,,,,,,,,,,,,,,,,,,,,,,,,,
,,,,,,,,,,,,,,,,,,,,,,,,,,,,,,,,,,,,,,,,,
,,,,,,,,,,,,,,,,,,,,,,,,,,,,,,,,,,,,,,,,,
,,,,,,,,,,,,,,,,,,,,,,,,,,,,,,,,,,,,,,,,,
,,,,,,,,,,,,,,,,,,,,,,,,,,,,,,,,,,,,,,,,,
,,,,,,,,,,,,,,,,,,,,,,,,,,,,,,,,,,,,,,,,,
,,,,,,,,,,,,,,,,,,,,,,,,,,,,,,,,,,,,,,,,,
,,,,,,,,,,,,,,,,,,,,,,,,,,,,,,,,,,,,,,,,,
,,,,,,,,,,,,,,,,,,,,,,,,,,,,,,,,,,,,,,,,,
,,,,,,,,,,,,,,,,,,,,,,,,,,,,,,,,,,,,,,,,,
,,,,,,,,,,,,,,,,,,,,,,,,,,,,,,,,,,,,,,,,,
,,,,,,,,,,,,,,,,,,,,,,,,,,,,,,,,,,,,,,,,,
,,,,,,,,,,,,,,,,,,,,,,,,,,,,,,,,,,,,,,,,,
,,,,,,,,,,,,,,,,,,,,,,,,,,,,,,,,,,,,,,,,,
,,,,,,,,,,,,,,,,,,,,,,,,,,,,,,,,,,,,,,,,,
,,,,,,,,,,,,,,,,,,,,,,,,,,,,,,,,,,,,,,,,,
,,,,,,,,,,,,,,,,,,,,,,,,,,,,,,,,,,,,,,,,,
,,,,,,,,,,,,,,,,,,,,,,,,,,,,,,,,,,,,,,,,,
,,,,,,,,,,,,,,,,,,,,,,,,,,,,,,,,,,,,,,,,,
,,,,,,,,,,,,,,,,,,,,,,,,,,,,,,,,,,,,,,,,,
,,,,,,,,,,,,,,,,,,,,,,,,,,,,,,,,,,,,,,,,,
,,,,,,,,,,,,,,,,,,,,,,,,,,,,,,,,,,,,,,,,,
,,,,,,,,,,,,,,,,,,,,,,,,,,,,,,,,,,,,,,,,,
,,,,,,,,,,,,,,,,,,,,,,,,,,,,,,,,,,,,,,,,,
,,,,,,,,,,,,,,,,,,,,,,,,,,,,,,,,,,,,,,,,,
,,,,,,,,,,,,,,,,,,,,,,,,,,,,,,,,,,,,,,,,,
,,,,,,,,,,,,,,,,,,,,,,,,,,,,,,,,,,,,,,,,,
,,,,,,,,,,,,,,,,,,,,,,,,,,,,,,,,,,,,,,,,,
,,,,,,,,,,,,,,,,,,,,,,,,,,,,,,,,,,,,,,,,,
,,,,,,,,,,,,,,,,,,,,,,,,,,,,,,,,,,,,,,,,,
,,,,,,,,,,,,,,,,,,,,,,,,,,,,,,,,,,,,,,,,,
,,,,,,,,,,,,,,,,,,,,,,,,,,,,,,,,,,,,,,,,,
,,,,,,,,,,,,,,,,,,,,,,,,,,,,,,,,,,,,,,,,,
,,,,,,,,,,,,,,,,,,,,,,,,,,,,,,,,,,,,,,,,,
,,,,,,,,,,,,,,,,,,,,,,,,,,,,,,,,,,,,,,,,,
,,,,,,,,,,,,,,,,,,,,,,,,,,,,,,,,,,,,,,,,,
,,,,,,,,,,,,,,,,,,,,,,,,,,,,,,,,,,,,,,,,,
,,,,,,,,,,,,,,,,,,,,,,,,,,,,,,,,,,,,,,,,,
,,,,,,,,,,,,,,,,,,,,,,,,,,,,,,,,,,,,,,,,,
,,,,,,,,,,,,,,,,,,,,,,,,,,,,,,,,,,,,,,,,,
,,,,,,,,,,,,,,,,,,,,,,,,,,,,,,,,,,,,,,,,,
,,,,,,,,,,,,,,,,,,,,,,,,,,,,,,,,,,,,,,,,,
,,,,,,,,,,,,,,,,,,,,,,,,,,,,,,,,,,,,,,,,,
,,,,,,,,,,,,,,,,,,,,,,,,,,,,,,,,,,,,,,,,,
,,,,,,,,,,,,,,,,,,,,,,,,,,,,,,,,,,,,,,,,,
,,,,,,,,,,,,,,,,,,,,,,,,,,,,,,,,,,,,,,,,,
,,,,,,,,,,,,,,,,,,,,,,,,,,,,,,,,,,,,,,,,,
,,,,,,,,,,,,,,,,,,,,,,,,,,,,,,,,,,,,,,,,,
,,,,,,,,,,,,,,,,,,,,,,,,,,,,,,,,,,,,,,,,,
,,,,,,,,,,,,,,,,,,,,,,,,,,,,,,,,,,,,,,,,,
,,,,,,,,,,,,,,,,,,,,,,,,,,,,,,,,,,,,,,,,,
,,,,,,,,,,,,,,,,,,,,,,,,,,,,,,,,,,,,,,,,,
,,,,,,,,,,,,,,,,,,,,,,,,,,,,,,,,,,,,,,,,,
,,,,,,,,,,,,,,,,,,,,,,,,,,,,,,,,,,,,,,,,,
,,,,,,,,,,,,,,,,,,,,,,,,,,,,,,,,,,,,,,,,,
,,,,,,,,,,,,,,,,,,,,,,,,,,,,,,,,,,,,,,,,,
,,,,,,,,,,,,,,,,,,,,,,,,,,,,,,,,,,,,,,,,,
,,,,,,,,,,,,,,,,,,,,,,,,,,,,,,,,,,,,,,,,,
,,,,,,,,,,,,,,,,,,,,,,,,,,,,,,,,,,,,,,,,,
,,,,,,,,,,,,,,,,,,,,,,,,,,,,,,,,,,,,,,,,,
,,,,,,,,,,,,,,,,,,,,,,,,,,,,,,,,,,,,,,,,,
,,,,,,,,,,,,,,,,,,,,,,,,,,,,,,,,,,,,,,,,,
,,,,,,,,,,,,,,,,,,,,,,,,,,,,,,,,,,,,,,,,,
,,,,,,,,,,,,,,,,,,,,,,,,,,,,,,,,,,,,,,,,,
,,,,,,,,,,,,,,,,,,,,,,,,,,,,,,,,,,,,,,,,,
,,,,,,,,,,,,,,,,,,,,,,,,,,,,,,,,,,,,,,,,,
,,,,,,,,,,,,,,,,,,,,,,,,,,,,,,,,,,,,,,,,,
,,,,,,,,,,,,,,,,,,,,,,,,,,,,,,,,,,,,,,,,,
,,,,,,,,,,,,,,,,,,,,,,,,,,,,,,,,,,,,,,,,,
,,,,,,,,,,,,,,,,,,,,,,,,,,,,,,,,,,,,,,,,,
,,,,,,,,,,,,,,,,,,,,,,,,,,,,,,,,,,,,,,,,,
,,,,,,,,,,,,,,,,,,,,,,,,,,,,,,,,,,,,,,,,,
,,,,,,,,,,,,,,,,,,,,,,,,,,,,,,,,,,,,,,,,,
,,,,,,,,,,,,,,,,,,,,,,,,,,,,,,,,,,,,,,,,,
,,,,,,,,,,,,,,,,,,,,,,,,,,,,,,,,,,,,,,,,,
,,,,,,,,,,,,,,,,,,,,,,,,,,,,,,,,,,,,,,,,,
,,,,,,,,,,,,,,,,,,,,,,,,,,,,,,,,,,,,,,,,,
,,,,,,,,,,,,,,,,,,,,,,,,,,,,,,,,,,,,,,,,,
,,,,,,,,,,,,,,,,,,,,,,,,,,,,,,,,,,,,,,,,,
,,,,,,,,,,,,,,,,,,,,,,,,,,,,,,,,,,,,,,,,,
,,,,,,,,,,,,,,,,,,,,,,,,,,,,,,,,,,,,,,,,,
,,,,,,,,,,,,,,,,,,,,,,,,,,,,,,,,,,,,,,,,,
,,,,,,,,,,,,,,,,,,,,,,,,,,,,,,,,,,,,,,,,,
,,,,,,,,,,,,,,,,,,,,,,,,,,,,,,,,,,,,,,,,,
,,,,,,,,,,,,,,,,,,,,,,,,,,,,,,,,,,,,,,,,,
,,,,,,,,,,,,,,,,,,,,,,,,,,,,,,,,,,,,,,,,,
,,,,,,,,,,,,,,,,,,,,,,,,,,,,,,,,,,,,,,,,,
