Unnamed: 0_level_0,R_KNEE_MOMENT,R_KNEE_MOMENT,R_KNEE_MOMENT,L_KNEE_MOMENT,L_KNEE_MOMENT,L_KNEE_MOMENT,R_HIP_MOMENT,R_HIP_MOMENT,R_HIP_MOMENT,L_HIP_MOMENT,L_HIP_MOMENT,L_HIP_MOMENT,R_ANKLE_MOMENT,R_ANKLE_MOMENT,R_ANKLE_MOMENT,L_ANKLE_MOMENT,L_ANKLE_MOMENT,L_ANKLE_MOMENT,WAIST_JOINT_MOMENT,WAIST_JOINT_MOMENT,WAIST_JOINT_MOMENT,NECK_MOMENT,NECK_MOMENT,NECK_MOMENT,L_SHOULDER_MOMENT,L_SHOULDER_MOMENT,L_SHOULDER_MOMENT,R_SHOULDER_MOMENT,R_SHOULDER_MOMENT,R_SHOULDER_MOMENT,L_ELBOW_MOMENT,L_ELBOW_MOMENT,L_ELBOW_MOMENT,R_ELBOW_MOMENT,R_ELBOW_MOMENT,R_ELBOW_MOMENT,L_WRIST_MOMENT,L_WRIST_MOMENT,L_WRIST_MOMENT,R_WRIST_MOMENT,R_WRIST_MOMENT,R_WRIST_MOMENT
ITEM,X,Y,Z,X,Y,Z,X,Y,Z,X,Y,Z,X,Y,Z,X,Y,Z,X,Y,Z,X,Y,Z,X,Y,Z,X,Y,Z,X,Y,Z,X,Y,Z,X,Y,Z,X,Y,Z
797,-6.4725,22.33274,-5.5219,-127.50111,180.77063,-9.57771,-13.37403,5.86905,-1.13432,-257.64441,205.02385,-15.40533,-6.7946,45.22683,-9.68929,-63.41388,210.56689,-7.85576,-303.66153,215.17528,-21.27471,-8.32866,-24.95227,-7.76439,3.92435,-2.65986,-1.3794,-1.38011,-1.03558,1.14927,1.53372,-0.71638,-0.49109,0.21235,-1.44288,0.92961,0.23779,0.05062,-0.10319,-0.00618,-0.16279,0.16716
798,-6.2637,22.75339,-5.7348,-132.71831,189.80594,-8.7509,-11.24707,7.79128,-2.68366,-260.91992,211.77357,-14.24979,-6.76665,44.90995,-9.6308,-61.81904,219.4583,-6.91167,-300.082,225.41466,-22.75436,-7.6048,-23.50268,-3.9789,2.86518,-3.50636,-1.65664,-0.43871,-0.52308,0.75008,2.08769,-0.92168,-1.01146,0.61303,-1.25468,1.00516,0.35641,0.0324,-0.18559,0.07822,-0.13074,0.17734
799,-6.80393,22.90247,-5.83424,-136.6169,196.52846,-8.0064,-14.25111,5.19906,-3.41486,-261.8194,216.11588,-12.50229,-6.63908,44.59848,-9.57619,-60.01051,225.63576,-6.07858,-301.82452,226.10284,-21.29081,-8.68714,-23.92189,7.48354,2.16791,-0.53573,-0.63341,-1.30799,-0.01682,0.22808,1.70404,-1.14644,-0.72009,0.3269,-1.04911,0.62825,0.30106,-0.01902,-0.21097,0.05041,-0.12973,0.11142
800,-7.04286,22.94311,-5.75349,-136.86688,199.30206,-7.84447,-18.42047,2.40253,-2.6204,-259.10651,213.75821,-13.07392,-6.42365,44.25012,-9.49132,-58.25506,229.42838,-5.35198,-306.17865,216.56218,-21.43732,-8.26571,-19.26119,16.8658,3.13623,3.74332,1.15613,-2.8414,-0.46571,0.30728,0.79972,-1.65257,0.47629,-0.28835,-1.20794,0.26175,0.13124,-0.13652,-0.09028,-0.04908,-0.19672,0.05825
801,-5.78692,22.99102,-5.67607,-134.21135,198.26971,-8.29997,-17.51504,2.56635,-1.53138,-255.25182,205.79707,-16.1316,-6.28943,43.85868,-9.35594,-56.70563,231.43387,-4.7612,-307.85419,202.38779,-25.22921,-5.70187,-6.32878,13.4878,4.82782,4.38415,1.9359,-3.80527,-0.51978,0.36514,0.22732,-2.11078,1.53055,-0.61499,-1.31391,0.11558,-0.0242,-0.26444,0.12974,-0.09946,-0.23791,0.05043
802,-3.78254,22.53152,-5.64134,-130.78552,195.19243,-8.96523,-12.92077,4.0876,-1.33895,-251.59827,198.10497,-18.90658,-6.30589,43.47376,-9.20524,-55.29698,232.19867,-4.3245,-304.65607,191.86032,-29.38367,-3.78896,4.27557,0.08202,5.1592,0.86597,0.84973,-4.09615,0.89181,-0.30848,0.31662,-1.84843,1.36158,-0.53886,-1.02445,0.08688,-0.10904,-0.24742,0.24739,-0.08217,-0.18586,0.04653
803,-2.47917,21.46335,-5.60519,-128.08553,192.08723,-9.41268,-8.89418,4.75909,-2.28216,-248.16513,195.42459,-19.23206,-6.36662,43.16955,-9.09545,-53.84322,231.94162,-4.02886,-296.88754,191.81584,-30.2816,-2.27726,1.6938,-8.33577,3.35551,-2.74698,-0.89728,-3.69134,1.66937,-0.58911,0.88032,-0.93931,0.15173,-0.28787,-0.83175,0.23612,-0.08151,-0.07576,0.17557,-0.05868,-0.09925,0.03221
804,-1.84331,20.48336,-5.54159,-126.12354,189.64436,-9.61899,-5.84995,4.61617,-3.423,-244.82727,196.08983,-18.25744,-6.29053,42.87879,-8.97898,-52.12093,230.46968,-3.88704,-286.38013,199.14922,-28.35964,0.52887,-8.77517,-3.78559,1.17908,-3.67347,-1.78289,-2.62922,-0.03506,0.70875,1.48785,-0.17287,-0.95091,0.05374,-1.16898,0.67794,0.06369,0.08484,0.01872,-0.02652,-0.06783,0.05819
805,-1.7167,20.23158,-5.37016,-124.27699,186.99196,-9.85526,-5.27731,4.24592,-3.23327,-241.06598,193.24274,-18.56654,-6.00776,42.45297,-8.79726,-50.11494,227.53189,-3.94648,-279.47476,199.26399,-26.68453,2.98647,-14.67909,5.36754,0.98308,-2.33151,-1.47394,-2.01972,-2.40147,2.47105,1.79312,-0.20297,-1.11389,0.30134,-1.66548,1.09572,0.25062,0.10546,-0.0983,0.01243,-0.10972,0.12686
806,-2.1271,20.40429,-5.10912,-122.0908,183.64104,-10.0633,-7.98769,3.33745,-1.87856,-236.47249,183.99272,-20.06952,-5.63841,41.87711,-8.59416,-48.13736,223.35312,-4.12188,-279.14932,183.59891,-26.78342,2.89701,-11.93689,8.01721,2.71368,-0.22848,-0.5162,-2.58995,-3.11023,3.03309,1.69897,-0.92086,-0.48855,0.18693,-1.8097,1.11201,0.35623,0.00563,-0.13335,0.00123,-0.1612,0.16288
807,-2.45356,20.05386,-4.91016,-118.40497,179.85913,-10.01234,-10.50863,2.87147,-1.32405,-228.51375,173.43239,-20.52685,-5.36365,41.20922,-8.43683,-46.31715,218.3708,-4.19386,-275.73593,164.73166,-28.44254,-0.2895,-5.91398,4.2811,4.52346,1.26457,0.29535,-3.44931,-2.37518,2.43862,1.29065,-1.59876,0.24937,-0.15338,-1.60202,0.8538,0.3072,-0.10939,-0.09381,-0.04862,-0.15053,0.14093
808,-2.32752,19.00919,-4.81181,-113.35136,175.5103,-9.83287,-11.33624,5.33112,-2.21839,-217.57414,166.70367,-19.82343,-5.2334,40.48226,-8.32162,-44.44611,212.70186,-4.08629,-264.17374,160.04417,-31.58567,-3.70113,-6.10789,2.17708,5.044,1.48895,0.59145,-3.91435,-1.31206,1.56999,0.84773,-1.74407,0.67857,-0.35641,-1.33064,0.60702,0.14609,-0.15939,0.01068,-0.05806,-0.10132,0.1086
809,-1.91894,17.82292,-4.67685,-108.3871,170.61137,-9.67371,-12.04514,9.65653,-3.02021,-207.40593,163.74725,-19.39353,-5.12454,39.7314,-8.18877,-42.39384,206.32927,-3.87441,-250.6595,168.09389,-34.29296,-1.79569,-17.05911,6.03125,3.88306,1.08456,0.58894,-4.29311,-0.53868,0.96359,0.69107,-1.42888,0.64975,-0.29684,-1.29829,0.4779,-0.01973,-0.11409,0.10632,-0.01205,-0.12489,0.10882
810,-1.84829,16.87286,-4.43745,-103.46799,165.40623,-9.43438,-13.28234,11.52093,-2.70662,-197.61731,162.00388,-18.89571,-4.95722,38.93986,-8.03284,-40.22938,199.39131,-3.63191,-238.17204,174.38013,-33.10166,3.04417,-28.71062,12.81776,2.12856,1.13389,0.50926,-3.94331,-0.83943,1.14202,0.89643,-1.03457,0.19688,0.03922,-1.65568,0.66155,-0.06153,-0.01115,0.07181,0.04786,-0.25234,0.17082
811,-1.74716,16.20193,-4.28196,-98.23531,160.03241,-8.98082,-11.02599,9.02678,-2.2509,-187.46992,160.1405,-17.13188,-4.79838,38.05704,-7.86756,-38.09466,192.08563,-3.39098,-222.97893,171.49335,-27.25702,-0.61506,-24.71889,16.4098,1.79068,1.69184,0.26923,-2.2471,-2.37473,2.12221,1.10574,-0.78143,-0.28933,0.40389,-2.12649,1.12703,0.05434,0.07101,-0.08704,0.0604,-0.34824,0.25138
812,-0.84358,15.59858,-4.31848,-93.15845,153.98041,-8.54393,-3.68147,4.60662,-2.46832,-179.4521,155.77345,-15.62172,-4.7407,37.08606,-7.68754,-36.06335,184.52048,-3.17423,-206.15633,160.70415,-21.74761,-11.83238,-6.81203,12.70129,3.06611,1.9933,-0.05003,-0.56416,-3.61302,2.85235,0.86534,-0.57545,-0.31188,0.41558,-2.10205,1.33071,0.16475,0.08985,-0.18899,0.01331,-0.26437,0.24016
813,0.18441,14.95441,-4.36638,-88.81213,146.6568,-8.48835,1.96836,2.36109,-2.91874,-174.68294,145.61275,-17.00244,-4.73919,36.06845,-7.49133,-34.17889,176.8291,-3.00782,-195.95192,145.37985,-23.08751,-12.45034,4.21148,3.34545,3.82814,1.61183,0.04175,-0.79541,-3.54786,2.71597,0.30215,-0.49505,0.21459,0.06254,-1.62772,0.95164,0.107,0.03159,-0.0822,-0.03019,-0.08723,0.12178
814,-0.13973,14.21147,-4.22214,-84.59863,138.80215,-8.64583,-0.59481,2.55783,-3.06569,-167.52663,130.84671,-20.00865,-4.68431,35.04496,-7.30846,-32.51474,169.29359,-2.86381,-191.53793,128.3405,-30.09413,3.62508,-2.00337,-4.83093,2.80897,0.64833,0.58883,-2.42588,-2.94325,2.17049,0.0221,-0.73565,0.79817,-0.25688,-1.36696,0.36426,-0.04202,-0.08249,0.14482,-0.03092,-0.03441,-0.00291
815,-1.60201,13.23836,-3.90078,-79.28146,132.07852,-8.4872,-7.98966,1.46369,-2.62049,-152.33238,118.35685,-20.62202,-4.56569,34.05865,-7.16329,-31.05532,162.15216,-2.67521,-181.15718,113.29639,-33.70859,17.98683,-13.57988,-5.25645,1.45477,-0.55047,1.05873,-2.66896,-2.48054,1.71703,0.4092,-1.32867,1.02235,-0.03955,-1.48199,0.26547,-0.06654,-0.23187,0.32092,0.01085,-0.13544,-0.01518
816,-2.21735,12.31517,-3.60607,-73.49644,127.55551,-7.80634,-12.16136,-0.98557,-1.56869,-134.05133,114.8208,-17.5281,-4.44666,33.12287,-7.02111,-29.66978,155.48669,-2.42988,-162.47606,107.74827,-28.85415,13.65795,-17.15821,0.94578,1.55234,-1.29115,0.88119,-1.50261,-2.06468,1.37855,1.17109,-1.79192,0.76712,0.35629,-1.74411,0.66748,0.08617,-0.31337,0.32745,0.01323,-0.27446,0.074
817,-0.92135,12.1912,-3.58819,-69.60789,124.71426,-6.90312,-10.12293,-0.02374,-0.91094,-123.19057,118.8885,-13.14348,-4.35788,32.24416,-6.83666,-28.29685,149.44121,-2.19684,-145.83884,115.83936,-20.79259,-2.29084,-14.72847,6.06112,3.07472,-0.89735,-0.00208,-1.86488,-1.83537,1.30927,1.69543,-1.55719,0.09207,0.19365,-2.01199,0.96306,0.26784,-0.18046,0.11074,-0.06557,-0.3479,0.16618
818,0.86278,12.92577,-3.8465,-68.15821,121.95304,-6.21998,-5.32447,4.81959,-1.57376,-122.58868,122.18853,-10.3955,-4.28292,31.45934,-6.64728,-26.95361,144.19316,-2.03368,-137.91365,128.89824,-16.70815,-11.8369,-14.62653,5.12018,4.75424,0.21141,-0.98668,-4.17959,-2.1061,1.76,1.54101,-0.78663,-0.53353,-0.28426,-2.17727,0.9719,0.29473,0.09776,-0.19002,-0.11164,-0.32149,0.23472
819,1.23577,13.30373,-4.0232,-67.30521,118.29594,-5.98363,-2.42318,7.6123,-2.71312,-125.82254,118.55265,-10.53188,-4.19384,30.77964,-6.52855,-25.72057,139.72766,-1.94616,-136.48734,131.42789,-17.78486,-9.64019,-15.92832,0.57143,5.23255,0.83705,-1.37908,-5.20601,-2.27451,2.13382,0.88386,-0.21667,-0.64094,-0.24895,-2.04787,0.97809,0.14511,0.25624,-0.32291,-0.0365,-0.24437,0.28597
820,0.11373,12.44951,-3.89397,-65.34444,114.3832,-6.03598,-3.6825,5.1906,-2.9871,-124.1317,109.27776,-12.60172,-4.12145,30.2108,-6.51807,-24.74097,136.01524,-1.88603,-136.09932,117.83219,-21.33681,-1.5789,-11.28456,-1.64472,4.16919,0.70114,-1.00273,-2.88889,-1.84498,1.81957,0.44399,-0.30952,-0.38618,0.38006,-1.5727,1.0359,-0.00295,0.17347,-0.2333,0.08163,-0.17392,0.26941
821,-1.06182,11.41495,-3.71502,-62.19577,111.36224,-6.076,-8.23992,2.4852,-2.44649,-114.82389,100.9711,-14.43336,-4.12639,29.7907,-6.58902,-23.96432,133.10197,-1.78445,-133.13269,101.87659,-24.95099,7.67025,-0.25543,1.064,2.80783,0.34389,-0.39213,0.64694,-2.16068,1.75768,0.56725,-0.7806,-0.19031,0.89899,-1.21624,0.98747,-0.00478,-0.00094,-0.09106,0.11302,-0.12355,0.14858
822,-1.33424,11.426,-3.74441,-59.09286,109.60876,-5.95964,-12.87727,3.925,-1.80021,-104.56601,99.43993,-14.47432,-4.20159,29.51474,-6.67668,-23.16824,130.89641,-1.63291,-128.06522,100.30937,-26.42138,12.61594,8.5294,5.064,2.44452,-0.24319,-0.32749,1.89893,-3.70262,2.53119,0.88523,-0.99737,-0.17263,0.79541,-1.29419,0.73802,0.08407,-0.07782,-0.02414,0.0186,-0.07982,-0.03452
823,-1.27352,11.87173,-3.89896,-57.32625,109.16602,-5.52497,-14.32222,5.55952,-1.49654,-101.46817,104.48258,-12.32226,-4.31666,29.30167,-6.7701,-22.38157,129.26816,-1.4429,-123.23852,109.98835,-23.49352,5.97258,5.35335,5.38015,2.98373,-1.11349,-0.88794,-0.12727,-3.65706,2.36606,1.03984,-0.79206,-0.2315,0.24002,-1.27812,0.32655,0.13635,-0.02947,-0.02077,-0.10355,-0.04359,-0.15489
824,-1.22918,11.76481,-4.11677,-56.8718,109.82954,-4.73699,-10.03786,3.13276,-1.97971,-105.2692,111.43022,-8.88965,-4.46964,29.04161,-6.90686,-21.74623,128.13377,-1.19951,-117.42616,117.85059,-16.8638,-8.88386,-10.21007,2.66323,3.82527,-1.30523,-1.1977,-3.30327,-0.70289,0.28922,1.02523,-0.63934,-0.17173,-0.20482,-0.92559,0.05012,0.11398,0.03224,-0.01917,-0.11566,-0.07939,-0.08412
825,-1.01014,11.55731,-4.46317,-56.3485,110.59621,-4.02355,-3.14573,0.4899,-3.01673,-108.17229,115.2914,-6.70314,-4.661,28.70314,-7.10936,-21.14093,127.38862,-0.91769,-109.89274,120.8772,-11.98708,-16.6054,-24.1068,2.62756,4.71384,0.09642,-0.4222,-4.31147,1.44039,-1.1713,0.89716,-0.95347,0.24703,-0.00041,-0.91973,0.34685,0.07253,-0.00654,0.03662,0.01522,-0.2092,0.15843
826,-1.37446,12.15997,-4.85778,-55.05246,110.28833,-3.87932,-3.14929,2.55446,-3.61695,-105.34312,112.36369,-7.8912,-4.85905,28.41203,-7.36456,-20.45901,127.03625,-0.69428,-107.04429,120.5892,-14.51944,-9.92177,-22.85229,7.38169,5.1053,2.18582,0.92099,-2.08662,-0.11009,0.03773,0.72855,-1.39766,0.79797,0.77714,-1.47681,1.08904,0.07143,-0.10241,0.11629,0.1707,-0.30501,0.36889
827,-2.76913,13.23532,-5.15751,-54.09626,108.97657,-4.25528,-11.694,6.75416,-3.62267,-101.49522,104.65774,-11.17561,-4.98703,28.29162,-7.61994,-19.84047,127.18452,-0.64269,-114.27468,116.50803,-22.50522,1.38546,-11.43668,10.76061,4.48078,2.80208,1.39802,0.36954,-2.6292,1.834,0.52213,-1.3288,0.93573,1.22967,-1.8412,1.40532,0.07138,-0.11123,0.12417,0.17959,-0.26436,0.33174
828,-4.21398,13.94356,-5.41334,-53.93961,107.91539,-4.64972,-18.001,7.49613,-3.82684,-101.45029,99.63889,-13.10049,-5.01632,28.33883,-7.86678,-19.34954,127.83192,-0.71966,-122.46479,110.96226,-27.79482,6.26886,-3.99614,7.33435,3.15039,1.28642,0.67543,0.33364,-2.83917,1.80192,0.20189,-0.8305,0.65927,0.94145,-1.61615,1.0048,-0.00187,-0.02735,0.05421,0.04335,-0.1481,0.10247
829,-4.73916,14.03069,-5.71178,-53.52529,107.7697,-4.73896,-14.6792,4.14875,-4.39605,-102.90541,100.50313,-12.54805,-5.01744,28.47466,-8.15672,-18.86986,128.82065,-0.73907,-117.66702,107.63258,-26.85962,2.84352,-5.9849,2.13865,1.50084,-0.38234,-0.08501,-0.6914,-2.12293,1.21857,-0.11955,-0.45365,0.30022,0.67531,-1.45951,0.7246,-0.11973,0.02927,-0.01891,-0.04936,-0.08267,-0.02723
830,-4.69622,13.88115,-6.01433,-52.13398,108.11996,-4.60774,-8.18493,1.5789,-4.64908,-102.60178,103.43224,-11.45451,-5.07718,28.57593,-8.50964,-18.25716,129.9382,-0.58642,-104.18114,108.87179,-23.96757,-7.04005,-12.34726,3.83892,0.25952,-0.18751,-0.15097,0.20583,-3.35339,2.38364,-0.16168,-0.35035,-0.10773,1.1312,-1.91309,1.21552,-0.14912,0.00396,-0.07419,0.02659,-0.12366,0.10841
831,-5.42538,14.18183,-6.30766,-50.57466,108.67918,-4.42135,-9.5594,3.07157,-4.2471,-102.17258,105.06621,-11.26793,-5.23799,28.58188,-8.91641,-17.52218,131.07622,-0.35968,-102.56218,114.40388,-22.95945,-19.21987,-15.91257,11.41737,0.75221,1.14631,0.02849,2.75327,-5.96146,4.60407,0.01537,-0.4536,-0.33477,1.85698,-2.52453,1.9233,-0.04746,-0.07749,-0.10042,0.17651,-0.24063,0.34113
832,-7.35271,15.32659,-6.70341,-49.8623,109.80582,-4.18281,-19.22208,6.77156,-3.90556,-103.62797,105.95506,-11.36899,-5.45328,28.6014,-9.35832,-16.86549,132.34074,-0.21823,-118.48369,120.98268,-23.65965,-23.51842,-17.94736,15.80865,2.37564,1.64314,0.30776,3.6211,-6.86622,5.00488,0.01669,-0.71873,0.14098,1.81769,-2.57403,1.7578,0.03253,-0.1572,-0.01505,0.20569,-0.35237,0.35286
833,-9.07926,17.23519,-7.31217,-49.6276,111.4694,-3.91341,-26.10425,10.57255,-4.64269,-105.17265,107.99116,-11.0274,-5.58441,28.76884,-9.7816,-16.33462,133.86551,-0.15646,-131.71036,127.48944,-24.98796,-14.59137,-27.2493,13.07473,2.67381,1.39464,1.01829,1.60463,-4.35303,2.52905,-0.35063,-0.64485,1.11347,1.00207,-1.84138,0.75523,-0.0512,-0.11199,0.17403,0.08821,-0.35171,0.10952
834,-9.74273,19.10216,-7.9765,-48.95893,113.18237,-3.68019,-24.58898,13.21529,-6.00531,-105.35722,112.05395,-10.51098,-5.58682,29.10535,-10.17704,-15.75036,135.65926,-0.0479,-128.72446,133.6692,-25.58826,-3.99594,-40.57222,8.11106,1.57306,1.90954,1.76159,-0.04399,0.31254,-0.50063,-0.93139,0.1711,1.76855,0.57071,-0.5798,0.24155,-0.24894,0.10515,0.3129,0.00265,-0.19581,-0.07101
835,-10.09517,20.15552,-8.44528,-47.71289,114.41393,-3.58304,-21.98503,14.39857,-6.53413,-106.23824,115.55812,-10.79743,-5.62415,29.59921,-10.60033,-15.09172,137.60852,0.07723,-123.10503,136.94136,-26.26513,-5.56905,-37.47699,6.59023,1.34417,3.04713,2.06605,1.04498,3.23386,-1.09658,-1.45291,0.8855,2.04321,1.08068,0.29619,0.8676,-0.41605,0.26143,0.37269,0.05698,-0.02529,0.02613
836,-10.90285,20.53534,-8.71968,-45.76864,114.96006,-3.70168,-24.74658,15.46062,-5.94263,-106.94846,115.40551,-12.17406,-5.88229,30.18595,-11.07655,-14.47052,139.51125,0.05533,-126.25694,137.24692,-29.19616,-15.07272,-11.46678,8.9853,2.09158,3.05241,1.82459,3.26193,1.27467,1.13589,-1.32242,0.52828,1.92459,1.93909,-0.16836,1.80625,-0.37182,0.1336,0.36681,0.18382,-0.03826,0.25873
837,-11.91404,21.05912,-9.06225,-43.54442,115.46964,-3.85863,-28.1682,16.01049,-5.58536,-105.43693,113.10174,-13.60139,-6.31511,30.77069,-11.5576,-13.90439,141.35193,-0.09028,-130.63223,135.55753,-32.67522,-19.84817,10.79242,12.926,1.80592,1.6233,1.0476,5.06375,-3.05421,3.90583,-0.58873,-0.29019,1.06203,2.62648,-1.28914,2.29294,-0.13391,-0.08666,0.18636,0.30188,-0.16208,0.40869
838,-12.37586,22.75722,-9.76264,-42.33868,116.9147,-3.75136,-25.23209,15.88483,-6.94405,-105.13422,114.24084,-13.72558,-6.69568,31.38499,-11.98116,-13.29425,143.35538,-0.16627,-129.87944,134.99789,-33.02438,-18.42614,2.90187,16.92148,0.56773,0.67634,0.89549,6.55976,-4.23972,4.84215,-0.57628,-0.69568,0.63327,3.11118,-1.59914,2.50047,-0.0755,-0.16899,-0.01642,0.382,-0.19806,0.44966
839,-12.40716,25.70178,-10.7035,-42.12894,119.22646,-3.42849,-19.41407,18.21242,-9.33611,-109.11491,122.56,-12.12663,-6.91805,32.12542,-12.36213,-12.50872,145.58195,-0.12587,-130.04715,144.07578,-30.26846,-15.81155,-23.7563,18.89643,-0.19083,1.38066,1.88413,7.27192,-1.43424,3.73965,-1.96235,-0.41138,1.58555,3.35184,-1.12354,2.68869,-0.41491,-0.12432,-0.00205,0.40262,-0.17935,0.44492
840,-12.95304,28.63103,-11.41473,-41.37404,121.14305,-3.20646,-19.68628,23.64735,-10.34191,-114.22462,133.12094,-10.16673,-7.05197,33.04361,-12.76649,-11.64831,147.87328,-0.08414,-137.17621,161.43344,-27.82968,-12.36532,-39.12313,18.67542,-1.62074,3.06289,2.7584,6.83006,1.17359,2.49124,-3.96727,0.89644,2.5251,3.4277,-0.88848,2.84806,-0.93855,0.039,0.13584,0.38554,-0.22123,0.43895
841,-14.87242,30.63099,-11.73782,-39.50121,121.72787,-3.13373,-28.18323,27.87172,-9.42944,-116.8207,136.23073,-9.76128,-7.16039,34.15738,-13.24068,-11.0154,150.10806,-0.09471,-149.20352,170.81354,-28.54749,-7.27543,-37.39999,20.43583,-5.28235,5.0661,3.51883,6.0793,1.04079,2.58577,-4.84454,2.43583,2.19181,3.53435,-1.04366,3.0074,-1.1722,0.24138,0.27496,0.37083,-0.25373,0.45949
842,-17.85501,32.19967,-12.03818,-36.65649,121.54743,-2.98303,-38.31514,28.4793,-8.85031,-116.74576,131.03894,-10.93327,-7.24022,35.44501,-13.77952,-10.62163,152.14934,-0.09629,-158.58559,165.95329,-32.28111,-6.89594,-35.74098,26.50723,-8.84836,7.81363,6.34311,6.01328,-0.04544,3.51912,-3.81771,2.51367,2.2653,3.66029,-0.99745,3.2287,-0.94749,0.27772,0.55714,0.34632,-0.16887,0.4982
843,-19.65383,34.31115,-12.65822,-33.1142,121.77411,-2.75741,-40.53131,28.55284,-10.16152,-115.7975,125.46744,-13.0647,-7.27852,36.89811,-14.29945,-10.23104,153.74763,-0.06852,-157.03737,158.93782,-38.01768,-15.11169,-40.00357,31.32337,-8.74766,10.86356,10.78274,7.24281,-0.21451,4.43164,-1.92326,1.20581,4.12722,3.92418,-0.80339,3.6058,-0.50182,0.11841,0.96066,0.33237,-0.07103,0.55591
844,-19.12548,37.20621,-13.44771,-29.84876,122.83216,-2.62139,-34.90501,31.69911,-11.94732,-116.45522,124.98424,-15.99721,-7.32105,38.58015,-14.74161,-9.84532,154.72446,-0.05269,-149.87047,161.09322,-44.7145,-20.6438,-39.22871,25.63327,-5.78607,10.65559,10.77768,9.32439,-0.03904,5.29107,-0.12542,0.19127,4.20501,4.57216,-0.92621,4.16687,0.00831,-0.0003,0.85805,0.41476,-0.11212,0.66987
845,-18.19471,40.03517,-14.02972,-27.16616,124.28563,-2.40552,-31.68444,35.58557,-12.144,-120.22483,129.82959,-17.70166,-7.46265,40.57772,-15.1709,-9.64918,155.06125,0.01051,-154.35335,170.07315,-47.85108,-14.81613,-32.22563,12.24684,-3.30866,5.76768,4.67944,9.64812,0.02711,5.38408,0.97741,-0.12631,0.66721,5.10225,-1.15742,4.40625,0.40495,-0.02058,0.11378,0.55187,-0.21223,0.75496
846,-18.36032,42.13464,-14.38248,-24.16493,125.28728,-1.79644,-33.39638,35.80721,-11.29748,-124.36123,137.37485,-15.53067,-7.71954,42.95751,-15.67717,-9.68697,154.73549,0.24983,-167.78008,177.25191,-43.12515,-7.7517,-30.9028,7.20055,-1.88132,2.19109,1.22869,5.97698,0.73113,3.35985,1.3156,-0.48615,-1.02522,4.6056,-1.14729,3.59748,0.52359,-0.09085,-0.18548,0.56521,-0.25417,0.60906
847,-19.55554,44.22464,-14.79643,-20.39843,124.52769,-0.93301,-35.0811,34.72591,-11.37501,-124.81182,142.87503,-10.88817,-7.99885,45.68627,-16.30248,-9.77344,153.52829,0.66048,-172.20175,180.93402,-34.82678,-9.65457,-37.15579,16.11533,-1.6045,4.6877,4.8182,1.23073,1.37083,0.36403,1.12823,-0.4117,1.69922,3.35966,-1.25658,2.0048,0.37212,-0.12185,0.39025,0.44816,-0.32762,0.26325
848,-21.25247,46.90526,-15.30546,-16.95566,121.25893,-0.17721,-36.41673,35.93997,-12.28419,-123.64517,141.64386,-8.54995,-8.14948,48.65423,-16.99188,-9.75602,151.11786,1.10921,-169.50694,180.41339,-31.26992,-14.55462,-42.36252,27.98281,-4.31643,8.75618,8.62512,1.56995,0.51495,-0.04916,0.21518,0.50667,3.6507,2.63386,-1.501,1.02782,0.0563,0.00562,0.87592,0.3772,-0.42509,0.05033
849,-22.70581,49.47327,-15.58652,-14.53332,115.61913,0.32984,-40.21269,36.40325,-11.82606,-123.88672,131.68622,-11.14703,-8.07262,51.80143,-17.62414,-9.73057,147.18982,1.45822,-173.92398,167.80916,-34.12145,-13.21717,-44.47522,34.56511,-8.53189,8.91947,7.76784,8.2337,-0.58604,3.35208,-0.7752,0.95072,1.93529,3.10892,-1.13791,1.81629,-0.16317,0.14617,0.6977,0.40761,-0.32477,0.19923
850,-23.02537,51.14597,-15.45799,-12.23546,108.88607,0.68798,-44.12147,33.35278,-9.18115,-122.64401,118.89803,-15.41815,-7.84407,55.10592,-18.12707,-9.8822,141.44911,1.67084,-181.2695,146.91493,-37.33795,-8.17142,-45.54246,37.22302,-10.24513,6.32528,5.18375,15.73244,-0.23274,7.65006,-0.74953,0.26356,-0.30174,4.59383,-0.39589,3.82562,-0.08392,0.09631,0.30733,0.48238,-0.06696,0.55193
851,-22.24136,52.00343,-15.14251,-8.89014,102.33685,1.07808,-43.81823,30.27607,-6.6105,-115.92178,110.66585,-16.49169,-7.72128,58.53109,-18.55952,-10.26069,133.81311,1.83053,-175.60951,134.05426,-37.0037,-6.5404,-42.615,36.41804,-9.47231,4.00414,3.86378,17.22389,0.44975,8.7684,-0.40079,-0.53188,-0.77691,5.85344,-0.28052,4.8786,0.08743,-0.09458,0.09708,0.55955,0.02668,0.70257
852,-21.33639,52.69978,-14.97124,-4.38504,96.26176,1.71298,-40.05776,31.28965,-6.67552,-104.82468,107.91474,-12.86286,-7.8774,62.02365,-19.00909,-10.80823,124.59516,2.10987,-155.37674,136.7282,-33.90442,-7.2559,-40.80739,30.95016,-7.7519,3.8198,4.09601,9.57817,-0.79114,4.80077,-0.26311,-0.77116,0.04129,5.25505,-1.01065,3.25515,0.1382,-0.24877,0.09875,0.54943,-0.14677,0.39713
853,-20.50719,54.18303,-15.09261,0.22266,90.99664,2.648,-35.09832,36.11362,-9.05088,-95.46793,109.69653,-6.3898,-8.13545,65.48595,-19.44307,-11.49364,114.23808,2.66857,-133.76984,150.51404,-28.2616,-5.52983,-50.755,22.75496,-5.37545,5.46827,4.80499,-2.3266,-2.35537,-1.31397,0.62475,-0.75784,0.83661,2.79891,-1.45754,0.35746,0.24068,-0.26615,0.21622,0.33579,-0.30865,-0.10892
854,-19.92894,56.68103,-15.32537,3.4193,86.45396,3.56845,-31.02788,42.02931,-11.10084,-92.91035,114.18403,-0.69297,-8.23291,68.73753,-19.84127,-12.34808,102.95834,3.41259,-123.64975,166.9472,-21.80093,-0.44545,-61.66393,14.29446,-3.89112,5.05615,4.05017,-8.45432,-1.13971,-3.75068,1.85446,-1.02573,0.28803,0.45079,-0.76535,-0.67553,0.42141,-0.17227,0.20606,0.01843,-0.20355,-0.27862
855,-19.91901,58.45447,-15.13173,4.94329,81.46893,4.14543,-29.65754,45.07822,-10.53068,-92.05365,117.51408,3.21475,-8.14579,71.57364,-20.21578,-13.36986,90.90229,4.03071,-121.62485,177.46257,-16.10299,11.15308,-50.65628,7.02414,-4.05356,1.07971,1.68023,-5.39197,0.81494,-1.65138,2.53512,-1.85051,-1.51913,-0.28788,0.1519,0.14292,0.56755,-0.11502,-0.07501,-0.18571,0.0469,-0.07128
856,-20.25884,57.56306,-14.11141,5.70314,75.25384,4.4218,-31.53741,41.78593,-7.07927,-86.26369,118.65115,7.95311,-8.03807,73.81709,-20.50074,-14.58114,78.48128,4.36556,-119.76234,177.088,-7.71161,27.04925,-21.5406,4.59457,-3.76468,-1.33393,-0.08614,-0.03397,0.10466,0.29209,3.42338,-2.69443,-2.99474,0.19319,0.24905,0.39756,0.76254,-0.17082,-0.46044,-0.18368,0.17085,0.0854
857,-20.98656,54.13788,-12.42846,6.49102,68.57681,4.58727,-36.66541,32.61011,-2.68288,-80.88454,119.89047,14.21613,-8.06501,75.26468,-20.61485,-16.08833,66.2804,4.55377,-124.23009,166.61336,5.45897,29.57366,-0.53168,8.31103,-0.1978,0.92801,-0.56806,1.3309,-2.37944,-0.40635,5.09717,-2.69435,-3.05893,1.1961,-0.32842,-0.30591,1.00293,-0.23216,-0.66281,0.04295,0.05253,-0.01348
858,-21.18872,50.0719,-10.70612,8.02077,61.53305,4.61632,-40.50444,21.98385,0.00715,-81.2015,117.78928,17.97024,-8.19464,75.79423,-20.42437,-17.89647,54.66381,4.69733,-133.32878,147.22525,16.20399,12.02639,2.25168,11.86867,6.62584,3.22555,-1.32434,-0.61864,-4.35901,-2.47147,6.54171,-1.79111,-2.11863,2.03314,-1.02342,-1.19682,1.10981,-0.1419,-0.53822,0.28755,-0.21087,-0.34823
859,-18.40321,46.63947,-9.4813,10.95769,52.56392,4.38086,-34.43639,14.09885,0.4848,-80.33547,104.78301,15.44084,-8.30943,75.37949,-19.75187,-19.73811,43.78394,4.6986,-126.35979,119.03925,16.04478,-1.42827,-2.34796,10.70049,10.85515,1.18823,-2.27642,-3.41124,-5.78474,-4.88268,6.43347,-0.9346,-1.36319,1.55169,-1.50244,-2.49759,1.02082,0.06596,-0.27502,0.20135,-0.40575,-0.80504
860,-13.5589,42.98638,-8.39305,14.77689,42.32559,3.90031,-20.91623,9.19655,1.2334,-73.16252,86.79925,9.96964,-8.5825,73.77921,-18.67378,-21.28434,33.89802,4.55477,-102.41401,92.6747,10.29839,12.14411,-4.95712,7.88685,7.96331,-3.14091,-2.32429,-5.91282,-7.33529,-7.34654,5.38125,-1.37043,-1.79443,-0.18064,-1.57792,-4.14184,0.9357,0.08772,-0.28662,-0.16039,-0.37232,-1.06446
861,-10.67508,37.03913,-6.32822,17.36909,33.60032,3.31282,-12.65495,2.51388,4.6429,-66.82642,77.89198,8.31786,-9.28958,70.49962,-17.35085,-22.54285,25.24309,4.41825,-87.54519,78.5704,12.38494,41.2529,-4.57614,4.70182,3.49529,-5.62197,-2.23124,-7.93841,-8.32769,-9.38766,5.61097,-2.78048,-3.04909,-2.16122,-1.24334,-5.5054,1.0786,-0.14748,-0.62573,-0.53171,-0.11914,-0.98526
862,-9.75158,28.56081,-3.2107,17.44009,26.62218,2.80928,-11.56988,-8.09866,9.30863,-67.13402,76.45688,10.79619,-10.21357,65.2473,-15.62863,-23.73632,17.71035,4.28686,-89.73034,69.21629,22.48122,57.09102,-2.9862,-3.16966,4.9847,-5.85359,-3.18262,-9.81513,-6.90691,-9.90025,7.62067,-3.52779,-3.94284,-3.67762,-0.65337,-5.6402,1.29901,-0.30355,-0.88859,-0.78882,0.17658,-0.68844
863,-8.66164,19.59667,-0.07678,16.69697,20.25674,2.42583,-10.565,-17.77964,12.17207,-69.04099,72.06415,13.0879,-10.90556,58.16012,-13.41018,-24.92221,11.02554,4.02973,-92.89303,55.97248,29.54754,50.33036,0.8394,-18.31513,12.30634,-5.47883,-4.74911,-11.6372,-3.57078,-8.80226,9.85289,-2.84634,-3.9118,-4.11246,-0.15118,-4.36143,1.34934,-0.18398,-0.82015,-0.81232,0.29762,-0.39239
864,-7.30189,11.84414,2.47602,17.89239,15.10573,1.95929,-4.47623,-20.91431,12.23244,-65.81025,64.86143,14.10844,-11.21132,49.6796,-10.87915,-25.95489,5.12365,3.64053,-82.50871,46.80649,30.426,36.34476,10.87584,-35.07264,19.03838,-4.51152,-5.6133,-13.35677,-2.16509,-8.40289,10.59851,-1.34526,-3.21747,-3.79978,-0.13377,-3.4398,1.24226,0.06802,-0.58886,-0.67398,0.18866,-0.40515
865,-6.18907,5.6941,4.53061,21.22072,11.71179,1.2984,6.16772,-17.39674,10.92843,-57.59783,60.55222,15.27788,-11.14964,40.35058,-8.17338,-26.65224,0.15558,3.20564,-59.4313,48.94331,31.11889,30.23009,28.00557,-42.64079,19.40293,-1.62066,-4.99821,-14.2591,-4.96917,-10.04756,9.10921,0.17191,-2.17053,-3.62882,-0.67142,-4.18433,1.05237,0.27905,-0.38908,-0.60659,-0.04005,-0.76339
866,-5.07213,1.44205,5.93517,24.0241,9.31059,0.57298,14.49957,-11.19216,9.87022,-51.09171,59.83181,16.01189,-10.66186,30.91661,-5.42507,-27.00635,-3.6985,2.80732,-42.30837,54.17274,33.2907,31.17897,47.15096,-39.83895,16.01876,2.22135,-3.96566,-13.33234,-10.20094,-12.60362,6.80009,1.04953,-1.23202,-3.69885,-1.46484,-5.99886,0.84064,0.32563,-0.29322,-0.67823,-0.24562,-1.17113
867,-2.68093,1.32671,4.92027,24.48599,7.79379,-0.07786,17.66416,-1.25422,7.10315,-52.43892,61.72602,14.98772,-9.58519,22.60232,-3.03763,-27.22073,-6.29349,2.56082,-46.26768,58.9323,30.99018,35.76344,58.75216,-35.34943,16.42383,4.72659,-4.1443,-10.79768,-14.06248,-14.48607,6.2751,1.10909,-1.01671,-3.17428,-2.15504,-7.5571,0.7777,0.15327,-0.37921,-0.65469,-0.35467,-1.37412
868,-0.91721,5.71908,1.26648,24.19621,7.72855,-0.6458,16.27395,9.01056,3.2667,-58.8047,66.70197,13.44819,-8.12224,16.22791,-1.5027,-27.44337,-7.63664,2.48337,-66.47915,62.43749,26.38339,47.50947,55.05806,-31.51911,20.12189,5.1828,-5.03649,-9.24489,-13.80531,-15.24265,7.84795,0.89819,-1.50389,-1.88433,-2.47414,-7.87999,0.95682,-0.04603,-0.60139,-0.37716,-0.38053,-1.32319
869,-3.91716,9.85896,-1.0862,25.57106,7.54741,-1.02654,11.54287,4.17034,5.58125,-61.00617,69.59799,12.95428,-6.84131,11.37004,-0.75319,-27.61893,-8.10698,2.30975,-83.61687,47.45179,31.84936,64.27679,40.92556,-24.62901,19.98995,3.6161,-4.85252,-11.231,-9.75394,-15.28741,9.44379,0.98039,-2.11613,-1.01377,-2.22499,-6.79478,1.26458,0.03762,-0.74652,-0.06492,-0.33448,-1.09172
870,-10.08987,10.5826,-0.25767,28.55641,5.2382,-1.01147,12.03051,-16.47284,15.25388,-55.90205,63.53296,12.96408,-5.83056,7.44045,-0.28299,-27.71099,-8.17516,1.81505,-78.55742,11.35906,49.08724,70.3756,30.97909,-19.21548,15.54803,0.70299,-3.6496,-15.91707,-4.20613,-14.69584,9.32872,1.22498,-2.42792,-1.69494,-1.35158,-4.95295,1.40783,0.34855,-0.66253,-0.04895,-0.18993,-0.8184
871,-12.27858,8.51392,0.75208,31.15979,2.01792,-0.66929,26.61,-32.53438,23.97273,-49.78257,51.48636,12.10262,-4.52925,4.27443,0.10864,-27.87934,-7.93043,1.17926,-49.84944,-17.20914,64.67023,55.98615,33.54484,-26.38372,14.13134,-1.74899,-3.94281,-19.84899,0.08986,-13.72365,7.85128,0.75481,-2.83669,-3.27451,-0.30318,-3.47156,1.21706,0.42477,-0.52108,-0.30574,-0.01998,-0.66488
872,-7.33072,5.37957,-0.93321,32.60832,0.58914,-0.37897,46.09921,-29.56333,24.45422,-44.57519,41.18654,9.54425,-2.57779,1.72232,0.22912,-28.14647,-7.31446,0.72747,-16.9234,-19.09056,63.50727,36.0095,46.16471,-44.51815,18.81336,-0.49473,-6.47974,-20.42167,0.68951,-13.493,6.88814,-0.08296,-3.44501,-3.91569,0.00566,-3.19544,0.96799,0.17745,-0.53555,-0.4743,0.00184,-0.70275
873,-2.29002,0.37907,-2.40906,33.7058,1.99424,-0.40329,47.37374,-24.25719,20.45326,-35.41335,35.79114,5.95345,-0.31388,-2.29706,0.0076,-28.21898,-6.51962,0.53984,-6.28999,-20.55317,47.06786,32.49805,60.74471,-57.15248,24.16353,4.47906,-8.65351,-18.43468,-2.06199,-14.29608,7.35429,-0.07196,-3.56103,-3.29284,-0.59609,-3.80635,0.9296,-0.02123,-0.60323,-0.40878,-0.12124,-0.79208
874,0.15146,-1.82087,-2.10425,34.33121,5.53792,-0.62999,32.43374,-27.74429,17.00262,-25.82809,34.50357,3.14536,0.13283,-2.97081,0.11586,-27.93702,-5.7963,0.50767,-19.20898,-36.97626,28.61852,45.30973,68.40314,-55.43516,25.30843,7.0597,-9.01202,-16.78008,-5.10013,-15.18493,8.51313,0.36077,-3.59122,-2.74389,-1.1738,-4.26476,1.00667,-0.03863,-0.61634,-0.32136,-0.17808,-0.73654
875,-0.29899,-4.50255,2.63602,33.84825,8.99956,-0.69623,24.09237,-47.66531,24.19163,-24.64232,32.69142,1.44957,0.01403,-2.98195,0.50242,-27.49868,-5.21333,0.48546,-32.70829,-73.69788,30.38288,53.21327,64.33675,-46.41059,21.76965,4.00683,-7.97089,-16.75566,-6.29814,-15.5009,8.95722,0.43972,-3.95707,-2.87234,-1.13099,-4.13849,0.98373,0.03701,-0.54722,-0.35146,-0.09484,-0.57432
876,2.08811,-5.3159,4.04194,32.7968,10.61938,-0.5194,40.51362,-48.26955,34.03132,-31.61018,29.27003,0.65636,0.10274,-2.24791,0.68045,-27.17841,-4.73869,0.34177,-19.15821,-76.96581,46.63101,38.10629,50.72218,-41.01373,15.60499,-0.11654,-5.95011,-17.06937,-5.70494,-14.99919,7.92423,0.4656,-3.7589,-3.11117,-0.83567,-3.7353,0.80446,0.14674,-0.36898,-0.42642,-0.03161,-0.4981
877,8.16775,-2.85005,-3.87844,33.89048,10.56487,-0.25593,70.56041,-17.58793,37.42474,-34.65921,28.57096,1.69868,1.17469,-1.27803,0.16013,-26.91445,-4.44424,0.03359,21.12307,-27.62748,61.84309,2.61679,38.77697,-43.15005,10.0736,-0.47281,-3.79895,-16.70877,-3.37273,-13.46801,5.97798,0.58771,-2.69031,-3.30886,-0.41782,-3.2539,0.57875,0.18268,-0.2289,-0.5016,-0.03487,-0.53271
878,12.25528,0.11004,-13.05369,38.40845,9.99324,-0.02102,84.40184,9.43731,34.5596,-26.64747,30.35102,3.27774,2.72702,-0.83437,-0.33917,-26.44065,-4.50003,-0.33818,53.2971,17.90325,63.54736,-27.77211,43.02251,-48.49988,7.2541,1.58984,-2.88748,-16.745,0.43873,-11.96591,4.26731,0.37912,-1.97972,-3.72,0.45902,-2.75637,0.41315,0.05849,-0.33616,-0.54287,0.02677,-0.52049
879,11.50851,0.08306,-11.84608,42.6332,10.52937,-0.13837,70.37318,4.45057,28.42161,-16.07074,30.42373,1.40537,3.61795,-0.97231,0.10741,-25.79906,-4.89544,-0.58578,47.68159,9.22308,45.9963,-25.98335,64.61877,-52.76398,8.25394,1.55797,-4.62572,-18.23714,3.52547,-12.477,3.59708,-0.24965,-3.02829,-4.20594,1.4573,-2.67333,0.32775,-0.12559,-0.66136,-0.48488,0.16253,-0.42444
880,8.72576,-2.6375,-0.29072,42.576,12.23487,-0.75353,45.54356,-20.1806,22.57295,-12.01244,26.11632,-4.73463,3.38188,-1.27598,1.29919,-25.30952,-5.47739,-0.69446,16.97819,-39.1461,18.1431,4.13603,82.90166,-57.89006,13.71577,-1.44726,-9.62384,-20.01223,3.41486,-15.09273,3.80533,-0.87217,-5.8816,-4.63011,1.63504,-3.54208,0.3132,-0.21841,-1.04066,-0.43069,0.21172,-0.47666
881,4.15267,-3.62708,8.58635,39.72887,12.74498,-1.32892,28.55478,-35.28571,19.77608,-9.87522,17.41676,-10.45806,2.29368,-1.35604,2.10512,-25.0726,-6.27274,-0.88652,-2.84527,-81.04616,-2.37323,32.35227,74.40739,-62.67361,18.80548,-2.98435,-14.52275,-20.4398,0.84876,-17.56856,3.55106,-1.02684,-8.21695,-4.98909,0.85404,-4.93703,0.30028,-0.21173,-1.32917,-0.52683,0.11408,-0.78229
882,0.93694,-0.65376,0.36398,39.40765,12.04196,-1.42329,29.90002,-23.10882,22.63731,0.26656,12.7465,-10.08451,1.51087,-0.99219,1.43198,-24.74101,-7.35797,-1.16081,15.36015,-75.8077,1.36951,40.54672,44.22562,-55.36536,14.85627,0.03913,-12.87285,-19.69682,0.109,-17.88391,2.30135,-0.64795,-7.28763,-4.89794,0.45543,-5.22777,0.22453,-0.15878,-1.33405,-0.6248,0.08236,-0.9393
883,5.2374,4.0943,-20.97496,41.91965,13.13957,-1.4979,46.60389,6.05308,31.93522,11.85244,22.57126,-3.35219,1.9051,-0.20728,-0.31556,-24.05016,-8.65207,-1.25422,55.40048,-24.20527,30.86891,34.27121,22.09988,-32.37725,2.46501,4.19567,-4.27507,-17.89388,2.28535,-15.90696,0.91401,-0.20918,-3.77053,-3.71918,0.84328,-3.66063,-0.00119,-0.09523,-0.94395,-0.45092,0.16981,-0.5961
884,13.34387,7.25694,-32.83327,43.51882,15.9312,-1.95501,63.3026,16.44534,38.75324,14.678,39.87655,4.20719,2.71099,0.59881,-1.51254,-23.12775,-10.08167,-1.18771,82.33315,12.50858,58.79332,20.8457,25.8399,-12.56314,-5.49649,4.41103,2.05423,-14.21505,2.94497,-12.24064,0.23396,-0.09585,-1.3931,-1.98713,0.59232,-1.62097,-0.30469,-0.03334,-0.40501,-0.1555,0.10978,-0.09859
885,15.78289,6.6269,-23.60718,42.98182,16.07738,-2.40376,68.50443,-5.68647,31.94987,11.40259,44.06229,6.50329,2.77335,0.94269,-1.45417,-22.27877,-11.65846,-1.3419,85.6739,-11.36878,54.50255,-0.17109,44.42515,-14.40841,-0.73573,-0.22822,-1.98207,-8.93697,1.11691,-7.18862,0.14888,-0.17575,-2.43342,-1.15254,0.0471,-0.6048,-0.44,0.00888,-0.20001,-0.15087,-0.02431,0.01695
886,12.1223,3.20543,-6.52322,41.53926,11.12882,-2.50821,57.23352,-29.65304,13.07556,6.28277,27.40922,1.64961,2.24613,0.89907,-0.77742,-21.6486,-13.31157,-1.89435,64.66935,-60.71635,16.60921,-24.3586,56.50364,-29.81668,8.80719,-6.17296,-11.9116,-4.32924,-0.25369,-2.55584,-0.02654,-0.11643,-4.99605,-1.25473,0.44083,-0.62569,-0.39497,0.02221,-0.39775,-0.38528,0.01139,-0.20914
887,7.85388,1.3344,0.87257,42.08316,5.64416,-2.60915,34.66451,-26.75525,-0.79412,4.96764,9.47332,-5.21688,1.86275,0.97586,0.11511,-21.01468,-14.78246,-2.43222,30.53218,-71.58553,-23.06363,-36.50545,52.23355,-35.12808,11.44436,-8.86347,-15.74967,-3.38883,-1.24282,-1.25908,0.11716,-0.08293,-5.52314,-1.3769,0.61927,-0.89,-0.26771,0.01549,-0.52351,-0.49004,0.04313,-0.34832
888,6.1935,2.93798,-0.93975,45.72662,5.4165,-3.08224,17.59418,-6.67571,6.60814,14.50766,11.48891,-6.89112,1.64532,1.0261,1.46477,-20.2053,-15.89109,-2.50053,14.51372,-34.31334,-28.78226,-25.30973,39.65519,-22.59734,6.85688,-7.93949,-11.00108,-5.13587,0.24174,-3.0965,1.16113,-0.55964,-4.26352,-1.17902,0.74944,-0.76518,-0.07802,-0.03565,-0.38483,-0.3503,0.07627,-0.20802
889,8.1907,5.72512,-2.13005,48.6396,7.27186,-3.47871,14.80397,7.75945,26.74057,29.71633,21.13017,-3.71838,1.42435,0.68306,2.55895,-19.44119,-16.84991,-2.35438,27.10281,2.79201,-4.40692,-1.95307,37.19405,-8.80462,1.6601,-6.40088,-6.3873,-5.05426,8.55198,-5.82597,1.98329,-1.14052,-4.46887,-0.62838,3.18965,-0.83059,0.05013,-0.11083,-0.41756,-0.07686,0.42641,-0.06302
890,11.19356,7.14082,0.27401,47.80186,4.90786,-3.36096,20.61845,7.06244,40.8223,37.92835,16.20392,-1.5057,1.31535,0.16344,2.54982,-18.91129,-17.94579,-2.49486,45.61757,0.73468,20.72251,6.31736,50.3925,-8.04987,-0.6377,-4.733,-6.41873,-3.0339,14.82319,-7.2322,1.42692,-0.89306,-6.15027,-0.11254,5.32861,-1.63713,-0.02374,-0.10665,-0.77756,0.11697,0.70957,-0.15482
891,10.53853,6.61849,1.90063,46.79293,-0.31227,-3.17034,26.15244,-4.67679,43.24196,41.41639,4.48584,-1.76882,1.18412,-0.28357,1.69237,-18.36357,-19.22302,-2.89945,56.35882,-23.17288,30.93283,-8.38303,58.75746,-12.41874,-0.74372,-1.90694,-6.25695,-3.38167,6.86501,-5.11051,-0.01565,0.15137,-5.56375,-0.49948,2.43686,-1.67421,-0.21766,0.03253,-0.82495,0.01836,0.29588,-0.21742
892,8.17451,7.66758,0.26253,49.79101,-2.79965,-3.48873,28.09402,-14.18298,48.05025,51.72629,7.92071,-0.93325,1.06186,-0.37111,0.71669,-17.4616,-20.61683,-3.23305,69.44563,-23.4809,42.95683,-25.40275,44.58908,-9.42596,-0.26163,0.71517,-2.12149,-4.37597,-5.08183,-1.06713,-1.1839,1.18041,-1.00908,-0.93307,-2.01351,-0.07785,-0.33482,0.2672,-0.07696,-0.17399,-0.33572,-0.06649
893,7.59187,12.73991,-0.60308,53.07831,-3.23278,-4.13337,24.98996,-13.28108,61.54095,62.03584,21.73551,1.74717,1.04711,0.09558,0.36321,-16.34234,-22.19789,-3.51864,78.85126,3.51677,64.83421,-31.96146,23.02688,-0.32517,0.07176,1.0768,2.31648,-2.84783,-8.08615,0.40493,-1.34615,1.60405,3.83433,-0.29653,-2.93644,1.24003,-0.2864,0.47608,0.84078,-0.17154,-0.47499,0.05442
894,4.92872,17.0204,-0.35481,52.87113,-5.57601,-4.56532,12.50419,-3.32232,58.02535,62.09924,25.67299,2.80152,0.7481,0.5518,0.52883,-15.23293,-24.04147,-3.89532,66.16935,29.22457,60.80281,-35.93092,22.30811,7.47044,-0.67759,-1.4478,1.58348,-1.79748,-5.85018,-1.22453,-0.62619,1.29809,3.96102,0.41723,-1.58971,1.01417,-0.12905,0.49178,0.9777,-0.04499,-0.27587,0.01626
895,-0.97945,13.28287,-1.71183,52.77758,-7.91286,-4.94813,-2.23409,5.12987,30.17026,59.09132,21.0122,0.62327,0.06143,0.13616,0.3533,-13.99755,-25.99193,-4.17235,43.77311,38.74764,24.40549,-41.24142,43.69337,9.7602,-3.06151,-5.40623,-4.21193,-0.58152,-1.57613,-3.29537,0.124,0.50354,-0.76266,1.14296,0.16489,0.0061,0.00721,0.22737,0.34199,0.16053,-0.04,-0.0731
896,-4.95021,2.55827,-5.58973,56.35195,-5.35175,-5.88794,5.11698,-6.89444,14.14153,59.88098,24.81803,-1.76638,-0.528,-0.77962,-0.92217,-12.52478,-27.76605,-4.18376,46.59819,23.69026,6.92847,-40.41374,57.33808,7.40558,-5.26348,-7.8276,-10.01585,3.94501,4.3044,-3.73331,0.35881,-0.48474,-6.20022,2.37849,1.76941,-0.78983,0.02915,-0.22737,-0.42904,0.36272,0.14746,-0.1458
897,-7.0413,-5.21102,-13.4732,61.96046,-0.81702,-6.92099,44.20368,-41.5604,27.97309,57.94332,33.45524,-1.84165,-0.81808,-1.08113,-2.89208,-10.93853,-29.35243,-4.22428,79.23476,-21.58801,22.48762,-28.74359,42.72248,3.99074,-4.7644,-7.12078,-11.81944,8.64011,6.23046,-0.07855,0.22046,-1.3491,-8.4652,3.30617,2.08348,-0.41778,-0.05245,-0.57705,-0.89246,0.4054,0.22127,-0.12303
898,-13.51493,-3.52135,-26.56592,67.0227,0.30462,-7.29212,86.3093,-66.05213,31.96214,49.18977,33.78713,-1.28083,-0.84973,-0.84979,-4.52078,-9.27819,-30.82476,-4.49075,104.58936,-58.53028,5.57828,-17.66519,17.43812,-1.93526,-2.22993,-4.71429,-10.4061,8.414,1.65667,7.38459,-0.15721,-1.17694,-6.24804,3.19512,0.72199,1.33818,-0.15986,-0.45834,-0.81,0.32813,0.13671,0.0953
899,-22.02665,1.13343,-41.25878,68.21932,0.44643,-7.86445,99.11613,-53.18913,-4.98877,35.08603,32.5132,-3.18007,-0.02952,-1.36096,-5.98594,-7.64197,-31.98382,-4.72484,91.10738,-36.98342,-74.97868,-22.58157,13.9814,-11.30555,-0.47642,-2.97809,-9.09282,3.89906,-4.19625,13.00605,-0.50494,0.20358,-1.96665,2.07001,-1.14862,3.2837,-0.19495,0.06709,-0.27591,0.16271,-0.06939,0.4398
900,-21.66627,-1.91967,-58.39544,66.29827,3.35615,-9.38235,93.02041,-25.24488,-62.26558,24.15572,40.33212,-6.73184,1.97779,-2.80393,-9.46873,-6.051,-32.62932,-4.74285,67.2813,18.78558,-161.03366,-35.32107,35.11597,-13.42531,-0.35802,-2.36983,-8.30432,-3.97563,-8.31541,12.73373,-0.4017,1.04261,-0.09561,-0.33788,-2.45588,4.17162,-0.12344,0.49796,0.15989,-0.15936,-0.23562,0.65932
901,-19.70811,-4.17091,-87.75106,65.67046,6.50487,-10.60816,82.7959,0.0328,-130.68605,22.61568,50.93093,-7.8972,3.14625,-1.72847,-15.07443,-4.4602,-32.72839,-4.70113,59.72005,64.37627,-220.94189,-35.67872,48.07652,1.98071,-0.58924,-1.64362,-4.80473,-8.47231,-9.85101,9.22386,-0.03008,-0.26888,-2.73629,-1.43796,-2.3588,3.81665,-0.05678,0.41354,-0.04957,-0.22308,-0.17837,0.53124
902,-46.90736,15.38685,-108.04236,67.72742,6.72694,-10.36958,-0.90801,51.21754,-191.49519,27.1155,53.07186,-5.45431,0.26041,4.13001,-15.05212,-3.01487,-32.18626,-4.71429,-14.55678,123.66315,-242.13139,-28.91107,22.6862,20.71052,-0.89997,-0.39659,2.12998,4.10482,-4.49488,3.15112,-0.08274,-2.73033,-7.4032,2.87307,-0.41348,1.63565,-0.19601,-0.16599,-0.83806,0.39967,0.06126,0.01942
903,-114.41577,46.87529,-88.00682,70.73038,5.33379,-9.18246,-214.69968,117.36521,-189.61301,32.86071,45.02201,-2.34485,-8.99274,10.45136,-4.51239,-1.92036,-30.91669,-4.68829,-224.89117,194.77054,-179.7104,-39.05542,-21.25401,30.14729,-2.78182,0.40755,6.65193,20.59853,0.76366,0.7814,-0.67453,-3.28564,-9.56534,7.44348,0.39876,0.47259,-0.53847,-0.70426,-1.49074,0.87489,0.07041,-0.19646
904,-177.81471,65.91524,-71.9199,72.575,3.86829,-7.88146,-405.09116,166.76025,-182.29294,38.02503,30.6433,-1.03567,-20.75226,13.97385,4.29163,-1.32893,-29.14921,-4.5791,-411.72659,233.05978,-133.42253,-59.66546,-28.17768,40.16861,-5.30678,0.23878,4.92906,14.85593,-2.72531,9.29614,-0.90829,-1.25758,-6.79385,4.9569,-1.4071,3.05644,-0.65428,-0.69554,-1.24537,0.47838,-0.16076,0.2886
905,-181.81071,68.36142,-85.59949,72.46877,1.85375,-6.67273,-403.18625,192.18211,-213.76723,41.18156,16.4872,-1.28636,-25.78126,15.43699,1.62999,-1.29831,-27.24661,-4.44705,-406.18399,234.6337,-179.60736,-57.99908,14.96434,55.10789,-5.40179,-0.13873,2.1284,0.07275,-7.32686,17.98856,-0.332,0.86918,-0.70709,0.61742,-2.71655,5.52403,-0.21946,-0.17513,-0.06391,0.05926,-0.24852,0.78776
906,-134.56157,56.67311,-88.25443,71.40174,-0.43197,-5.67894,-272.3511,168.73686,-205.43341,40.19308,9.7129,-2.33748,-18.5642,14.35433,-5.73076,-1.74992,-25.34043,-4.31415,-282.67181,206.87582,-210.18262,-31.28051,61.58918,72.99852,-2.91074,0.95736,4.52682,-2.11476,-9.07822,20.26595,0.4334,1.99384,4.18322,0.55794,-2.68973,5.84929,0.3406,0.49647,0.98715,0.21417,-0.24752,0.8921
907,-57.03419,29.21834,-60.88503,71.65342,-1.67176,-4.90682,-113.69708,97.5461,-135.95856,39.04038,8.5274,-3.6403,-3.1898,9.09498,-8.21936,-2.3735,-23.45538,-4.14917,-131.49458,137.09644,-163.54114,-5.51135,59.4735,81.03011,1.27448,3.1826,11.7721,3.91774,-9.1937,17.93123,0.60411,1.45266,4.91696,2.62437,-2.40661,5.02191,0.51604,0.76567,0.9462,0.47593,-0.26864,0.71916
908,8.9173,1.27587,-14.77815,71.87463,-1.28631,-4.3291,-12.99607,30.6326,-48.51726,38.37149,3.86776,-4.46312,8.37456,2.18094,-4.15373,-2.96214,-21.75403,-3.96059,-26.47996,44.23133,-72.02248,0.76372,13.94149,69.77079,5.9553,4.28836,18.0571,6.92067,-8.62513,14.45678,-0.06908,-0.9406,2.82952,3.19517,-2.31528,4.40616,0.30436,0.4259,0.23537,0.43299,-0.25323,0.53233
909,36.67929,-11.6528,11.16796,71.14546,0.74741,-4.04277,25.0068,6.04466,-4.78314,40.2926,-2.53116,-4.2005,11.05451,-1.90625,0.41913,-3.48468,-20.40422,-3.76526,27.90085,-22.593,-17.86786,-5.942,-27.12483,44.85879,8.14841,3.44889,17.97872,4.79959,-7.66069,11.60342,-0.80546,-3.14831,0.36888,2.04264,-2.15586,4.39824,0.03293,-0.02218,-0.23233,0.22442,-0.16538,0.49072
910,35.13958,-13.26716,7.73052,70.25049,3.60933,-4.11793,38.65691,3.93193,-3.26786,47.57968,-0.68761,-3.50594,7.40421,-2.35732,1.56912,-4.08318,-19.40897,-3.58512,61.14002,-40.83315,-12.346,-5.45307,-39.8861,19.6586,5.53738,1.67123,12.69405,7.01474,-7.22416,11.02045,-0.76852,-3.37154,-0.88155,2.30559,-2.07019,4.82496,-0.02338,-0.26932,-0.08462,0.2563,-0.10155,0.61505
911,11.59337,-5.2754,-2.38591,69.22243,5.16762,-4.22293,14.20888,3.89598,-4.48962,57.12824,7.88834,-3.81674,0.98697,-0.27736,0.46483,-4.89831,-18.66776,-3.47258,48.77939,-14.29344,-10.79342,3.97519,-43.06482,8.75412,0.13687,0.52521,8.77202,15.62412,-9.30209,17.8123,-0.34958,-2.27161,-0.64718,4.59037,-2.84907,6.31503,0.02813,-0.44254,0.41283,0.51452,-0.19496,0.89292
912,-5.03814,1.86572,-3.94501,69.5055,5.29357,-4.037,-11.96743,-0.46033,3.44066,66.83439,15.11816,-5.35998,-2.29123,1.28677,-0.5179,-5.74443,-17.93718,-3.38471,32.49434,13.30891,1.78407,1.32644,-58.33881,10.31797,-2.77424,0.65199,9.04899,13.49313,-10.52962,27.7498,-0.45747,-1.5903,0.02075,3.8393,-3.79216,8.00941,-0.01857,-0.46988,0.6991,0.45343,-0.37358,1.17394
913,1.94881,-0.19586,0.31219,68.63612,5.6125,-3.82977,4.8366,-5.9219,7.53232,65.67801,17.14589,-6.65065,-0.21587,0.57929,-0.52687,-6.57323,-17.00107,-3.2869,50.44174,10.58557,6.21222,-11.65606,-63.35982,12.8882,-1.42904,1.28208,9.51968,3.79625,-8.68113,27.44623,-0.79566,-1.33607,0.69073,0.44501,-3.88564,7.79728,0.02504,-0.1951,0.65092,0.07503,-0.50475,1.20027
914,12.21788,-3.97447,4.48036,64.39679,7.44301,-3.87647,30.72386,-2.57177,2.50511,51.63962,16.26591,-5.73593,2.84347,-0.76269,0.30831,-7.42103,-15.85248,-3.16295,62.05297,-0.64626,-5.33035,-5.99058,-21.92149,20.62061,0.45178,1.26236,7.1898,6.55833,-8.55219,16.70917,-0.69883,-0.73951,1.45673,1.66812,-4.00671,6.09613,0.19797,0.14804,0.47555,0.21853,-0.67476,0.94112
915,10.46231,-2.72674,6.60109,61.17181,10.64857,-3.90216,25.15388,6.51088,-4.41746,43.59116,16.31912,-3.07914,3.43685,-1.21539,1.24196,-8.0956,-14.71136,-2.95161,44.58669,1.38951,-18.03135,12.5329,38.35679,37.9966,0.44056,0.48909,4.57461,6.66299,-8.16526,7.58568,-0.64093,-0.49005,1.88013,3.41939,-3.63794,4.50179,0.14733,0.15933,0.24837,0.48123,-0.63906,0.66152
916,4.61702,-0.5601,6.255,61.68234,12.61447,-3.6253,6.0551,8.88614,-8.71966,49.36578,17.05866,-1.83881,2.56299,-1.23479,1.59714,-8.61751,-13.91047,-2.75515,28.14274,4.80083,-22.94135,21.69356,52.19694,59.298,0.17503,0.79402,5.17566,0.38915,-7.18549,8.59013,-0.7988,-0.89317,1.21027,1.70412,-2.71038,4.44521,-0.10282,-0.07673,0.02924,0.22104,-0.35009,0.61401
917,-0.60244,0.05118,2.28904,63.86127,11.25346,-3.09445,-0.89662,7.8952,-17.14166,61.00481,15.85461,-3.47911,1.23151,-0.97626,1.35347,-9.14805,-13.46685,-2.74989,34.81404,1.33136,-33.0788,18.35998,3.37212,60.9213,1.10388,3.56059,8.52776,0.2131,-4.63901,8.69718,-0.40035,-1.04809,-0.75978,0.9538,-1.66084,3.47402,-0.15623,-0.1271,-0.10102,0.11083,-0.152,0.55638
918,-12.36783,3.31593,-5.03273,64.51196,8.019,-2.52187,-11.18546,15.88845,-32.4668,68.48072,11.547,-5.65623,-1.39089,0.38017,0.5815,-9.70916,-13.03458,-2.88047,36.42822,3.01533,-53.83388,11.10011,-45.06075,39.71169,1.78294,6.37301,10.19116,2.87712,-1.06651,3.68208,0.57181,-0.59836,-2.58202,1.96822,-0.6756,1.40912,0.04695,0.02023,-0.08082,0.39429,-0.12715,0.40988
919,-27.33582,9.12288,-10.30229,62.42624,6.52444,-2.24099,-36.38517,27.33538,-39.33503,67.06693,10.17367,-5.39213,-4.40369,2.12356,-0.34069,-10.23178,-12.43659,-2.926,9.73035,17.65564,-61.0914,6.42262,-38.22527,18.645,0.68719,5.49604,6.96997,3.94095,-0.8402,2.6336,1.08031,0.0367,-2.36713,2.7906,-0.61738,1.13809,0.17746,0.06598,0.10392,0.65032,-0.15156,0.37805
920,-32.53422,11.85739,-9.79598,59.35402,6.49571,-1.99148,-53.19563,27.56551,-27.43924,60.73314,12.04957,-2.587,-5.18537,2.46298,-0.85089,-10.66802,-11.96183,-2.85439,-18.02204,28.79719,-41.66049,4.34821,3.31343,16.8548,-0.571,1.91315,2.07778,4.07205,-5.27237,9.52208,0.66543,0.53277,-0.21873,2.74887,-1.63855,3.02428,0.12371,-0.00605,0.3888,0.6266,-0.1447,0.44932
921,-28.23034,8.4981,-10.50764,57.01647,6.23787,-1.5953,-42.99744,17.76756,-18.29155,57.8085,13.65338,0.60461,-3.65301,1.44093,-1.24608,-11.09929,-11.73748,-2.74245,-10.94671,24.86386,-27.87324,3.92354,25.58359,26.37288,0.55208,0.4161,1.19717,3.22552,-9.00091,15.52246,-0.0783,0.61241,1.77773,1.87281,-2.32908,4.16177,0.10229,0.04123,0.59819,0.34986,-0.09261,0.40356
922,-23.63414,2.06088,-15.53828,56.29007,7.14478,-1.4823,-16.31979,5.29593,-21.78699,65.71043,19.38565,2.88502,-1.96361,0.34317,-1.85928,-11.56626,-11.42945,-2.56938,33.99413,15.54302,-33.69025,0.78681,11.43642,25.26249,3.34614,2.2298,3.94681,1.22279,-7.00248,11.89088,-0.50938,0.07275,2.01725,0.70901,-1.69181,2.79807,0.18923,0.24338,0.50257,0.04093,-0.01818,0.15437
923,-22.13809,-2.27905,-19.07803,56.5575,8.73052,-1.66153,4.37197,-5.63325,-22.2302,80.15354,28.37006,4.1185,-1.21552,-0.19084,-2.49767,-12.03417,-10.89092,-2.43024,82.47164,9.72384,-35.63863,-8.83047,-16.73396,7.86114,5.16499,3.53756,5.15125,0.11591,-1.01677,1.24414,-0.65388,-0.74862,1.17436,0.36634,-0.30025,0.09373,0.22012,0.34978,0.17969,-0.04029,0.0658,-0.2203
924,-20.73187,-2.28329,-16.64343,55.38004,8.21564,-1.73782,5.69134,-9.85711,-13.32443,85.37963,31.11262,3.88899,-1.00825,-0.21959,-2.62565,-12.38367,-10.28227,-2.46414,92.35205,7.3836,-23.98519,-15.47976,-31.89235,-7.64837,4.81106,2.19869,3.04339,0.36743,2.48098,-5.45972,-0.72056,-0.92509,0.79453,0.9276,0.36902,-1.25022,0.12082,0.27837,0.00892,0.11106,0.09684,-0.41319
925,-16.0996,1.15091,-8.84629,51.10671,5.63411,-1.59684,-6.63524,-5.02153,-2.89999,71.93449,24.36013,2.34341,-0.74622,0.07975,-1.79551,-12.47051,-9.69022,-2.56247,57.12598,5.77013,-11.29811,-8.7316,-22.4172,-4.44572,2.53218,0.21989,0.13133,-0.52381,-0.13788,-2.00699,-0.5599,-0.1964,0.55851,1.162,-0.66392,0.3548,-0.0222,0.16437,0.00992,0.25723,-0.08805,-0.04481
926,-9.50811,5.72374,-0.11257,45.69571,4.32932,-1.46261,-14.55002,3.19416,2.80738,51.32327,18.69383,1.26969,-0.41072,0.48509,-0.34638,-12.33836,-9.08865,-2.47931,16.3205,6.82013,-6.94667,2.02266,0.54307,10.28729,0.38145,-0.60998,-0.90079,-3.07148,-4.78854,5.13677,-0.43508,-0.38891,-0.38557,0.35659,-2.41608,3.02737,-0.20129,-0.11092,-0.04268,0.18825,-0.45544,0.66456
927,-6.81519,9.08636,4.14723,43.32943,6.58911,-1.57719,-9.82025,7.48922,2.221,45.68655,25.85744,1.83883,-0.38332,0.75297,0.75761,-12.13337,-8.46432,-2.14929,11.20724,16.26772,-11.39235,0.13007,12.67774,17.33921,1.69554,-0.32088,0.84491,-3.37014,-5.04201,6.08951,-0.926,-3.08344,-0.86318,-0.29699,-2.75396,3.50803,-0.41151,-0.7087,-0.03621,0.02449,-0.63016,0.94787
928,-10.3749,9.63126,2.34678,43.9477,9.86156,-1.86684,-0.03182,6.35768,-2.89667,57.18978,40.16543,2.41483,-0.67022,0.73983,0.86482,-11.92261,-7.86283,-1.80092,37.25177,28.89589,-20.71456,-13.55678,6.47845,13.04992,5.62137,0.53541,3.47898,-0.97046,-1.44596,1.7234,-1.57696,-6.38268,-0.1473,-0.13369,-1.35215,1.74324,-0.48661,-1.27475,0.09724,-0.06817,-0.35958,0.53438
929,-14.88435,6.85136,-2.09577,42.64844,9.70043,-1.96839,7.99848,1.70133,-8.70497,65.76167,44.95905,1.27222,-0.7954,0.41637,0.1847,-11.73956,-7.28411,-1.69295,61.21762,28.75742,-28.03453,-20.62287,2.10253,7.75409,6.32608,0.74404,3.14765,-0.55129,0.39731,-0.35182,-1.2006,-6.61889,-0.30337,-0.17114,0.02611,0.1299,-0.29783,-1.19227,-0.02583,-0.1522,0.12325,-0.07653
930,-15.03288,2.14312,-4.98879,37.385,6.24182,-1.65336,13.14607,-4.33555,-14.58721,58.9017,35.67906,-0.33221,-0.5257,-0.04488,-0.49094,-11.62903,-6.55208,-1.74992,63.64812,11.77184,-30.97575,-10.10039,18.97849,4.26099,2.62648,-1.06999,-0.92375,-3.10913,-0.40518,0.89029,0.0065,-3.18747,-1.76177,-0.50041,0.39371,-0.33183,0.03302,-0.35729,-0.4424,-0.16308,0.39746,-0.36404
931,-11.6503,-1.33849,-4.92249,31.31828,3.25223,-1.01687,12.4865,-8.15285,-20.5926,43.4214,21.38958,-0.38895,-0.14464,-0.30266,-0.59114,-11.52501,-5.5433,-1.69486,46.47359,-8.91516,-32.9399,5.78682,42.56152,0.75015,0.02716,-3.35304,-3.74214,-5.66852,-0.59589,1.41429,0.40356,0.53816,-1.40687,-0.49372,0.13547,-0.20873,0.193,0.60745,-0.44947,-0.02994,0.27587,-0.24324
932,-7.67174,0.11232,-2.47252,27.76751,2.57885,-0.354,6.99367,-4.69075,-15.50948,32.53614,10.40075,0.82565,0.16977,-0.19568,-0.1597,-11.26933,-4.41983,-1.44672,26.82306,-19.0259,-27.01174,11.62944,33.05579,0.78714,0.89296,-2.45377,-1.56531,-6.03041,0.44391,0.36728,-0.34275,1.49245,1.12607,0.03122,-0.4206,0.02993,0.05912,0.94212,0.11954,0.18051,-0.12406,0.03296
933,-4.20563,5.94176,0.35818,25.91159,3.41651,-0.03708,4.97501,5.98034,7.51583,30.66892,5.93192,1.81115,0.52015,0.01235,0.37345,-10.97885,-3.41004,-1.19148,22.15607,-14.69927,-5.52804,8.89746,-13.97465,4.36229,2.41922,1.33643,2.22852,-5.26337,0.81207,-0.29547,-0.80535,0.43586,2.57052,0.42237,-1.15206,0.29654,-0.07505,0.62669,0.5067,0.29412,-0.50415,0.21541
934,-1.94808,9.35093,1.36838,23.78284,4.08454,-0.08487,11.05272,13.19757,32.0868,35.31078,6.96133,2.56597,0.79405,-0.04952,0.61808,-10.92089,-2.59968,-1.14093,37.79844,-4.86931,19.2455,5.38478,-43.97657,4.30754,2.9314,3.27264,2.69821,-6.70152,-0.07829,-0.05739,-0.35989,-0.56665,1.65418,-0.59256,-1.60331,0.30185,-0.02024,0.18373,0.3297,0.03128,-0.57207,0.20044
935,-1.52559,7.4989,0.88601,22.38654,3.84142,-0.16444,23.80402,8.64591,42.77973,44.88775,11.38649,3.7503,0.80288,-0.23434,0.57599,-10.99451,-1.92726,-1.25907,69.73486,2.10511,33.53138,1.52358,-21.91595,-2.73557,2.63529,1.02139,-0.07251,-9.41341,-0.85151,0.04861,0.35273,-0.86344,-0.1174,-2.23146,-1.23122,-0.06205,0.09491,-0.06731,-0.01588,-0.41469,-0.25478,0.01585
936,-3.05736,4.90334,0.17353,22.56334,3.19612,-0.11474,34.76687,-0.96169,38.92638,53.58838,16.43482,4.12613,0.67282,-0.15817,0.44085,-10.91541,-1.25348,-1.29353,95.10089,4.66361,31.79228,-6.832,17.43682,-10.64334,1.78846,-2.91307,-2.93027,-8.91469,-1.22079,0.23938,0.68792,-0.50235,-1.22475,-2.23618,-0.54693,-0.16619,0.12617,-0.08107,-0.11423,-0.51052,0.15885,-0.14376
937,-5.35283,4.97005,-0.44105,22.87751,3.72116,-0.04737,37.52158,-6.65797,25.37196,54.24679,20.81578,2.67573,0.74303,0.11929,0.3663,-10.63473,-0.37876,-1.0033,93.38612,0.77903,14.36205,-16.94525,36.77783,-12.00036,1.85659,-5.17628,-4.00244,-5.66337,-1.57346,0.70298,0.50996,-0.03768,-1.11197,-0.92337,-0.25997,0.01609,0.06562,0.03061,0.02955,-0.3058,0.3436,-0.18911
938,-5.74284,6.34455,-0.89591,21.19145,5.75253,0.06089,37.22483,-10.42696,8.7696,45.13656,24.76941,1.31265,1.08063,0.27633,0.36611,-10.29987,0.73436,-0.4536,73.1124,-10.04759,-5.84403,-18.53843,40.8866,-3.57886,4.08727,-3.30813,-2.77259,-3.57666,-1.46071,0.7133,0.13316,-0.37227,0.08136,-0.03158,-0.17152,0.02484,-0.01686,0.11938,0.18104,-0.10407,0.29646,-0.16622
939,-4.93628,6.17719,-1.33425,17.39098,6.13795,0.56593,37.17143,-16.14455,-3.22207,31.17036,21.81262,2.25842,1.09906,0.00896,0.13418,-9.90487,1.74244,-0.03376,52.70955,-26.14368,-12.90877,-7.85438,39.17203,11.71988,6.11887,2.27133,0.0262,-4.70988,-0.58052,-0.19079,-0.00104,-1.53858,1.23294,-0.32145,-0.02274,-0.19154,-0.06525,0.09037,0.15083,-0.02881,0.16378,-0.08887
940,-5.82259,2.31343,-1.66751,12.9406,4.00891,1.2623,36.49733,-22.1727,-6.60778,17.34974,7.84937,3.94559,0.51607,-0.99487,-0.49209,-9.43609,2.43268,0.0431,38.71334,-46.94534,-6.89662,5.95225,30.13696,22.62407,4.52711,5.65668,1.77623,-8.07186,0.7614,-1.91516,0.19423,-2.46155,0.93614,-1.48553,-0.04881,-0.53885,-0.06163,-0.06901,-0.06118,-0.1177,-0.01308,-0.02213
941,-6.13838,-3.9176,-1.09524,9.48214,1.59062,1.57924,40.39883,-23.9051,-1.54068,7.47842,-11.54383,3.48701,0.25586,-2.32132,-0.97494,-9.10375,2.86666,-0.12988,36.31529,-70.12324,1.42384,10.97565,18.62712,18.69647,0.59971,2.51428,0.88312,-10.74937,1.90139,-3.5893,0.43601,-2.36411,-0.54011,-2.53414,-0.51803,-0.85532,-0.00926,-0.27109,-0.2556,-0.31554,-0.22618,-0.04348
942,-2.1595,-6.62226,0.2081,8.04976,1.30017,1.30102,47.41477,-16.36728,7.56298,5.11632,-21.70796,1.15774,0.96567,-2.51173,-0.59919,-9.05388,3.13506,-0.31426,44.89749,-75.43712,4.43279,2.74327,15.34191,2.66026,-1.14136,-1.95229,-0.86459,-11.11421,2.44037,-4.25108,0.54886,-1.58185,-1.51004,-2.91381,-0.98141,-1.09696,0.07284,-0.34453,-0.25012,-0.53419,-0.34365,-0.17174
943,4.30445,-3.39247,0.94302,8.1305,3.2262,0.69037,50.69017,-3.66948,14.54677,8.62118,-15.65892,-0.97666,1.91243,-1.00386,0.41229,-9.06186,3.27954,-0.30724,54.88297,-55.75575,2.03344,-12.00723,21.61489,-13.96843,0.82949,-1.22019,-1.56773,-9.70317,2.59353,-3.77107,0.57624,-0.81771,-1.30855,-2.6727,-0.65956,-1.27434,0.1147,-0.16868,-0.16706,-0.60422,-0.2245,-0.30634
944,9.87684,1.36126,0.67647,7.76597,4.00676,0.35022,53.35327,4.09067,18.84826,9.47915,-5.89582,-2.34873,2.45829,0.61372,1.12722,-8.74016,3.26548,-0.15771,60.3774,-34.92479,2.83675,-19.03623,25.16014,-24.08167,4.69635,1.98184,-2.03873,-7.67892,2.52936,-2.72745,0.52195,-0.44721,-0.71292,-1.92707,0.25215,-1.22156,0.03827,0.12812,-0.22411,-0.38402,0.03386,-0.30107
945,12.41503,5.01836,-0.43006,6.35716,2.03506,0.57738,55.83272,5.35126,20.113,4.18542,-2.06908,-2.77402,2.63434,0.98874,1.21482,-8.01925,3.11485,-0.0413,58.11692,-22.42568,10.24266,-13.07379,16.93701,-25.36523,7.87484,1.89996,-2.95528,-6.76337,1.99965,-1.86711,0.38141,-0.52588,-0.32111,-1.29131,0.80882,-1.02447,-0.1203,0.31594,-0.30863,-0.11483,0.21571,-0.20426
946,12.04382,6.71442,-1.56716,4.38799,0.15388,0.9214,54.59171,-1.65507,13.64958,-2.92805,0.17669,-1.62208,2.51514,0.55875,0.9639,-7.32049,2.99451,-0.0055,49.03448,-16.42969,15.06908,-3.31874,2.56909,-16.01656,7.4482,-0.36079,-2.61274,-8.4383,0.92788,-1.67388,0.42706,-1.1888,-0.01746,-1.66712,0.62569,-1.131,-0.18744,0.23865,-0.20381,-0.187,0.24052,-0.21521
947,11.81573,4.67806,-1.4441,1.51841,1.11675,0.7969,56.35049,-18.80262,2.16037,-9.41323,4.26371,0.11784,2.34282,0.02414,0.7153,-7.01399,3.07461,0.02396,42.5261,-24.83875,12.50663,3.33671,-9.53113,-1.33658,2.27117,-0.17659,-0.06487,-11.12551,0.68693,-2.22647,0.63617,-1.826,0.21529,-2.74261,0.37442,-1.49111,-0.09274,-0.00631,0.00355,-0.50133,0.20303,-0.32548
948,13.17671,0.68353,-0.49899,-1.64257,3.56579,0.30344,64.4221,-31.17716,-3.72062,-13.438,6.85835,0.58649,2.38009,-0.43869,0.58572,-6.88092,3.25835,0.0808,44.10595,-39.9967,7.60678,7.7764,-15.55426,5.00289,-3.3819,2.17927,2.37492,-11.23716,2.86265,-3.12267,0.56072,-1.50303,0.2471,-3.04382,0.72032,-1.40395,0.02666,-0.16034,0.10469,-0.5908,0.16538,-0.30764
949,12.50364,-2.14215,0.13063,-4.15616,4.73262,-0.14198,64.11317,-27.19568,-1.881,-15.07251,5.75649,-0.85683,2.32187,-0.80029,0.46241,-6.49929,3.26568,0.1271,39.26245,-45.7276,2.41962,9.97728,-8.83496,-3.21815,-3.3231,2.65082,2.01903,-8.43661,5.68189,-3.5259,0.39588,-0.93971,0.09457,-2.21722,1.30783,-0.79525,0.09617,-0.23303,0.0412,-0.33423,0.12127,-0.13061
950,9.43944,-4.12837,0.76645,-5.33338,3.57841,-0.26565,53.96894,-19.73574,2.42052,-14.78077,0.09994,-3.22273,2.06821,-1.10212,0.2805,-5.70418,2.91761,0.1257,29.35292,-50.65714,-0.96603,9.81758,11.59959,-15.90578,1.6361,1.41106,-0.15708,-6.35933,6.06516,-3.07978,0.68996,-1.27394,-0.06438,-1.52368,1.58668,-0.43987,0.14785,-0.32314,-0.05755,-0.0889,0.14994,-0.01088
951,9.01963,-5.60788,1.33209,-4.38717,1.28643,-0.08701,49.86404,-18.4612,6.46864,-9.42241,-7.60382,-4.66722,2.06821,-1.32698,0.12897,-4.61364,2.30399,0.08756,36.65435,-57.93634,1.05311,10.51908,29.05421,-20.65366,4.68316,2.10917,-1.08187,-7.23311,4.04005,-2.39703,1.26312,-1.94015,0.02714,-1.72288,1.39847,-0.71581,0.17627,-0.29771,-0.01359,-0.13043,0.2343,-0.0827
952,11.72447,-5.99838,1.22773,-2.32729,-0.25577,0.12176,56.49648,-17.76255,9.4349,-1.05577,-10.08875,-4.04567,2.33014,-1.4777,0.05299,-3.56275,1.67778,0.04456,59.72163,-50.99108,7.8089,11.00648,26.91006,-17.83155,3.46247,4.71566,-0.16863,-9.10628,2.1297,-2.26554,1.33133,-1.53815,0.47216,-2.19283,0.8028,-1.21977,0.12029,-0.04136,0.13283,-0.33365,0.19865,-0.2622
953,14.79245,-6.52203,0.9533,-1.33806,-0.93318,0.32542,71.2587,-17.85991,10.95698,3.09907,-7.09382,-1.81421,2.45956,-1.62956,0.03076,-2.80471,1.19289,0.02496,84.4692,-35.81955,17.96445,4.67013,11.91319,-16.2675,2.14304,5.40594,0.43795,-9.82946,1.56663,-2.77842,0.62109,-0.02265,0.90744,-2.37323,-0.00258,-1.59227,-0.04098,0.25841,0.15429,-0.47275,-0.00236,-0.41129
954,16.76321,-8.41332,1.24541,-2.2394,-1.30863,0.63505,85.35296,-26.02207,10.61516,1.43562,-6.40892,0.53463,2.20612,-1.68516,0.05529,-2.26726,0.90433,0.0873,101.6945,-38.018,27.68313,-7.77644,5.76825,-20.75714,3.48581,1.21898,-0.86547,-10.30752,1.65927,-3.4023,-0.07785,0.73494,0.47353,-2.60306,-0.52289,-1.83955,-0.17864,0.28558,-0.03498,-0.49698,-0.15552,-0.44763
955,16.37844,-9.77053,1.67995,-0.13558,-2.6937,0.84304,84.72437,-37.01701,8.72518,4.52674,-12.643,1.74039,1.67255,-1.48177,0.11226,0.36137,-0.20923,0.03414,108.14768,-58.12276,29.87822,-13.4223,14.04212,-27.44105,5.88666,-6.13054,-3.10071,-11.25229,2.47321,-3.5993,0.31182,-0.80141,-0.89053,-3.00125,-0.08703,-1.79615,-0.09229,-0.01776,-0.24661,-0.41625,-0.04975,-0.33172
956,13.53858,-8.31977,1.47463,-2.5631,-0.88422,0.59941,69.55096,-37.16601,6.78264,-2.14679,-11.12058,1.16595,1.25086,-1.13551,0.13495,0.24098,-0.03809,0.19143,81.96871,-62.05128,25.09941,-3.41232,17.85064,-29.07286,6.9769,-10.83248,-4.00666,-11.51763,4.62228,-3.44003,1.75708,-3.46793,-1.86582,-3.12232,1.15075,-1.37602,0.21825,-0.39825,-0.26963,-0.28099,0.21462,-0.16353
957,9.62131,-5.35819,0.81746,-3.67442,1.87028,-0.09551,53.11428,-27.5907,5.3619,-6.55043,1.01715,0.06194,1.06941,-0.86008,0.05193,0.11235,0.1083,0.26439,51.98621,-41.41075,19.39733,13.37877,2.41486,-23.99728,5.32453,-9.22813,-2.92945,-11.56941,6.6262,-3.57459,2.61961,-4.64977,-1.75081,-3.0351,1.71651,-1.18523,0.43678,-0.57273,-0.16133,-0.27181,0.26118,-0.16675
958,5.85212,-3.96131,0.43376,-3.54357,3.58283,-0.63147,43.23219,-22.71624,3.91447,-7.03496,13.07691,-0.23497,0.86566,-0.69598,-0.09838,-0.06045,0.21087,0.20655,35.39132,-23.64548,16.89252,22.38048,-20.02653,-17.302,1.64671,-3.10489,-1.09491,-12.34074,6.63162,-4.04164,1.72113,-3.34099,-0.99723,-3.02494,0.83703,-1.49746,0.28907,-0.42871,-0.05652,-0.43192,-0.0218,-0.34609
959,3.05065,-4.60054,0.47958,-2.28694,2.42672,-0.45405,38.53791,-26.51742,2.59979,-1.71833,10.89084,0.84528,0.54088,-0.60251,-0.1598,-0.07092,0.13154,0.0258,37.30562,-30.50009,16.16524,21.12417,-28.12747,-12.61395,-0.88071,3.50859,0.33936,-12.15874,5.9825,-3.97005,0.35682,-1.03136,0.01622,-2.9203,0.2075,-1.51378,-0.02954,-0.11348,0.05084,-0.56992,-0.14263,-0.42244
960,1.9725,-5.3925,0.65691,-0.3238,-0.28241,0.14959,35.74041,-30.0326,1.97654,7.75564,-1.93807,2.40196,0.32214,-0.5655,-0.0234,0.21345,-0.119,-0.14638,49.10598,-47.11907,14.91792,17.23712,-22.29546,-8.42224,-0.71062,6.89907,0.94306,-9.27423,5.89151,-2.83131,0.29548,0.05867,0.73032,-2.25641,0.93235,-0.75593,-0.1315,0.06498,0.11441,-0.49299,0.15126,-0.24765
961,2.01609,-5.80966,0.79485,0.68244,-1.43625,0.44129,32.05333,-29.50214,1.79535,14.62531,-10.63671,2.93887,0.32191,-0.62444,0.16066,0.54137,-0.28014,-0.1602,55.43831,-52.93402,12.56734,16.03277,-18.71214,-5.29836,1.34933,5.36928,0.64929,-6.33194,4.58444,-1.49424,1.43587,-0.55179,0.71699,-1.34798,1.34468,-0.193,0.0567,-0.00308,0.05443,-0.26501,0.34925,-0.07037
962,1.67388,-6.01123,0.79562,-0.02211,-0.06956,0.14764,25.38322,-26.7752,1.74546,14.25105,-7.75124,2.1246,0.40084,-0.74641,0.16921,0.6418,-0.20825,-0.03785,47.44328,-44.19717,10.1536,18.5259,-22.98339,-7.34014,4.08162,1.71773,-0.22363,-6.8073,2.30975,-1.07508,2.4914,-1.38694,0.36343,-1.0519,0.57765,-0.51478,0.2899,-0.10504,-0.0527,-0.11145,0.15375,-0.09436
963,0.69407,-4.96014,0.6288,-1.88877,1.94104,-0.34358,16.62906,-21.01379,2.12575,6.15881,2.28805,0.77686,0.41037,-0.74425,0.03649,0.48852,-0.04231,0.06708,26.33809,-25.74234,9.48343,23.18923,-29.41335,-12.75489,5.14399,1.47821,-0.73099,-8.83695,2.24536,-1.35958,2.48926,-1.05925,0.26174,-1.25652,0.22041,-0.82937,0.31142,-0.02254,-0.06606,-0.09017,-0.01033,-0.14937
964,0.01595,-2.16235,0.39162,-3.80379,2.81149,-0.58226,9.94302,-12.2392,2.77521,-3.86103,9.78709,-0.14826,0.32711,-0.49234,-0.04186,0.20735,0.04202,0.0763,5.83328,-7.91666,9.90214,24.53643,-35.26057,-13.77726,2.46805,5.26392,-0.16148,-9.14193,4.42193,-1.53623,1.51077,-0.14605,0.32739,-1.36761,0.93836,-0.49393,0.15087,0.09977,-0.00065,-0.14154,0.15704,-0.09016
965,0.13175,1.60738,0.13673,-4.15745,2.6819,-0.56287,7.34426,-0.62707,2.65935,-5.77167,9.26865,-0.10511,0.24474,-0.12087,0.03198,0.03268,0.01997,0.03132,1.81704,4.44328,7.42991,18.57328,-41.06694,-7.37042,-2.24038,7.04823,0.78303,-8.01464,5.71041,-1.46965,0.45424,-0.43065,0.03601,-1.33877,1.35739,-0.12014,0.05649,-0.03957,0.0103,-0.24431,0.36288,-0.03424
966,0.80996,4.27949,-0.06727,-1.35022,3.05482,-0.64462,7.10998,11.09448,1.36197,0.25748,7.74313,0.66238,0.26005,0.07052,0.17155,-1.51761,0.16936,0.11157,8.2171,17.54354,1.93408,12.30625,-46.20577,0.21992,-3.53755,3.58533,0.80483,-8.31802,5.05999,-1.7129,0.59982,-2.14164,-0.46296,-1.7836,0.63733,-0.46479,0.19076,-0.34561,-0.05006,-0.44211,0.26879,-0.1446
967,2.41458,2.91918,-0.0257,3.02435,2.18393,-0.72943,11.55666,9.11276,0.12103,8.78005,6.33848,1.26314,0.35924,-0.04036,0.24399,-1.66512,0.03427,0.02323,21.47381,18.88082,0.26402,16.06909,-50.3782,2.69194,0.3551,-1.1145,-0.27562,-9.87802,3.68234,-2.02001,2.02498,-3.56725,-0.70643,-2.17927,-0.58516,-1.0268,0.42232,-0.44359,-0.11019,-0.53256,-0.07897,-0.26925
968,4.40985,-2.7476,0.25319,6.55148,1.07468,-0.83188,21.77469,-15.15151,0.3452,11.11606,8.53547,0.89624,0.4141,-0.29598,0.16961,-1.88887,-0.05732,-0.03837,33.27514,-5.33586,7.55035,28.74733,-52.56217,0.52107,4.31578,-2.30962,-1.2933,-9.89528,2.59473,-1.66161,3.16226,-3.64703,-0.747,-1.41444,-1.30838,-0.92411,0.48637,-0.31023,-0.16908,-0.28786,-0.36833,-0.19653
969,4.11445,-7.58825,0.4154,8.45942,0.23244,-0.90667,25.82798,-39.68058,1.55785,9.02894,9.79426,-0.15936,0.34098,-0.4803,-0.01921,-2.23812,-0.09935,-0.03343,33.82439,-38.5676,15.50469,38.57244,-51.12821,-2.96891,4.84659,0.24391,-1.29522,-7.99183,2.10825,-0.86625,3.37167,-2.88016,-0.67876,-0.02034,-1.23929,-0.35106,0.41112,-0.22055,-0.23118,0.06115,-0.39259,-0.03662
970,0.65106,-6.4577,0.29375,9.45986,-0.29652,-0.88685,13.80243,-35.65152,2.07492,5.51062,6.51028,-1.00429,0.19804,-0.44896,-0.13968,-2.54192,-0.14714,-0.00673,13.58709,-46.79528,12.96201,35.17993,-48.6047,-5.66094,3.35476,2.93016,-0.67393,-6.52772,2.20711,-0.44862,3.06126,-2.25648,-0.53992,0.46491,-0.83198,-0.04912,0.34108,-0.27407,-0.2536,0.11654,-0.22071,0.01019
971,-3.22553,-1.29532,0.08007,11.54246,-1.12418,-0.8133,-5.34478,-9.81227,1.2545,5.32219,0.46401,-1.09555,0.07998,-0.22682,-0.08603,-2.63041,-0.21186,-0.03419,-11.33716,-27.93643,2.00037,19.14659,-48.43805,-6.00917,2.36264,2.47367,-0.39525,-6.34678,2.61066,-0.52539,2.5829,-2.41549,-0.47967,-0.08278,-0.56075,-0.10241,0.29159,-0.37904,-0.21572,-0.0794,-0.04867,-0.03209
972,-4.24062,2.51286,-0.05156,15.60409,-2.556,-0.89261,-14.03608,10.76549,0.1272,12.20355,-3.54392,-0.92977,0.0852,-0.05429,0.0263,-2.5134,-0.21285,-0.14507,-12.97892,-5.20991,-6.63153,2.90502,-49.39398,-3.33935,3.00187,-0.02192,-0.76621,-5.49212,2.59601,-0.55296,2.36232,-2.9458,-0.48493,-0.34698,-0.59487,-0.07232,0.29476,-0.40195,-0.14668,-0.17499,-0.00447,-0.02857
973,-1.97372,2.57539,-0.08303,20.73434,-4.14913,-1.25567,-5.96141,13.74744,-0.08643,23.776,-3.39457,-1.32909,0.24236,-0.17017,0.02875,-2.28896,-0.05388,-0.27887,12.71699,4.70114,-7.56299,0.03733,-49.89463,-0.53627,3.95816,-1.05643,-1.19973,-3.31628,2.05806,-0.37343,2.35911,-2.88751,-0.42961,0.15551,-0.71581,0.12307,0.35779,-0.29691,-0.09125,-0.06907,-0.04219,0.02386
974,1.23715,0.11724,-0.01132,25.2317,-5.51543,-1.66144,8.73713,4.11511,0.61666,31.34776,-1.09372,-2.18912,0.45036,-0.48979,-0.03988,-1.97629,0.27522,-0.33632,38.78352,-1.36684,-3.1493,12.9179,-50.24355,-1.80955,3.52269,0.29815,-1.10193,-1.92632,1.81277,-0.21471,2.1346,-2.09911,-0.30535,0.6927,-0.60107,0.22663,0.40246,-0.16558,-0.07121,0.07813,-0.07504,0.04981
975,3.44764,-2.02562,0.17631,27.48051,-6.76481,-1.64132,18.17587,-6.95037,1.34932,27.50878,0.34219,-2.386,0.56628,-0.6505,0.01322,-1.57628,0.7177,-0.28107,41.31907,-15.44146,2.83535,29.96716,-49.89658,-5.10905,2.22372,1.59717,-0.6855,-2.79603,1.33663,0.07169,1.74955,-1.49848,-0.25681,0.67842,-0.63143,0.12017,0.37575,-0.15285,-0.08587,0.13043,-0.15852,0.03933
976,4.3253,-2.44953,0.33203,28.33059,-7.31838,-1.31272,20.87627,-12.68465,1.29924,18.62254,2.49666,-0.73546,0.47839,-0.47751,0.16019,-1.13994,1.30646,-0.10006,30.74987,-23.29727,9.12241,35.25577,-51.81194,-2.77226,1.26368,1.09993,-0.38917,-5.50096,-0.14855,0.53141,1.49379,-1.65468,-0.37527,-0.09014,-1.24441,-0.18016,0.29124,-0.24836,-0.11897,-0.0089,-0.29363,-0.00818
977,4.04452,-2.29207,0.24303,29.57979,-6.57689,-1.24882,20.76157,-14.15408,0.58095,16.48563,7.92891,2.00666,0.23643,-0.22342,0.15039,-0.79028,2.13075,0.18445,28.06686,-18.2901,14.49985,24.64412,-60.33817,6.55857,0.44099,0.04973,-0.14146,-8.9684,-0.61227,0.4467,1.25773,-2.02754,-0.53,-1.52293,-1.71997,-0.59944,0.18919,-0.29003,-0.13208,-0.3355,-0.29389,-0.11616
978,3.13039,-2.34218,0.01347,30.9456,-6.24521,-1.35084,19.59663,-13.00336,0.2394,22.0454,9.88526,2.92127,0.10784,-0.17902,-0.04007,-0.58186,3.07692,0.42269,34.16478,-11.4698,14.82248,10.32357,-66.15817,13.89975,-0.31574,-0.20391,0.12339,-10.25646,2.12321,-0.64313,0.99928,-2.04766,-0.5347,-2.43215,-0.98939,-0.7896,0.13861,-0.20511,-0.09683,-0.55134,-0.05862,-0.21029
979,2.32341,-1.77599,-0.05826,32.11343,-7.67086,-1.32194,17.19869,-9.16169,0.79429,30.33165,2.32832,0.84012,0.22551,-0.27514,-0.16075,-0.33546,3.91903,0.51859,42.07762,-15.35081,8.12377,3.02678,-53.07082,11.63986,0.0811,-0.45656,0.03299,-6.20669,5.49401,-1.80492,1.02406,-1.94274,-0.40725,-1.38888,0.45873,-0.41689,0.18329,-0.12595,-0.04729,-0.34404,0.21109,-0.15657
980,1.54497,-0.58014,-0.00363,33.11786,-9.21546,-1.33614,13.30923,-4.78158,1.31614,36.11275,-7.8071,-1.9075,0.36284,-0.31888,-0.13954,0.01902,4.62022,0.54704,45.83168,-25.98615,-1.04271,-3.82304,-26.38793,3.10269,1.8135,-1.23478,-0.52713,0.61303,5.22869,-1.63804,1.28463,-1.88952,-0.2646,0.93832,1.03015,0.28203,0.2337,-0.16181,-0.03003,0.13145,0.25328,0.02521
981,0.04632,-0.11459,-0.08862,33.6585,-9.35688,-1.49897,7.32974,-2.90247,0.78214,36.77075,-10.76177,-2.66649,0.29998,-0.32583,-0.13609,0.2867,5.27393,0.60673,39.53989,-30.99459,-6.37366,-16.96247,-12.5525,-3.59786,3.91114,-1.28567,-1.1868,3.35588,2.1643,-0.30513,1.52833,-1.57101,-0.10566,2.15784,0.30905,0.68456,0.2068,-0.2245,-0.03946,0.37973,0.07702,0.15926
982,-1.62795,-0.60353,-0.23249,33.63578,-9.22392,-1.49555,0.21177,-2.71127,-0.26352,35.90614,-7.72003,-1.14572,0.15696,-0.34161,-0.14919,0.37192,5.85342,0.72518,26.96284,-26.20133,-5.99409,-16.96474,-28.51952,-5.80733,5.30308,0.23987,-1.54781,0.29303,0.36475,0.58316,1.70217,-1.01993,0.07844,1.3271,-0.72384,0.55003,0.14646,-0.21322,-0.04063,0.20748,-0.13833,0.15514
983,-1.92999,-0.67302,-0.12148,33.52814,-9.36933,-1.29916,-5.0862,-0.83575,-0.43824,39.0183,-4.46478,1.01563,0.14819,-0.28206,-0.03391,0.4976,6.32127,0.95548,20.54664,-15.03015,-2.90516,16.70346,-62.679,-5.79209,4.84052,2.08272,-1.37491,-3.42984,0.862,0.19993,1.59806,-0.77885,0.1555,-0.04126,-1.29677,0.23871,0.09407,-0.17275,-0.02364,-0.08011,-0.29655,0.09064
984,-0.40534,-0.02365,0.2148,33.90978,-8.66204,-1.31944,-4.46596,1.17974,0.65553,43.8358,-0.79673,1.86781,0.30182,-0.1885,0.14934,0.8948,6.74866,1.33435,25.07446,-4.03226,0.69879,54.99311,-80.39838,-2.38391,2.31293,2.14196,-0.7178,-3.8959,1.0469,-0.35148,1.04601,-1.16814,-0.01888,-0.44999,-1.51984,0.10818,0.05143,-0.1881,-0.01749,-0.17169,-0.37852,0.05546
985,1.67536,-0.2649,0.41189,34.67191,-7.43557,-1.561,2.81694,-2.89804,1.84492,44.04103,4.37286,1.0025,0.46809,-0.23722,0.17911,1.47635,7.14899,1.73413,33.52402,-3.11301,5.2247,48.36539,-58.65615,7.18838,-0.66884,0.84784,0.09978,-2.4356,-0.91956,0.30055,0.41916,-1.61106,-0.30688,-0.14473,-1.6668,0.13145,0.05083,-0.1938,-0.03363,-0.09615,-0.35478,0.04631
986,2.22906,-1.41893,0.2701,35.6495,-6.94192,-1.72438,7.22142,-9.14652,1.4841,43.31457,6.96928,0.14796,0.46709,-0.3621,0.05148,2.03099,7.44605,1.98317,37.74215,-9.99357,6.90366,9.80916,-24.90238,14.4133,-1.71857,0.45062,0.54984,-1.75492,-2.15861,1.16456,0.30904,-1.29554,-0.3768,-0.01803,-1.26052,0.07643,0.11589,-0.06662,-0.03909,-0.03354,-0.18015,0.00771
987,0.26645,-1.33469,-0.06533,36.179,-7.3847,-1.62221,-1.19989,-5.6611,-0.59193,47.37643,2.32822,0.74402,0.28829,-0.35949,-0.0443,2.46078,7.56295,1.98928,32.36466,-11.56168,0.49268,-4.39766,-22.76724,7.12452,-0.36111,0.48363,0.31675,-1.85431,0.50161,0.30254,0.66543,-0.62645,-0.20923,-0.10536,-0.00914,-0.11102,0.17835,0.10045,-0.0177,-0.03312,0.0831,-0.06058
988,-2.64148,-0.27999,-0.33734,35.96472,-7.97087,-1.42105,-14.71625,3.43598,-2.45728,52.43758,-5.62268,1.91301,0.08138,-0.29827,-0.08363,2.8451,7.53931,1.82664,22.1323,-9.23719,-8.38722,10.22889,-40.661,-7.17943,1.33582,-0.50767,-0.20141,-0.77116,3.76285,-1.4694,0.8869,-0.55609,-0.06793,0.21957,0.87817,-0.14374,0.15843,0.09306,0.00147,0.00987,0.20055,-0.06428
989,-3.50612,-0.33394,-0.35351,34.69609,-8.34665,-1.24552,-16.27367,4.26202,-2.06314,50.27697,-8.39418,1.97495,0.0049,-0.34308,-0.13752,3.21852,7.46801,1.63195,17.68865,-12.59223,-8.71635,13.71856,-37.31745,-9.72959,1.65603,-1.22968,-0.37822,1.36128,2.54729,-1.57528,0.68949,-1.0122,-0.04779,0.9306,0.18284,0.1501,0.06923,-0.08899,9e-05,0.13321,0.03041,0.03921
990,-1.8278,-0.98597,-0.12068,31.886,-8.35061,-1.02022,-6.38604,-1.26862,0.03483,40.92804,-4.23098,0.83184,0.09484,-0.40808,-0.13974,3.49389,7.40933,1.48044,18.63306,-15.70076,-1.88604,0.06627,-17.10303,0.57865,0.66159,-0.20698,-0.11252,1.74352,-1.71523,0.28751,0.20793,-1.25856,-0.0783,1.16682,-1.38995,0.49664,-0.04536,-0.22061,-0.00327,0.19273,-0.24625,0.14208
991,0.29827,-0.56271,0.15982,28.25918,-7.20138,-0.78491,1.31017,-2.4438,1.43862,32.91882,1.11513,-0.27483,0.26995,-0.35288,-0.00866,3.66519,7.41273,1.40953,18.79714,-10.2655,1.68948,-8.98244,-12.15671,9.80858,-0.71076,1.52153,0.24449,-0.74312,-3.58035,1.85957,-0.27599,-0.98363,-0.12191,0.53584,-2.18387,0.54515,-0.15282,-0.13934,0.00874,0.07375,-0.33982,0.12913
992,1.84654,-0.03715,0.32784,25.48759,-4.64653,-0.69031,4.24987,-1.14176,1.39966,31.41768,3.3094,-0.62989,0.45138,-0.28727,0.16165,3.82243,7.47362,1.43667,20.681,-4.8116,0.1443,-9.79395,-22.42579,9.95079,-0.79836,1.40612,0.12759,-3.12605,-1.34526,1.45452,-0.23096,-0.76222,-0.19247,-0.11009,-1.63433,0.29338,-0.14373,0.02759,0.01521,-0.08856,-0.19744,0.02553
993,3.21585,-0.73102,0.38792,24.39348,-2.66275,-0.65217,8.14078,-3.08314,1.1539,33.24123,1.65246,-0.48838,0.60133,-0.35323,0.22873,3.93967,7.44842,1.50418,26.8844,-8.12249,-1.0415,-9.75623,-25.31425,4.03265,1.46752,-1.41638,-0.67909,-2.53434,1.50174,-0.0973,0.72658,-1.33289,-0.2894,0.0797,-0.71902,0.05455,0.11328,0.00739,-0.01515,-0.09368,-0.04517,-0.04371
994,3.53339,-1.35824,0.30549,24.03618,-3.39409,-0.40824,10.2118,-3.78538,0.88456,33.05077,-3.52208,0.11823,0.60205,-0.41758,0.17158,3.80172,7.22531,1.47958,28.66774,-13.86123,-1.39646,-7.39379,-18.39927,-0.95477,4.12123,-3.81218,-1.42869,-0.44113,1.6859,-0.85423,1.8718,-2.18567,-0.33427,0.53604,-0.49803,0.07,0.45649,-0.20004,-0.0677,-0.00472,-0.06773,-0.01108
995,1.68005,-0.49847,0.03018,23.67625,-5.47687,-0.05837,4.89178,0.56319,-0.39212,31.1665,-8.45597,1.31299,0.37143,-0.28752,0.07562,3.33948,6.9452,1.36142,20.96751,-13.57105,-3.49009,1.22469,-18.11943,-1.93453,4.07896,-2.19372,-1.19676,0.29266,0.33001,-0.49361,1.95229,-2.06897,-0.23831,0.34809,-0.70552,0.22618,0.49341,-0.28929,-0.08816,-0.01691,-0.1588,0.06292
996,-1.16898,0.616,-0.28587,23.36793,-5.87232,0.0397,-4.65294,3.58184,-2.26363,30.67671,-8.71991,2.12579,0.0976,-0.09472,0.00319,2.78493,6.75219,1.30208,10.69171,-10.75797,-5.96494,12.32745,-27.62717,-0.8983,0.96923,2.71387,-0.02127,-0.74557,0.22074,-0.15945,0.76553,-0.88075,-0.04882,-0.35317,-0.5513,0.25951,0.13349,-0.12459,-0.0387,-0.14638,-0.13896,0.085
997,-2.69411,0.42192,-0.4011,22.51505,-4.37789,-0.11614,-10.68857,0.7999,-3.0336,31.35449,-6.56465,1.46081,0.03711,-0.08376,-0.04433,2.33562,6.49833,1.33715,5.77383,-12.84031,-6.5139,14.39399,-29.92354,0.19102,-3.00498,6.39913,1.13696,-2.41401,1.46597,-0.29403,-0.74436,0.01524,-0.0663,-0.86922,-0.09989,0.10431,-0.27857,0.05396,0.01905,-0.2338,-0.03436,0.03516
998,-2.49795,-0.39736,-0.31733,20.51301,-3.09029,-0.23162,-10.82616,-2.38191,-2.30922,31.62945,-6.58178,0.05252,0.13842,-0.20402,-0.07887,1.94067,5.98785,1.32576,7.64647,-17.14762,-6.05088,1.55845,-15.76565,0.26587,-4.90192,4.33661,1.12643,-3.26401,2.49377,-0.61508,-1.38238,-0.7162,-0.55198,-0.61254,0.11644,-0.09346,-0.37982,-0.02603,-0.03551,-0.12039,0.02446,-0.03274
999,-1.71221,-0.47541,-0.21872,17.14343,-2.44355,-0.17683,-8.25033,-0.57912,-1.33738,28.15673,-6.6531,-0.6988,0.20258,-0.27048,-0.09013,1.46446,5.33379,1.16803,8.10678,-13.41726,-6.20923,-13.87727,0.75595,-1.85381,-2.71896,-2.38836,-0.14507,-2.06211,2.56476,-1.03853,-0.54419,-2.40642,-1.03045,0.47611,-0.07965,-0.13359,-0.12524,-0.29105,-0.16471,0.16814,-0.00348,-0.04993
1000,-1.07579,-0.02579,-0.20335,13.13761,-1.36905,-0.09797,-7.12859,3.29218,-1.15546,19.10457,-1.99166,-0.86085,0.21784,-0.33123,-0.09486,0.92388,4.81777,0.94192,-2.76317,0.05028,-6.84005,-13.30211,1.54528,-5.01533,1.83936,-6.34149,-1.17606,0.21132,1.41922,-1.10273,1.03836,-2.96192,-0.74133,1.45749,-0.62915,0.10003,0.22978,-0.4449,-0.19686,0.36324,-0.08107,0.00582
1001,-1.12423,0.32371,-0.28841,10.29534,-0.14388,-0.13634,-9.13782,4.46414,-1.75696,10.86159,4.67999,-1.03851,0.21715,-0.4476,-0.13742,0.43859,4.48545,0.76248,-18.57395,10.80523,-7.59993,5.26339,-16.35839,-6.50177,4.22214,-3.10557,-0.71364,0.85564,-0.54178,-0.26329,1.92837,-1.83107,0.1223,1.29737,-1.22081,0.43997,0.40412,-0.35473,-0.08481,0.25479,-0.14388,0.0757
1002,-1.7657,0.91707,-0.39929,8.95014,0.63012,-0.25638,-10.48301,3.70124,-2.36236,10.68097,6.92955,-0.95959,0.17812,-0.42528,-0.16274,0.01382,4.14615,0.62118,-19.51837,9.57483,-8.7476,26.3601,-40.01667,-5.88206,2.1602,2.85043,0.61493,-0.87456,-1.79068,0.88718,1.47289,-0.47895,0.57381,0.22141,-1.45508,0.58296,0.32915,-0.11658,0.05808,-0.02966,-0.17492,0.10363
1003,-2.24359,1.18858,-0.41548,7.92433,1.39083,-0.37257,-8.07598,1.42434,-2.33508,16.61199,5.14245,-0.36822,0.17259,-0.2368,-0.10836,-0.37918,3.69743,0.48559,-1.8674,0.81946,-9.0135,33.18123,-48.77798,-4.34065,-1.69843,5.16768,1.23664,-3.02982,-0.93538,1.07302,0.25082,-0.03314,0.172,-0.67714,-1.22751,0.44587,0.10633,0.12125,0.10649,-0.20723,-0.2147,0.1051
1004,-2.64527,-0.02589,-0.3601,6.31718,1.46269,-0.32172,-5.97927,-4.69443,-1.89176,19.31259,2.08917,0.29539,0.25684,-0.19512,-0.04826,-0.69777,3.17472,0.35478,11.52302,-9.94291,-6.01428,21.99758,-35.57049,-1.60068,-3.65768,2.98885,0.5498,-3.88631,1.4381,0.16855,-0.8138,-0.38096,-0.62167,-0.82992,-0.72109,0.1902,-0.14835,0.24385,0.03204,-0.17279,-0.25613,0.10822
1005,-3.8717,-1.55886,-0.35289,3.53187,-0.41939,0.02782,-9.14339,-11.55642,-1.64637,12.72719,-3.19503,0.73531,0.29089,-0.39131,-0.05273,-0.97928,2.61358,0.17816,2.39447,-21.05186,-0.726,6.12008,-17.62321,3.06655,-3.12407,-0.23564,-0.38711,-3.39671,2.70175,-0.40786,-1.08223,-1.06933,-1.03912,-0.52337,-0.40662,0.10563,-0.27098,0.16495,-0.05954,-0.04578,-0.27395,0.13487
1006,-5.84811,-1.34795,-0.41777,0.09872,-3.01044,0.45369,-15.65624,-13.41119,-1.92819,2.10267,-9.98223,1.03218,0.11373,-0.4924,-0.06708,-1.28935,2.07763,-0.04943,-18.37156,-29.47442,2.23896,3.47065,-10.61665,6.36018,-1.78962,-1.26592,-0.35773,-2.52917,1.87681,0.06732,-0.49732,-1.62496,-0.68565,-0.19774,-0.47464,0.27105,-0.15408,-0.06381,-0.04075,0.02472,-0.246,0.17041
1007,-6.90582,0.10585,-0.44634,-2.1769,-4.07934,0.57078,-19.09797,-10.7809,-2.46262,-3.35088,-14.04855,0.80008,-0.12688,-0.31892,-0.0181,-1.51675,1.62629,-0.2181,-29.94374,-31.80817,0.34033,17.07455,-11.73464,3.84589,-0.69337,0.32795,0.36387,-2.664,1.07936,0.65961,0.40215,-1.73609,0.04565,-0.14141,-0.55626,0.40492,0.09931,-0.24302,0.06529,-0.00884,-0.13097,0.1409
1008,-5.90205,0.71571,-0.39774,-2.56962,-3.68325,0.33168,-16.79446,-6.91818,-2.60691,-3.14145,-12.57026,-0.38897,-0.11862,-0.15615,0.02502,-1.5089,1.23456,-0.26693,-29.02747,-24.82991,-4.00388,33.06333,-14.6907,-2.67342,0.25597,2.20566,0.75967,-4.02245,1.55917,0.63184,1.06019,-1.58843,0.46026,-0.36899,-0.51493,0.33941,0.31314,-0.25284,0.14124,-0.08203,0.02225,0.03345
1009,-4.09643,0.62717,-0.3889,-2.65087,-3.09475,0.11411,-12.1309,-2.01853,-2.18327,-4.78394,-7.71539,-1.37983,0.05642,-0.17142,-0.04933,-1.34632,0.89491,-0.28409,-27.20326,-10.71217,-6.19734,38.90105,-19.28218,-6.75778,0.38407,1.90421,0.57242,-4.96114,2.00016,0.39936,1.15141,-1.62624,0.22088,-0.52584,-0.65006,0.2745,0.35716,-0.19483,0.09757,-0.09193,0.06943,-0.03963
1010,-4.42268,1.70614,-0.61881,-4.07834,-2.36211,0.21429,-12.15531,3.44502,-2.19481,-12.13258,-4.04785,-0.54009,-0.0572,-0.12697,-0.25894,-1.25013,0.6587,-0.36929,-35.26575,0.28632,-5.1232,36.54919,-27.04633,-4.09098,-1.14009,0.37189,0.34009,-4.33046,1.08854,0.62479,0.70873,-1.86495,-0.41739,-0.42202,-1.02265,0.40087,0.22344,-0.18143,-0.0456,-0.0354,-0.02857,0.00799
1011,-7.92268,4.07035,-1.13177,-1.71151,0.69728,0.34904,-19.8789,7.43572,-3.43448,-10.48839,-0.35156,1.5688,-0.53986,0.08528,-0.53971,0.21859,-0.19452,-0.00993,-38.54677,6.56309,-4.1551,35.20465,-35.44186,2.47487,-2.9287,0.19839,0.26249,-2.95297,-0.37389,1.14005,0.16875,-1.99434,-0.92323,-0.26685,-1.18609,0.56766,0.04594,-0.18448,-0.17191,-0.01127,-0.14941,0.11593
1012,-11.83699,5.95015,-1.63976,-0.68831,0.91974,0.36277,-28.09042,8.78588,-4.81441,-5.79151,-3.97096,2.3737,-0.9531,0.2717,-0.77575,0.26126,-0.2007,0.02793,-39.24331,1.10258,-6.7829,35.84159,-36.04032,5.15019,-2.57823,0.88258,0.02659,-2.12421,-0.38391,1.05103,0.06182,-2.0451,-0.94951,-0.1793,-0.76861,0.4927,-0.0115,-0.1754,-0.18463,-0.03301,-0.17801,0.16911
1013,-12.01995,6.12321,-1.68307,0.77478,0.10717,0.12343,-25.86057,7.53538,-4.27176,3.70924,-7.77198,1.21315,-0.92063,0.29183,-0.83539,0.33242,-0.33951,0.03987,-23.15499,-5.35949,-9.35618,31.79,-25.77388,2.60988,-0.5064,1.21208,-0.17494,-2.08363,0.99241,0.2983,0.36244,-1.90362,-0.49109,-0.05925,-0.21084,0.24035,0.05619,-0.13182,-0.07259,0.00445,-0.12165,0.13276
1014,-7.42965,4.70646,-1.15435,0.58472,-0.13035,-0.21003,-11.56711,3.47374,-1.45162,9.65386,-6.78769,-0.89095,-0.48642,0.15903,-0.67398,0.26271,-0.42632,-0.02528,0.41897,-8.32462,-7.31535,21.71322,-17.61142,2.71099,0.63972,2.69409,0.08997,-2.35415,1.59868,-0.12503,0.52327,-1.34658,0.08727,0.04665,-0.19856,0.10286,0.09709,-0.04922,0.07052,0.10553,-0.03794,0.04479
1015,-2.17573,2.84786,-0.5296,-0.82843,0.97418,-0.41181,2.46288,-2.41138,0.98029,9.50354,-2.20128,-2.34621,-0.02286,-0.03575,-0.38378,0.11726,-0.37944,-0.07798,14.83423,-9.62477,-2.09095,15.88549,-26.09151,7.88372,0.22817,5.16261,0.56401,-2.89902,0.70794,0.23922,0.44997,-1.00965,0.35465,-0.13462,-0.74599,0.16769,0.06726,-0.02827,0.119,0.11516,-0.00497,-0.02432
1016,-0.85275,2.1307,-0.27248,-1.88656,2.49204,-0.32389,2.52444,-5.13338,0.10496,4.06737,2.03333,-2.12681,0.16974,-0.1509,-0.09837,0.07092,-0.25575,-0.03697,5.79199,-7.88739,0.54374,24.55851,-43.97573,9.91873,-0.19689,4.97353,0.68156,-3.8556,-0.55454,1.00885,0.57292,-1.73099,0.21406,-0.64642,-1.4263,0.34724,0.08317,-0.14498,0.05517,-0.0395,-0.09708,-0.00755
1017,-3.05035,2.85739,-0.37351,-2.21161,2.83602,-0.01814,-9.7135,-0.77169,-3.33261,-4.76917,4.05604,-0.74989,0.08968,-0.08405,0.04407,0.12443,-0.16317,0.03549,-21.50598,0.88383,-2.05151,39.568,-48.96709,5.03236,-0.28158,1.59052,0.35922,-4.67193,-1.20382,1.64609,0.80299,-2.94033,-0.19123,-1.1514,-1.73323,0.49255,0.14907,-0.29778,-0.04343,-0.23721,-0.21825,0.06036
1018,-5.6209,3.85971,-0.62676,-1.69507,1.69599,0.20555,-21.36573,7.48604,-6.00931,-10.01845,4.46344,0.33045,-0.14238,0.11688,-0.07054,0.19484,-0.18028,0.06806,-41.27554,13.98378,-7.02586,42.13728,-34.98629,0.16019,-0.78355,-0.29288,0.05028,-4.78341,-0.60809,1.58924,0.64487,-3.08016,-0.5452,-1.31788,-1.27494,0.42516,0.13249,-0.30065,-0.09091,-0.32128,-0.18228,0.08091
1019,-6.71965,4.50958,-0.82321,-0.22881,0.40208,0.14793,-23.71049,13.19266,-6.00681,-5.67616,4.9854,0.49087,-0.35543,0.28402,-0.30357,0.27054,-0.29864,0.0752,-35.61326,24.0154,-9.81521,31.26224,-18.31998,-0.15093,-1.37862,2.00819,0.2115,-4.67108,1.04531,0.83697,0.28023,-1.8422,-0.43934,-1.18135,-0.41089,0.15251,0.0442,-0.12037,-0.04354,-0.25798,-0.04553,0.04685
1020,-5.36413,5.1343,-0.73713,1.01211,-0.33544,-0.00221,-16.09651,12.92491,-3.70544,3.03951,4.16216,0.39165,-0.31242,0.31227,-0.27971,0.32301,-0.44203,0.06048,-12.88655,22.11584,-7.75267,23.94271,-10.53877,-0.38177,-1.36559,5.28448,0.72749,-4.84766,1.88879,0.35896,0.27859,-0.6341,0.06686,-1.01083,-0.09993,-0.06849,0.02635,0.05703,0.04908,-0.14711,-0.01855,0.01572
1021,-1.66644,5.29733,-0.34042,1.43658,-0.52571,-0.00524,-4.53191,7.67688,-0.59997,7.86748,-0.22178,0.63095,0.04206,0.19395,0.09405,0.32894,-0.4794,0.0656,6.88444,5.79579,-2.27915,28.41611,-6.33424,-4.17096,-1.06486,5.28253,1.06058,-4.57336,0.49195,0.85499,0.60734,-0.66507,0.42021,-0.83883,-0.60556,-0.0151,0.10597,0.03523,0.09505,-0.08981,-0.0906,-0.00035
1022,0.84056,4.30343,0.08108,2.08196,-0.18343,0.03412,-1.6905,2.85905,0.93728,9.16165,-5.94948,0.66929,0.36339,-0.03267,0.40965,0.34523,-0.37732,0.13963,9.16637,-11.14757,0.07747,34.57342,-2.30389,-7.07241,-0.96078,1.74111,0.85193,-3.67488,-1.59065,1.68531,0.77851,-1.66135,0.27484,-0.62169,-1.19053,0.22585,0.17351,-0.16248,0.07336,-0.08609,-0.10171,-0.01112
1023,-1.56902,3.36461,0.20716,2.61791,0.2962,-0.0498,-13.96104,4.47111,-0.79199,9.84091,-8.80603,-0.02021,0.25323,-0.20287,0.31165,0.35816,-0.25805,0.17311,-7.60295,-10.90805,-5.37159,30.83418,-8.44957,-2.75637,-0.09287,-2.22347,0.26426,-3.6316,-1.60568,1.7587,0.7922,-2.67403,0.01486,-0.59055,-1.22392,0.35622,0.19077,-0.3577,0.04668,-0.08416,-0.03795,-0.00146
1024,-6.07923,4.08402,-0.05073,1.04172,0.49321,-0.12248,-25.98273,10.51102,-3.78647,6.79967,-7.27324,-0.52559,-0.15223,-0.13292,-0.01475,0.25299,-0.21051,0.02729,-26.93837,3.22327,-11.89739,18.61683,-26.31983,6.93203,1.54542,-3.58181,-0.35291,-5.12105,0.34383,1.06149,0.80047,-2.9837,-0.08648,-0.99997,-0.98047,0.25888,0.18305,-0.41045,0.02983,-0.11096,-0.02807,0.03283
1025,-7.21898,4.53464,-0.42828,-5.33604,-4.3323,-0.44619,-20.60087,9.30541,-4.39811,-7.01975,-12.48061,-0.55494,-0.4056,-0.01242,-0.23058,-2.21189,0.81869,-0.93666,-37.84059,-3.3858,-10.15617,7.77947,-31.87988,12.28037,1.52603,-1.62235,-0.7256,-6.37136,1.75588,0.44197,0.55338,-2.3417,-0.38186,-1.48848,-0.84591,0.06355,0.12335,-0.30216,-0.03524,-0.17365,-0.08656,0.05313
1026,-4.39186,2.07233,-0.45222,-7.88204,-6.06759,-0.27343,-4.08981,-3.63613,-2.06206,-16.16521,-12.27241,0.37672,-0.317,-0.18491,-0.21934,-3.40402,1.85327,-1.08528,-28.37336,-22.42858,0.81789,7.74402,-12.75164,7.68952,-0.5947,1.24843,-0.6715,-6.02203,1.54772,0.37337,0.16981,-1.51901,-0.82155,-1.56874,-0.69698,-0.10505,0.03799,-0.16792,-0.12674,-0.2009,-0.09585,0.02715
1027,-0.44291,-1.43836,-0.04305,-7.15022,-7.68042,-0.27319,7.06963,-15.35064,0.76243,-15.46997,-15.86969,0.14327,0.00273,-0.52354,0.00989,-4.6509,3.26588,-0.9816,-13.74261,-42.08404,6.59905,20.34991,1.0127,-1.53432,-2.23807,1.21129,-0.46566,-4.88806,1.07515,0.48597,0.10862,-1.69864,-1.04788,-1.31379,-0.38354,-0.22246,0.01296,-0.18016,-0.17087,-0.17794,-0.0115,-0.02952
1028,1.81906,-2.77186,0.43443,-3.92675,-8.34734,-0.37789,6.19148,-14.58703,2.05681,-3.9201,-21.47895,-1.04319,0.2947,-0.63939,0.29048,-6.02507,5.25218,-0.6207,-2.17697,-44.32353,2.01747,33.70628,-14.78082,-5.62551,-1.92653,-1.52708,-0.35242,-3.8219,0.84857,0.58051,0.36179,-2.66776,-0.90842,-0.94937,-0.326,-0.16029,0.05994,-0.32519,-0.11275,-0.15006,0.02808,-0.04919
1029,1.91523,-2.5773,0.78658,-0.53637,-8.07311,-0.34328,-0.34451,-7.97503,2.18036,9.28673,-24.49266,-1.78705,0.42758,-0.55526,0.43987,-7.58732,7.83337,-0.12073,2.2148,-35.85691,-4.60603,34.5736,-38.89059,-0.68667,0.09159,-2.52648,0.13849,-2.93374,-0.68776,1.15069,0.72687,-3.14558,0.01942,-0.61303,-1.11032,0.21607,0.1345,-0.42327,0.10254,-0.137,-0.14141,0.02628
1030,1.33568,-3.20607,1.07328,0.74587,-7.84575,-0.08456,-3.96372,-7.39534,2.06768,14.13832,-25.46778,-1.45345,0.46517,-0.58372,0.48212,-9.36951,10.90313,0.32099,-1.69663,-35.99374,-6.31772,26.87363,-41.24561,5.72623,2.86174,-0.57833,1.13579,-2.79787,-2.79802,1.82614,1.11488,-2.6826,1.59425,-0.53648,-2.20453,0.57367,0.19439,-0.34496,0.37709,-0.1253,-0.408,0.13505
1031,1.25368,-4.1779,1.13589,-0.33229,-8.15941,0.26136,-2.41562,-12.45471,1.83462,11.11561,-28.74539,-0.68201,0.45741,-0.74913,0.49872,-11.36032,14.39036,0.61319,-8.69666,-50.18179,-5.04598,21.93848,-19.11922,2.57531,4.08887,1.17381,1.63691,-4.23125,-1.67679,1.13827,1.23427,-1.72713,2.2985,-0.94799,-2.21316,0.31988,0.19463,-0.12374,0.4455,-0.13464,-0.44865,0.12635
1032,1.48239,-3.46314,0.70032,-1.85056,-7.68342,0.55005,1.34598,-13.92099,1.21446,8.24935,-31.9751,-0.11099,0.36184,-0.81781,0.4163,-13.42709,18.19584,0.86239,-10.52741,-60.55037,-4.49623,21.80119,3.98363,-8.16694,2.12242,0.92832,0.82732,-6.29662,2.95155,-0.83639,0.86241,-0.89081,1.09303,-1.54402,-0.9853,-0.40697,0.1272,0.08174,0.20937,-0.17519,-0.19483,-0.01635
1033,0.95197,-0.91807,-0.0916,-2.13651,-4.78433,0.82889,2.14988,-7.97736,-0.09883,9.32113,-28.72485,0.73818,0.14563,-0.68544,0.15041,-15.44172,22.19661,1.20622,-8.77106,-50.05503,-5.01448,24.64518,0.15087,-11.7824,-1.08157,-0.33628,-0.53862,-6.83329,5.83643,-1.80076,0.33033,-0.68993,-0.81722,-1.69765,-0.00696,-0.75932,0.0433,0.131,-0.08935,-0.19789,0.05371,-0.11577
1034,-0.22981,1.26909,-0.62561,-1.61617,-0.13409,1.1975,-1.28613,-1.09205,-1.28488,10.00646,-20.01501,2.13688,-0.05868,-0.51454,-0.1219,-17.41575,26.34177,1.64675,-12.85231,-28.30217,-4.8217,28.97275,-23.79568,-2.16824,-2.28849,-1.10072,-0.90756,-5.57653,3.27871,-0.36515,0.16784,-1.26397,-1.37495,-1.41908,-0.31172,-0.41049,0.00913,-0.00297,-0.1591,-0.205,0.04632,-0.06863
1035,-0.46353,0.77122,-0.38581,-1.11841,3.75817,1.54534,-3.5491,-1.37644,-0.59711,8.1352,-13.20643,2.87871,-0.06322,-0.52947,-0.12162,-19.33573,30.59795,2.124,-20.67344,-18.33282,-2.9907,30.18278,-30.27658,7.80322,-1.31009,-0.86236,-0.01614,-4.2187,-1.69442,1.95372,0.34532,-2.00174,-0.3596,-1.15019,-1.18297,0.0608,0.02521,-0.18373,-0.00981,-0.22799,-0.11329,0.01186
1036,0.43974,-1.87394,0.35297,-0.49393,5.7985,1.67722,-1.27557,-7.34719,1.39212,8.21546,-10.92504,2.10282,0.06009,-0.70993,0.101,-21.10971,34.93942,2.57882,-21.78617,-23.75628,-1.43721,26.52151,-14.06169,5.44778,0.40849,-0.78093,0.89947,-4.08828,-3.32686,2.71922,0.50111,-2.17245,0.80315,-1.02032,-1.38882,0.08122,0.05447,-0.25832,0.14664,-0.22008,-0.16749,0.00402
1037,1.03108,-3.42084,0.7047,0.38811,7.1858,1.55287,1.69223,-9.72944,1.94964,12.42473,-8.70649,0.63955,0.09625,-0.78219,0.2143,-22.68028,39.2998,2.93215,-17.3255,-26.63226,-2.58976,22.58661,-6.07567,-4.26139,1.66188,-1.47411,0.86729,-4.97746,-0.61438,1.52823,0.56178,-1.8765,1.01005,-0.98483,-0.94104,-0.21558,0.09707,-0.24087,0.17928,-0.15252,-0.08884,-0.04875
1038,0.47074,-2.2779,0.38709,0.97084,9.1702,1.29356,0.10125,-6.55041,0.93906,16.1708,-3.41871,-0.64945,0.02001,-0.59502,0.05462,-24.0455,43.50132,3.14242,-19.44437,-18.82775,-4.70347,21.61001,-10.57888,-8.44502,1.41117,-1.18625,0.1626,-5.3449,1.65485,0.32106,0.64223,-1.72859,0.30925,-0.96726,-0.95374,-0.22792,0.14736,-0.21353,0.08054,-0.08993,-0.08042,-0.02375
1039,-0.71854,-0.24521,-0.05797,1.15641,12.02156,1.14349,-5.53895,-6.12959,0.77349,15.23349,2.81163,-1.23923,-0.04412,-0.30215,-0.2114,-25.21965,47.45338,3.30541,-32.35972,-12.78886,-3.48552,23.58598,-7.70832,-3.71971,0.30027,0.75608,-0.43441,-4.16689,0.14782,0.64787,0.75134,-1.99481,-0.46154,-0.76608,-1.78807,0.26933,0.17433,-0.21525,-0.09009,-0.07462,-0.20168,0.08616
1040,-1.19929,0.89651,-0.3412,1.25105,14.98997,1.30218,-8.56575,-10.23228,1.44479,10.46049,7.05078,-0.24454,-0.02105,-0.09129,-0.32055,-26.26007,51.20619,3.51847,-45.73028,-13.97159,0.55375,26.30385,-1.1266,3.14805,0.03517,1.9573,-0.53432,-2.79083,-2.30573,1.64364,0.78707,-2.31182,-0.62083,-0.45685,-2.36955,0.71093,0.16786,-0.23275,-0.20483,-0.0786,-0.26882,0.14873
1041,-0.12974,0.98169,-0.46526,1.08076,16.64911,1.62518,-4.30887,-10.78211,1.29125,5.74641,9.84933,1.95116,0.09544,-0.04401,-0.14237,-27.2177,54.62634,3.72599,-47.86389,-9.76654,2.93925,25.48656,-6.45073,5.91072,0.81342,1.11073,-0.03858,-3.84739,-1.83893,1.7671,0.70922,-2.29183,-0.03428,-0.70189,-2.00204,0.41205,0.14025,-0.23397,-0.11958,-0.12053,-0.20766,0.08577
1042,1.64418,-0.2285,-0.11818,0.69721,17.47458,1.79729,3.36335,-6.75035,1.01411,4.70387,13.97424,3.62675,0.24226,-0.19915,0.24463,-28.04791,57.42126,3.88258,-39.00854,4.06952,3.10794,21.89646,-16.24337,2.84185,1.59378,-0.1616,0.83834,-7.39513,0.93122,1.05278,0.52859,-1.96269,0.94394,-1.67797,-1.31994,-0.48436,0.08587,-0.1978,0.13229,-0.21853,-0.15146,-0.02847
1043,2.45811,-2.13643,0.63317,0.41002,19.01671,1.73821,6.9158,-4.78658,1.5894,5.82754,18.72488,4.00915,0.3049,-0.4079,0.59407,-28.73742,59.41334,3.9889,-32.0676,13.87263,3.1754,21.99786,-14.35118,-4.76813,1.68376,-0.7419,1.39228,-9.76141,2.97874,0.47894,0.29304,-1.6419,1.50944,-2.28153,-0.99685,-1.06428,0.00533,-0.1325,0.2902,-0.25694,-0.15049,-0.07952
1044,2.16866,-2.69206,1.02501,-0.3369,21.02268,1.52915,4.37474,-5.35719,1.92948,3.56936,22.81145,3.31052,0.31594,-0.41126,0.73563,-29.41301,60.64521,3.98533,-38.25663,15.7565,2.98853,27.36179,-6.41717,-11.28808,0.90517,-1.09591,1.09163,-8.57985,3.07095,0.3581,0.18889,-1.60742,1.08561,-1.79423,-0.98481,-0.88901,-0.04257,-0.07694,0.17907,-0.17768,-0.1192,-0.07739
1045,2.03682,-1.3973,0.78172,-2.22522,22.42611,1.24702,0.91837,-4.92268,1.956,-2.7283,28.90039,1.85507,0.39626,-0.21381,0.72086,-30.14003,61.34126,3.90386,-52.55451,21.1143,3.04385,32.84754,-8.47343,-9.43058,-0.21616,-1.19754,0.30611,-6.08815,1.6279,0.5717,0.37572,-1.78106,0.12241,-1.07934,-1.22808,-0.47047,0.00553,-0.07026,-0.04054,-0.12222,-0.07851,-0.09607
1046,3.23852,-0.36991,0.48642,-4.8449,22.81383,1.07792,3.17509,-5.37711,3.56204,-8.41961,37.10995,0.61996,0.55976,-0.07562,0.71503,-30.7889,61.69178,3.92037,-60.97672,30.42561,6.12644,35.4443,-19.15456,-0.01928,-0.74849,-0.61341,-0.24107,-4.97311,-0.38586,1.04607,0.71001,-1.8308,-0.49221,-0.97603,-1.6406,-0.30209,0.12105,-0.12311,-0.09881,-0.17064,-0.11542,-0.1204
1047,5.30161,-1.01944,0.5639,-7.1383,22.12039,1.24641,10.63838,-9.31125,6.61773,-11.35383,42.19585,0.94189,0.70365,-0.15912,0.78701,-31.22831,61.69081,4.13937,-59.49952,32.51852,11.82204,35.79578,-24.87463,7.10863,-0.75708,0.471,-0.35752,-5.0331,-0.7644,1.08519,0.89212,-1.66083,-0.56689,-1.15443,-1.63396,-0.35509,0.20565,-0.20726,0.02081,-0.22548,-0.17236,-0.10521
1048,6.58064,-1.80672,0.57141,-8.84541,20.59763,1.76482,16.64948,-12.23057,7.64703,-14.3282,41.07837,3.04103,0.74179,-0.36961,0.83875,-31.54633,61.25404,4.46699,-56.28468,27.00849,14.84388,32.93977,-21.08464,5.3392,-0.88299,1.12062,-0.30904,-5.25847,2.07884,-0.11161,0.9049,-1.78078,-0.51527,-1.13484,-0.87696,-0.51045,0.22621,-0.31682,0.1013,-0.20958,-0.14177,-0.08146
1049,5.72626,-1.68093,0.30512,-10.44603,18.97369,2.34342,14.66303,-10.39766,5.02597,-18.9276,37.15073,5.39566,0.62913,-0.61485,0.75142,-31.94537,60.37561,4.74319,-61.16331,23.29922,12.50682,24.88365,-13.72816,-1.87345,-0.7531,0.12014,-0.34544,-5.56662,5.76018,-1.78348,0.82817,-2.21837,-0.55351,-1.08236,0.0224,-0.77599,0.19297,-0.37531,0.01019,-0.15945,-0.03916,-0.0979
1050,3.36385,-2.3315,0.36484,-12.66741,17.6786,2.6812,5.2109,-7.77732,1.60245,-24.5278,35.12605,5.94667,0.39818,-0.93809,0.55264,-32.48925,59.16112,4.91081,-76.19781,24.90873,7.78813,15.82572,-9.81761,-6.66045,0.47091,-1.89981,-0.22736,-5.74932,6.13677,-2.20485,0.5691,-2.26099,-0.28497,-1.20589,0.20035,-1.01101,0.09773,-0.27527,-0.10308,-0.12764,0.03353,-0.13017
1051,1.69137,-4.26415,0.79563,-15.7093,16.20176,2.83626,-2.90081,-7.71454,-0.0642,-31.28049,36.17449,4.5482,0.1644,-1.23839,0.33509,-33.04657,57.78555,5.06763,-92.76639,30.0025,4.08363,14.60595,-11.50392,-5.32687,1.97699,-2.1756,0.44341,-5.49237,3.09845,-1.05368,0.18581,-1.83658,0.56365,-1.30928,-0.40014,-0.97352,-0.02414,-0.10326,-0.02386,-0.11512,0.031,-0.12535
1052,3.49289,-3.09014,0.74497,-19.04975,14.15879,3.14801,-0.57965,-4.70919,-0.61975,-40.44429,38.95616,3.19348,0.3485,2.43648,-0.22534,-33.55068,56.37774,5.34983,-99.17408,40.80724,2.04686,22.43812,-14.21141,-1.78749,2.08727,-0.4164,1.32286,-5.24019,0.65683,0.2085,-0.04181,-1.49293,1.41485,-1.23678,-0.88083,-0.77159,-0.09266,-0.02287,0.20174,-0.11929,0.0195,-0.10956
1053,3.65141,-0.67885,0.25481,-21.73708,11.97402,3.73398,0.32821,-1.49919,-0.13655,-50.13,40.39984,3.31018,0.2931,4.38282,-0.6938,-34.16265,54.92118,5.77267,-109.63783,47.2235,2.38538,30.24804,-14.17718,-1.96573,0.99384,0.02503,1.48009,-5.18233,1.30315,0.25913,0.11721,-1.49988,1.42651,-1.09723,-0.53527,-0.72903,-0.04294,-0.07781,0.31598,-0.15712,0.06852,-0.15247
1054,3.54345,3.34951,-0.49832,-22.39038,9.89196,4.25967,0.7051,2.08118,0.84759,-53.16817,37.807,4.54876,0.30349,6.76456,-1.15985,-35.01385,53.36907,6.2502,-112.15639,44.98584,4.52786,31.69368,-13.73318,-6.00504,0.30231,-2.09579,0.61935,-4.84831,3.18041,-0.55704,0.6572,-1.76476,0.54792,-0.99684,0.06068,-0.83324,0.12563,-0.20637,0.19607,-0.21821,0.11546,-0.23591
1055,4.01629,7.02909,-1.31124,-21.24898,7.88437,4.48183,4.77603,4.1251,1.00704,-48.20446,32.7875,5.93108,0.38521,9.35807,-1.61698,-36.03847,51.85614,6.70542,-97.11425,36.36939,6.86464,30.70303,-14.69503,-9.29811,0.80943,-4.10458,-0.51449,-4.55978,3.36012,-0.84771,1.30695,-2.16299,-0.45859,-0.94699,-0.24896,-0.79332,0.32083,-0.31329,-0.02686,-0.242,0.02823,-0.25319
