Unnamed: 0_level_0,RTOES_DIST,RTOES_DIST,RTOES_DIST,LTOES_DIST,LTOES_DIST,LTOES_DIST,RTOES_PROX,RTOES_PROX,RTOES_PROX,LTOES_PROX,LTOES_PROX,LTOES_PROX,RFTS_DIST,RFTS_DIST,RFTS_DIST,LFTS_DIST,LFTS_DIST,LFTS_DIST,RFTS_PROX,RFTS_PROX,RFTS_PROX,LFTS_PROX,LFTS_PROX,LFTS_PROX
ITEM,X,Y,Z,X,Y,Z,X,Y,Z,X,Y,Z,X,Y,Z,X,Y,Z,X,Y,Z,X,Y,Z
697,0.32234,0.21915,0.00847,0.14579,0.73491,0.00513,0.2925,0.1771,0.01255,0.1541,0.684,0.00901,0.31153,0.17196,0.02071,0.13266,0.68708,0.01448,0.19789,0.01217,0.02509,0.16648,0.48861,0.01949
698,0.32255,0.21903,0.00832,0.14603,0.73507,0.00542,0.29266,0.17699,0.01214,0.15423,0.68413,0.00909,0.31167,0.17187,0.02034,0.13282,0.68726,0.01467,0.19792,0.01217,0.0252,0.16606,0.48869,0.01933
699,0.32268,0.21892,0.00816,0.14621,0.73517,0.00566,0.29276,0.17689,0.01182,0.15428,0.68419,0.00912,0.31174,0.1718,0.0201,0.13294,0.6874,0.0149,0.19793,0.01215,0.02525,0.16555,0.48871,0.01919
700,0.3228,0.21884,0.00804,0.14625,0.73521,0.00574,0.29284,0.17684,0.01176,0.15427,0.68423,0.0091,0.3118,0.17174,0.02007,0.13298,0.68747,0.01506,0.19787,0.01218,0.02523,0.16529,0.48873,0.01914
701,0.32289,0.21882,0.00805,0.14609,0.73523,0.00568,0.29291,0.17685,0.01191,0.15417,0.68426,0.0091,0.31188,0.17172,0.0202,0.13288,0.68748,0.01507,0.19783,0.01224,0.02523,0.16543,0.48878,0.01922
702,0.32293,0.21881,0.00819,0.1458,0.73521,0.00552,0.29297,0.17684,0.01221,0.15398,0.68427,0.00915,0.31195,0.17169,0.02044,0.13266,0.68743,0.01503,0.19788,0.01222,0.02531,0.16574,0.48882,0.01935
703,0.32296,0.2187,0.00838,0.1456,0.73515,0.00536,0.29301,0.17674,0.01259,0.15382,0.68424,0.0093,0.31201,0.17157,0.02079,0.13247,0.68735,0.01508,0.19793,0.0121,0.02542,0.16593,0.48881,0.01947
704,0.32307,0.2185,0.0085,0.14562,0.73508,0.0053,0.2931,0.17659,0.01297,0.1538,0.68418,0.0095,0.31208,0.17139,0.02118,0.13243,0.68729,0.01524,0.19785,0.01201,0.02544,0.16589,0.48875,0.01954
705,0.32332,0.21836,0.00852,0.14579,0.73506,0.00533,0.29327,0.17652,0.01319,0.1539,0.68416,0.00964,0.31222,0.17128,0.02146,0.13254,0.68729,0.01538,0.19767,0.01213,0.02534,0.1658,0.48871,0.01961
706,0.32365,0.2184,0.00843,0.14593,0.73512,0.00535,0.2935,0.17663,0.01311,0.15403,0.68422,0.0096,0.31243,0.17135,0.0214,0.13267,0.68736,0.01532,0.19752,0.01245,0.02523,0.16585,0.48877,0.01971
707,0.3239,0.21854,0.00821,0.14599,0.73524,0.00525,0.2937,0.1768,0.01272,0.15414,0.68433,0.0094,0.31264,0.17151,0.02097,0.13276,0.68746,0.01506,0.19753,0.01277,0.02524,0.16603,0.4889,0.01978
708,0.32396,0.21861,0.00794,0.14601,0.73533,0.0051,0.29376,0.17685,0.01226,0.15419,0.68442,0.00911,0.31273,0.17157,0.02043,0.1328,0.68755,0.01474,0.19765,0.01283,0.02535,0.1661,0.489,0.01973
709,0.32384,0.21855,0.00775,0.14599,0.73534,0.00501,0.29368,0.17674,0.01194,0.15416,0.68441,0.00884,0.31269,0.17148,0.02005,0.13279,0.68757,0.01452,0.19778,0.01262,0.02541,0.16592,0.48899,0.01965
710,0.32371,0.21846,0.00763,0.14596,0.73525,0.00498,0.29359,0.17661,0.01172,0.15411,0.6843,0.0086,0.31262,0.17137,0.0198,0.13277,0.68751,0.01438,0.19789,0.01239,0.02537,0.16562,0.48889,0.01972
711,0.32373,0.21846,0.00752,0.14592,0.73512,0.00496,0.29362,0.17659,0.01144,0.15407,0.68416,0.0084,0.31265,0.17137,0.01952,0.13275,0.6874,0.01422,0.19801,0.01234,0.02533,0.16547,0.48877,0.01999
712,0.32384,0.21854,0.00743,0.14588,0.73498,0.00491,0.29372,0.17666,0.01118,0.15407,0.68401,0.00821,0.31276,0.17147,0.01927,0.13275,0.68727,0.01405,0.19817,0.01241,0.02544,0.16545,0.48865,0.02028
713,0.32388,0.21863,0.00745,0.14587,0.73484,0.00487,0.29378,0.17672,0.01111,0.15407,0.68387,0.00806,0.31281,0.17156,0.01925,0.13276,0.68714,0.01394,0.19837,0.01241,0.02569,0.16541,0.48852,0.02037
714,0.32384,0.21861,0.00756,0.14591,0.73476,0.00484,0.2938,0.17667,0.01128,0.15408,0.68378,0.00804,0.31281,0.17156,0.01948,0.13279,0.68707,0.01395,0.19858,0.01226,0.02586,0.16533,0.48843,0.02028
715,0.32389,0.21848,0.0076,0.14599,0.73477,0.0048,0.29389,0.17654,0.01157,0.15411,0.6838,0.00815,0.31289,0.17142,0.0198,0.13283,0.68709,0.01409,0.19874,0.01204,0.02578,0.1653,0.48843,0.02015
716,0.32407,0.21828,0.00741,0.14611,0.7349,0.00472,0.29407,0.17637,0.01174,0.15418,0.68394,0.00834,0.31307,0.17122,0.01993,0.13289,0.68722,0.01426,0.19879,0.01192,0.02555,0.16529,0.48855,0.02014
717,0.32429,0.2181,0.00711,0.14626,0.73507,0.00465,0.29424,0.17625,0.0117,0.15429,0.68412,0.0085,0.31326,0.17104,0.01981,0.13298,0.6874,0.01434,0.1987,0.01194,0.02536,0.16538,0.48872,0.02026
718,0.32442,0.218,0.00695,0.14641,0.73515,0.00466,0.29432,0.17619,0.01158,0.15447,0.68421,0.00857,0.31336,0.17094,0.01962,0.13312,0.68746,0.01429,0.19856,0.01201,0.02531,0.16571,0.48882,0.02033
719,0.32444,0.21802,0.0071,0.14649,0.73509,0.00472,0.2943,0.17621,0.01153,0.15462,0.68416,0.00862,0.31334,0.17095,0.01957,0.13323,0.68736,0.01422,0.19847,0.01208,0.02531,0.16617,0.48878,0.02022
720,0.3244,0.21812,0.00742,0.14648,0.73493,0.00482,0.29425,0.17629,0.01155,0.15467,0.68401,0.00865,0.31328,0.17105,0.01963,0.13327,0.68718,0.01423,0.19847,0.01213,0.0253,0.16644,0.48863,0.02003
721,0.32429,0.21825,0.00763,0.14639,0.73479,0.00495,0.29416,0.17639,0.01143,0.15459,0.68385,0.00858,0.31318,0.17117,0.01954,0.13322,0.68704,0.01426,0.19852,0.01215,0.02535,0.16626,0.48846,0.01993
722,0.32409,0.21836,0.00762,0.14628,0.7347,0.00517,0.29399,0.17644,0.01111,0.15443,0.68372,0.00844,0.31303,0.17126,0.0192,0.13312,0.68698,0.01431,0.19858,0.01211,0.02548,0.16572,0.48833,0.01997
723,0.32389,0.21836,0.00752,0.14623,0.73467,0.00544,0.29383,0.1764,0.01082,0.15431,0.68367,0.0084,0.3129,0.17125,0.01885,0.13307,0.68698,0.01446,0.19864,0.01198,0.0256,0.16522,0.48826,0.02012
724,0.32384,0.21825,0.00748,0.14629,0.73473,0.00561,0.2938,0.17628,0.01084,0.15437,0.68373,0.00857,0.31289,0.17112,0.01883,0.13314,0.68705,0.01468,0.19868,0.01182,0.02558,0.16524,0.48832,0.0203
725,0.32398,0.21809,0.00748,0.14636,0.73484,0.00561,0.29394,0.17615,0.01118,0.15453,0.68387,0.00883,0.31301,0.17096,0.01919,0.13326,0.68713,0.01484,0.19869,0.01171,0.02535,0.16587,0.48848,0.02046
726,0.32417,0.21801,0.00741,0.14621,0.73488,0.00558,0.29412,0.17612,0.01155,0.15456,0.68395,0.00902,0.31316,0.1709,0.01963,0.13325,0.68711,0.01492,0.1987,0.01173,0.02502,0.16672,0.48861,0.02052
727,0.3242,0.21807,0.00726,0.14582,0.73478,0.00569,0.29417,0.17619,0.01167,0.15436,0.68388,0.00909,0.31318,0.17098,0.01981,0.13304,0.68696,0.015,0.19875,0.01177,0.02478,0.16726,0.48857,0.0205
728,0.32395,0.2182,0.00712,0.14534,0.73456,0.00596,0.29399,0.17627,0.01146,0.15401,0.68367,0.0091,0.31301,0.17109,0.01961,0.13272,0.68671,0.01515,0.19884,0.01169,0.02469,0.16727,0.48838,0.02047
729,0.32352,0.21827,0.00712,0.14494,0.7343,0.00628,0.29363,0.17624,0.01113,0.15364,0.68339,0.00906,0.31268,0.17111,0.01924,0.13241,0.68645,0.01529,0.19888,0.01147,0.02468,0.1669,0.48811,0.02047
730,0.32314,0.21822,0.00726,0.14465,0.73405,0.00653,0.29329,0.17614,0.01094,0.15335,0.68312,0.00897,0.31236,0.17104,0.01902,0.13216,0.68621,0.01533,0.1988,0.01122,0.02464,0.16649,0.48784,0.02046
731,0.32292,0.21814,0.00745,0.14442,0.73383,0.00668,0.29308,0.17604,0.01101,0.15315,0.6829,0.00888,0.31214,0.17095,0.01911,0.13196,0.68599,0.01524,0.19864,0.01109,0.02458,0.16629,0.48761,0.02039
732,0.32284,0.21814,0.00757,0.14423,0.73365,0.00675,0.29301,0.17605,0.01129,0.15302,0.68273,0.00886,0.31204,0.17096,0.01946,0.13179,0.68578,0.0151,0.19852,0.0111,0.02453,0.16635,0.48745,0.02027
733,0.32288,0.21824,0.00755,0.14413,0.73353,0.00684,0.29307,0.17617,0.01164,0.15298,0.68261,0.00899,0.31208,0.17107,0.01987,0.1317,0.68563,0.0151,0.19856,0.01119,0.02441,0.16652,0.48734,0.02019
734,0.32309,0.21838,0.00749,0.14418,0.73346,0.00708,0.29329,0.17633,0.01185,0.15303,0.68255,0.0093,0.31227,0.17122,0.02014,0.13173,0.68554,0.01532,0.19875,0.01133,0.02416,0.16662,0.48726,0.0202
735,0.3234,0.21845,0.00747,0.14427,0.73345,0.00747,0.29358,0.17642,0.01187,0.1531,0.68254,0.00966,0.31253,0.1713,0.0202,0.13178,0.68553,0.01563,0.19889,0.01148,0.02388,0.16664,0.48723,0.02034
736,0.32366,0.2184,0.00752,0.14416,0.73348,0.00787,0.29377,0.17641,0.01183,0.15303,0.68256,0.00992,0.31271,0.17127,0.02019,0.13169,0.68554,0.01582,0.19889,0.01158,0.02369,0.16664,0.48726,0.02055
737,0.32375,0.21829,0.00756,0.14383,0.73345,0.00813,0.29383,0.17632,0.01187,0.1528,0.68254,0.00998,0.31275,0.17116,0.02025,0.13145,0.68549,0.01586,0.19879,0.01157,0.02357,0.16667,0.48726,0.02069
738,0.32378,0.21814,0.00763,0.14354,0.7333,0.0082,0.29384,0.17619,0.012,0.1526,0.6824,0.0099,0.31276,0.17101,0.02038,0.13126,0.68532,0.01581,0.19874,0.01146,0.02344,0.16675,0.48715,0.02064
739,0.32388,0.21796,0.00782,0.14349,0.73309,0.00813,0.29393,0.17602,0.01214,0.15262,0.68221,0.00975,0.31283,0.17083,0.02054,0.13126,0.6851,0.01564,0.19874,0.01132,0.02329,0.16696,0.48696,0.02043
740,0.3241,0.21776,0.00815,0.1436,0.73292,0.00794,0.29409,0.17584,0.01232,0.1528,0.68205,0.00947,0.31297,0.17061,0.02074,0.13141,0.68491,0.01526,0.19867,0.01124,0.02309,0.16737,0.48682,0.02024
741,0.32429,0.21758,0.00848,0.14364,0.73281,0.00763,0.29419,0.17571,0.01254,0.15299,0.68195,0.00895,0.31307,0.17041,0.02095,0.13158,0.68479,0.01463,0.19847,0.01125,0.02279,0.16792,0.48679,0.02024
742,0.3243,0.21751,0.0087,0.14354,0.73275,0.00729,0.29415,0.17566,0.01264,0.15308,0.68192,0.00829,0.31303,0.17031,0.021,0.13166,0.68473,0.01399,0.1982,0.01131,0.02236,0.16847,0.48684,0.02038
743,0.32421,0.2176,0.00884,0.14334,0.73276,0.00705,0.29404,0.17575,0.01255,0.15304,0.68196,0.00779,0.31293,0.17036,0.02084,0.13165,0.68475,0.01362,0.19802,0.01142,0.0219,0.16893,0.48696,0.02047
744,0.32427,0.21777,0.00897,0.1432,0.73287,0.00699,0.29407,0.17591,0.01241,0.15301,0.68209,0.0076,0.31297,0.1705,0.02068,0.13165,0.68484,0.01356,0.19799,0.0116,0.02151,0.16933,0.48713,0.02037
745,0.3246,0.21783,0.00908,0.14322,0.73304,0.00705,0.29433,0.17602,0.01231,0.15307,0.68227,0.00767,0.31322,0.17057,0.02057,0.13174,0.68499,0.0137,0.19802,0.01183,0.0213,0.16967,0.48731,0.02009
746,0.32503,0.21773,0.00907,0.14334,0.73326,0.00712,0.29465,0.17599,0.01214,0.15319,0.68248,0.00786,0.31353,0.17049,0.02037,0.13186,0.68518,0.01395,0.19791,0.01207,0.02135,0.16987,0.4875,0.01982
747,0.32536,0.21752,0.00893,0.14352,0.73351,0.00713,0.29483,0.17587,0.01191,0.15332,0.68273,0.00801,0.31372,0.17032,0.0201,0.13201,0.68543,0.01415,0.19758,0.01228,0.02157,0.16995,0.48773,0.0198
748,0.32551,0.2173,0.00866,0.14383,0.73378,0.00701,0.29486,0.17575,0.01181,0.15359,0.683,0.0079,0.31374,0.17016,0.02001,0.13229,0.68573,0.01406,0.19714,0.01246,0.02179,0.17004,0.488,0.02009
749,0.32552,0.21716,0.00825,0.14435,0.73405,0.00677,0.29482,0.17569,0.01188,0.15407,0.68326,0.00746,0.31365,0.17009,0.02018,0.13277,0.68605,0.0136,0.19677,0.0126,0.02188,0.1702,0.48829,0.02048
750,0.32544,0.2171,0.00784,0.14512,0.73428,0.00656,0.29476,0.17568,0.01204,0.15474,0.68347,0.00692,0.31353,0.1701,0.02047,0.13345,0.68635,0.01303,0.19665,0.01261,0.02183,0.17027,0.48851,0.02074
751,0.32534,0.2171,0.0076,0.14613,0.73449,0.00661,0.29473,0.17567,0.01219,0.15556,0.68363,0.00665,0.31348,0.17012,0.02069,0.13427,0.68663,0.01273,0.19682,0.01246,0.02176,0.17014,0.48863,0.02086
752,0.32525,0.21716,0.00756,0.14718,0.73471,0.00693,0.29472,0.17567,0.01229,0.15639,0.68382,0.00672,0.31351,0.17015,0.02074,0.1351,0.68691,0.01273,0.19713,0.01228,0.02183,0.17002,0.48874,0.02089
753,0.32521,0.21729,0.00758,0.1479,0.73495,0.00728,0.29473,0.17575,0.0122,0.15701,0.68404,0.00688,0.31357,0.17025,0.02056,0.1357,0.68717,0.01279,0.19737,0.01225,0.02221,0.17013,0.48891,0.02081
754,0.32524,0.21748,0.00753,0.14813,0.73513,0.00745,0.29473,0.17593,0.01185,0.1573,0.68423,0.00677,0.3136,0.17046,0.02015,0.13597,0.68735,0.0126,0.19736,0.01251,0.02295,0.17044,0.4891,0.02068
755,0.32529,0.21767,0.00742,0.14811,0.73522,0.00753,0.29468,0.17617,0.0114,0.1574,0.68436,0.00621,0.31355,0.17072,0.01971,0.13606,0.68748,0.01204,0.19703,0.01301,0.02393,0.17067,0.48928,0.02071
756,0.32528,0.21785,0.00726,0.14805,0.73521,0.00771,0.29454,0.17643,0.01111,0.15744,0.6844,0.00538,0.3134,0.17101,0.01946,0.13612,0.68758,0.01125,0.1965,0.01362,0.02509,0.17063,0.48942,0.02109
757,0.32516,0.21815,0.00709,0.14785,0.73506,0.00801,0.29432,0.17681,0.011,0.15731,0.68432,0.00476,0.31318,0.17144,0.01939,0.13601,0.68755,0.01067,0.19597,0.01434,0.02652,0.17039,0.48942,0.02164
758,0.32506,0.21862,0.00689,0.14722,0.73483,0.00819,0.29411,0.17736,0.01083,0.15675,0.68411,0.00477,0.31297,0.17204,0.01925,0.13546,0.68733,0.01073,0.19542,0.0153,0.02843,0.17011,0.48927,0.02205
759,0.32522,0.21902,0.00658,0.14605,0.73467,0.00816,0.29406,0.17794,0.0106,0.15572,0.68394,0.00527,0.31293,0.17265,0.01902,0.13443,0.68706,0.01128,0.19465,0.01666,0.03106,0.16987,0.48912,0.02218
760,0.32579,0.21923,0.00611,0.14452,0.73462,0.00799,0.29426,0.17846,0.01053,0.1544,0.6839,0.0058,0.31313,0.17316,0.01893,0.1331,0.68689,0.01185,0.19355,0.01851,0.0347,0.16971,0.48912,0.02217
761,0.32651,0.21938,0.00552,0.14284,0.73457,0.00777,0.29455,0.17905,0.01076,0.15303,0.68389,0.00612,0.31343,0.17375,0.01915,0.13171,0.68671,0.01217,0.19227,0.02088,0.03966,0.16972,0.48919,0.02212
762,0.32678,0.21973,0.00487,0.14131,0.73431,0.00765,0.2945,0.17982,0.01121,0.15185,0.68369,0.00622,0.3134,0.17464,0.01962,0.1305,0.68635,0.0122,0.19112,0.02364,0.04634,0.16993,0.48911,0.02212
763,0.32614,0.22032,0.00413,0.14024,0.73394,0.00772,0.29378,0.18071,0.01186,0.1511,0.68339,0.00611,0.31277,0.17586,0.02026,0.1297,0.68594,0.012,0.19041,0.02664,0.05533,0.17021,0.48892,0.02214
764,0.32466,0.22082,0.00321,0.13979,0.73387,0.00795,0.29251,0.18151,0.01303,0.15082,0.68338,0.00589,0.31167,0.17719,0.02135,0.1294,0.68587,0.01173,0.19041,0.03006,0.06736,0.17032,0.48896,0.0221
765,0.32278,0.22101,0.0021,0.13986,0.73429,0.0082,0.29107,0.18232,0.01523,0.15084,0.68381,0.00564,0.31046,0.17866,0.02332,0.12944,0.68635,0.01152,0.19117,0.03483,0.08291,0.17006,0.48937,0.02189
766,0.32085,0.22103,0.00108,0.14007,0.7348,0.00848,0.2898,0.1837,0.01891,0.15093,0.68434,0.00517,0.30946,0.18076,0.02664,0.12956,0.68696,0.01114,0.19275,0.04221,0.10183,0.16947,0.48985,0.0216
767,0.31893,0.2215,0.00118,0.13995,0.73482,0.00885,0.2889,0.18651,0.02461,0.15079,0.68445,0.00426,0.30882,0.1843,0.03188,0.12944,0.68716,0.01027,0.19542,0.05297,0.1233,0.16886,0.48999,0.02149
768,0.31691,0.22378,0.00418,0.1392,0.73421,0.00921,0.2883,0.19177,0.03302,0.15025,0.68407,0.003,0.30847,0.19033,0.03978,0.1289,0.6868,0.00898,0.19927,0.06697,0.14621,0.16854,0.48976,0.02177
769,0.31473,0.22977,0.01171,0.13785,0.73335,0.00942,0.28776,0.20053,0.04477,0.14932,0.68346,0.00198,0.30814,0.19985,0.05101,0.12792,0.68613,0.00784,0.20392,0.0836,0.16972,0.16854,0.48942,0.02249
770,0.3123,0.24062,0.02414,0.13615,0.73272,0.00948,0.28696,0.21335,0.06005,0.14809,0.68297,0.00186,0.3075,0.21342,0.06577,0.12664,0.6855,0.00755,0.2087,0.1023,0.19367,0.16865,0.48919,0.02348
771,0.30947,0.25594,0.04055,0.13449,0.73257,0.00953,0.28574,0.22997,0.07847,0.1468,0.68282,0.00257,0.3064,0.23076,0.0837,0.12529,0.68519,0.00814,0.21321,0.12276,0.21832,0.16869,0.48921,0.02442
772,0.30656,0.27445,0.05975,0.13328,0.7328,0.00962,0.2844,0.24948,0.09925,0.14582,0.68303,0.00321,0.30514,0.25093,0.10402,0.1243,0.68529,0.00878,0.2175,0.14488,0.24381,0.16876,0.48955,0.02508
773,0.30458,0.29535,0.08101,0.1326,0.73311,0.00979,0.2838,0.27111,0.1217,0.1453,0.68343,0.00302,0.30458,0.27314,0.12604,0.1238,0.68564,0.00868,0.22192,0.16864,0.26996,0.16896,0.49009,0.02543
774,0.30448,0.31879,0.10393,0.13204,0.7332,0.01004,0.2847,0.29494,0.14534,0.14492,0.68373,0.00215,0.3055,0.29743,0.14936,0.12345,0.68592,0.00794,0.22676,0.19418,0.29635,0.16926,0.4906,0.02558
775,0.30626,0.34533,0.12808,0.13128,0.73312,0.01029,0.28714,0.32148,0.16981,0.14439,0.68389,0.00135,0.30793,0.32435,0.17362,0.12294,0.68602,0.00722,0.23204,0.22157,0.32243,0.1696,0.49098,0.02562
776,0.30914,0.37538,0.15297,0.13063,0.73308,0.01046,0.29048,0.35099,0.19459,0.14394,0.68402,0.00089,0.31122,0.35427,0.19836,0.1225,0.68608,0.00682,0.23757,0.25054,0.34763,0.16997,0.49129,0.02572
777,0.31225,0.40897,0.17804,0.13054,0.73308,0.01046,0.29401,0.38352,0.21921,0.14395,0.68414,0.00039,0.31463,0.38733,0.22308,0.12251,0.6862,0.00635,0.24322,0.2808,0.37146,0.17038,0.4916,0.02622
778,0.31489,0.4458,0.20264,0.13103,0.73297,0.01026,0.29728,0.41919,0.24335,0.14448,0.68416,-0.00036,0.31774,0.42363,0.24741,0.12304,0.68627,0.00558,0.24905,0.31254,0.39372,0.1709,0.49186,0.02727
779,0.31684,0.48553,0.22638,0.13168,0.73275,0.00991,0.30012,0.45796,0.26683,0.14518,0.68403,-0.00101,0.32041,0.46302,0.27106,0.12374,0.68619,0.00487,0.25517,0.34646,0.41467,0.17162,0.49202,0.02859
780,0.31851,0.52826,0.24964,0.13218,0.73252,0.00955,0.30275,0.49956,0.28968,0.14575,0.6838,-0.00131,0.32291,0.50504,0.29397,0.1243,0.68598,0.00455,0.26139,0.38309,0.43472,0.17243,0.49206,0.02971
781,0.32044,0.57449,0.27335,0.13258,0.73236,0.00931,0.30543,0.54381,0.31218,0.14619,0.68363,-0.00141,0.32553,0.54948,0.31649,0.12474,0.68581,0.00447,0.26719,0.42201,0.45365,0.1731,0.49203,0.03034
782,0.32235,0.62435,0.29819,0.13306,0.73243,0.00916,0.30784,0.59064,0.33464,0.14668,0.68369,-0.00155,0.32791,0.59636,0.33908,0.12522,0.68588,0.00426,0.27209,0.46195,0.47056,0.17346,0.49209,0.03029
783,0.32317,0.67708,0.32416,0.13367,0.73279,0.00895,0.30921,0.63976,0.35714,0.14728,0.68408,-0.00186,0.32921,0.64547,0.36187,0.12579,0.68628,0.00385,0.27604,0.50175,0.48429,0.17356,0.49233,0.02947
784,0.32246,0.73159,0.351,0.13447,0.73336,0.00872,0.30931,0.69067,0.37977,0.1479,0.68465,-0.00232,0.32922,0.69631,0.38492,0.12642,0.6869,0.00339,0.27939,0.54129,0.49424,0.17347,0.49264,0.02797
785,0.32086,0.78724,0.37886,0.13551,0.73395,0.00853,0.30868,0.74318,0.40306,0.14857,0.68523,-0.00292,0.32853,0.7486,0.40866,0.12714,0.68758,0.00297,0.28237,0.58174,0.50084,0.17323,0.49293,0.0263
786,0.31903,0.84383,0.4084,0.13663,0.73444,0.00828,0.30777,0.79725,0.42786,0.14921,0.68572,-0.00366,0.32756,0.8023,0.434,0.12788,0.68821,0.0025,0.28475,0.62477,0.50553,0.17293,0.49325,0.02521
787,0.31715,0.90115,0.44045,0.13729,0.73486,0.00781,0.30664,0.85259,0.45484,0.14958,0.68613,-0.00443,0.3263,0.85717,0.46173,0.12831,0.68875,0.00188,0.28615,0.67141,0.51022,0.17269,0.49368,0.02503
788,0.31527,0.95848,0.47545,0.13733,0.73527,0.00714,0.30526,0.90852,0.48436,0.14961,0.68652,-0.005,0.32472,0.91246,0.49213,0.12834,0.68917,0.00128,0.28648,0.72167,0.51669,0.17267,0.49423,0.02557
789,0.31309,1.01484,0.51332,0.13709,0.73558,0.0065,0.30337,0.96415,0.51669,0.14962,0.68682,-0.00535,0.32268,0.96725,0.52518,0.12829,0.68944,0.00076,0.28564,0.77465,0.52615,0.17303,0.49477,0.02644
790,0.30982,1.06981,0.55416,0.13681,0.73559,0.00623,0.30029,1.01901,0.55225,0.14968,0.68698,-0.00592,0.31956,1.02115,0.56114,0.12828,0.68955,-2e-05,0.28324,0.82967,0.53913,0.17368,0.49526,0.02735
791,0.30464,1.12326,0.59882,0.13634,0.73526,0.00644,0.2953,1.07293,0.59135,0.14955,0.68707,-0.00694,0.31458,1.07407,0.6004,0.12811,0.68958,-0.0012,0.2789,0.88645,0.55576,0.17428,0.49577,0.02816
792,0.29684,1.17419,0.64791,0.13589,0.73493,0.00681,0.28787,1.12528,0.63367,0.14933,0.68726,-0.00808,0.30713,1.12547,0.64283,0.12787,0.68973,-0.0024,0.27294,0.94425,0.57608,0.17476,0.49637,0.02875
793,0.2857,1.22076,0.70038,0.13588,0.73502,0.00699,0.2776,1.17475,0.67818,0.14942,0.6877,-0.00891,0.29682,1.17421,0.68741,0.12796,0.69017,-0.00324,0.26607,1.00139,0.59993,0.17526,0.49711,0.02916
794,0.27118,1.26133,0.75371,0.13632,0.73553,0.00691,0.26445,1.21977,0.72366,0.14986,0.68832,-0.00931,0.28368,1.21882,0.73284,0.1284,0.6908,-0.00362,0.25838,1.05574,0.62685,0.17584,0.49794,0.02969
795,0.25466,1.29561,0.8058,0.13681,0.73612,0.00667,0.2493,1.25935,0.7693,0.15029,0.68882,-0.00932,0.26863,1.25831,0.77825,0.12885,0.69134,-0.00358,0.24943,1.10601,0.65617,0.17638,0.49867,0.03072
796,0.23832,1.32455,0.85582,0.13704,0.73651,0.00638,0.23385,1.29373,0.81452,0.15053,0.68904,-0.00911,0.25333,1.29271,0.82314,0.1291,0.69159,-0.00333,0.2392,1.15211,0.68713,0.17694,0.49928,0.03251
797,0.22388,1.34935,0.90342,0.13709,0.73663,0.00611,0.21962,1.32393,0.85858,0.15072,0.68907,-0.00896,0.23926,1.32289,0.86681,0.12929,0.69161,-0.00318,0.22803,1.19468,0.71881,0.17785,0.49992,0.03494
798,0.21174,1.37135,0.94802,0.13708,0.7366,0.00579,0.207,1.35127,0.90059,0.15103,0.68903,-0.009,0.22683,1.3501,0.90835,0.12957,0.69152,-0.00329,0.21607,1.2347,0.75012,0.1793,0.50073,0.03774
799,0.20101,1.3921,0.98903,0.13698,0.73655,0.00522,0.19548,1.37688,0.93991,0.15139,0.68901,-0.00919,0.21548,1.37544,0.94716,0.12989,0.69141,-0.00361,0.20351,1.27326,0.78018,0.18108,0.50176,0.04078
800,0.19074,1.41266,1.02623,0.13687,0.73655,0.00436,0.18465,1.40157,0.97608,0.15187,0.68903,-0.00949,0.20474,1.3997,0.98296,0.13031,0.69131,-0.00412,0.19126,1.31107,0.80851,0.18306,0.50304,0.04415
801,0.18103,1.43351,1.05942,0.13702,0.7365,0.00348,0.17475,1.42626,1.0086,0.15264,0.68906,-0.00994,0.19487,1.42388,1.01526,0.131,0.69122,-0.00483,0.18081,1.34834,0.8348,0.18526,0.50461,0.04799
802,0.17242,1.45577,1.08809,0.13739,0.73628,0.00288,0.16632,1.45232,1.03685,0.15359,0.68901,-0.01047,0.18642,1.4496,1.04345,0.13188,0.69109,-0.00564,0.17356,1.38559,0.8585,0.18734,0.50638,0.05236
803,0.16485,1.48146,1.11201,0.13762,0.73603,0.00251,0.15959,1.48077,1.06056,0.15432,0.68894,-0.01085,0.1796,1.47783,1.06732,0.13253,0.69097,-0.00634,0.17014,1.42414,0.87892,0.18863,0.50824,0.05706
804,0.15803,1.51103,1.13169,0.13744,0.73607,0.00206,0.15463,1.51083,1.08008,0.15455,0.68902,-0.01091,0.17446,1.50747,1.08718,0.13268,0.69105,-0.0068,0.17001,1.46522,0.8957,0.18856,0.51015,0.06183
805,0.15275,1.54096,1.14698,0.13703,0.73657,0.00139,0.15165,1.53992,1.09528,0.15435,0.68935,-0.01068,0.17125,1.53584,1.10264,0.13242,0.69147,-0.00701,0.17168,1.5078,0.90852,0.187,0.51206,0.06641
806,0.15006,1.56585,1.15613,0.13672,0.73734,0.00069,0.15039,1.56555,1.10441,0.15396,0.68985,-0.01037,0.16989,1.56098,1.11174,0.13199,0.69215,-0.00708,0.17347,1.54791,0.91608,0.1844,0.51382,0.07043
807,0.14968,1.58328,1.15738,0.13648,0.73804,0.00014,0.14985,1.58711,1.1058,0.15342,0.6903,-0.01031,0.16949,1.58285,1.11294,0.13143,0.69284,-0.00727,0.17394,1.581,0.91686,0.18149,0.51528,0.07349
808,0.15056,1.59524,1.15143,0.13599,0.7384,-0.00025,0.14885,1.60473,1.10062,0.15263,0.69055,-0.01069,0.16876,1.6015,1.10754,0.13064,0.6933,-0.0078,0.172,1.60511,0.91147,0.17889,0.51636,0.07538
809,0.15114,1.60488,1.14232,0.13516,0.73841,-0.00052,0.14694,1.61822,1.09253,0.1517,0.6906,-0.01128,0.1671,1.61599,1.09913,0.12972,0.69346,-0.00851,0.16724,1.62174,0.90309,0.17698,0.51699,0.07623
810,0.15018,1.61376,1.13443,0.13427,0.7383,-0.00077,0.14445,1.62792,1.08501,0.15099,0.69056,-0.01161,0.16479,1.62599,1.09112,0.12898,0.69338,-0.00899,0.16029,1.63384,0.8952,0.17599,0.51715,0.07639
811,0.14784,1.62221,1.12928,0.13368,0.73823,-0.00109,0.1418,1.63512,1.07956,0.15083,0.69056,-0.01147,0.16225,1.63273,1.08511,0.12878,0.69321,-0.00912,0.15278,1.64339,0.88949,0.17596,0.51697,0.07614
812,0.14452,1.63019,1.12623,0.13347,0.73815,-0.00143,0.13877,1.64111,1.076,0.15123,0.69058,-0.01124,0.15924,1.63795,1.0811,0.12911,0.693,-0.00923,0.14617,1.6512,0.88586,0.17666,0.51665,0.07562
813,0.13984,1.63766,1.12447,0.13343,0.73783,-0.00166,0.13469,1.64627,1.07373,0.15176,0.69046,-0.01143,0.15511,1.6425,1.07859,0.12959,0.69267,-0.0097,0.14047,1.65767,0.8836,0.17766,0.51631,0.07482
814,0.1336,1.6446,1.12342,0.13321,0.73726,-0.00173,0.12922,1.65036,1.07221,0.15196,0.69018,-0.01206,0.14963,1.64641,1.07699,0.12977,0.69222,-0.01042,0.13452,1.66284,0.88213,0.1787,0.51591,0.07371
815,0.12661,1.65116,1.12263,0.13267,0.73671,-0.00158,0.12292,1.65373,1.0711,0.15171,0.68993,-0.01272,0.14338,1.64998,1.0758,0.12951,0.69182,-0.01097,0.1274,1.66663,0.88103,0.17991,0.51546,0.07219
816,0.12034,1.65756,1.12196,0.13198,0.73644,-0.00117,0.11682,1.65757,1.07035,0.15128,0.68995,-0.01304,0.13736,1.65409,1.0749,0.12909,0.69165,-0.01106,0.11948,1.66916,0.88017,0.18169,0.51499,0.07007
817,0.11591,1.66341,1.12125,0.13131,0.7366,-0.00061,0.11171,1.66249,1.0697,0.15096,0.69039,-0.01302,0.13231,1.65909,1.07406,0.12878,0.69181,-0.01076,0.11198,1.67036,0.87931,0.18424,0.51456,0.06709
818,0.11285,1.6675,1.1195,0.13059,0.73714,-0.00011,0.10746,1.66731,1.06805,0.15071,0.6912,-0.01277,0.12807,1.66381,1.07228,0.12854,0.69226,-0.01024,0.10571,1.66982,0.87752,0.18736,0.5142,0.06318
819,0.10914,1.66921,1.1155,0.12972,0.7377,0.00032,0.103,1.67005,1.06415,0.15046,0.69208,-0.01247,0.12359,1.66652,1.06845,0.1283,0.6927,-0.00974,0.101,1.66729,0.87362,0.19072,0.51386,0.05865
820,0.10342,1.66911,1.1086,0.12878,0.73779,0.00085,0.09778,1.6696,1.05719,0.15027,0.69261,-0.01227,0.11833,1.66628,1.06184,0.12812,0.69274,-0.0094,0.09839,1.66286,0.86675,0.19427,0.51337,0.05389
821,0.09641,1.66789,1.09773,0.1279,0.73729,0.0015,0.09251,1.66609,1.04619,0.15023,0.69268,-0.01216,0.11298,1.6632,1.05141,0.12809,0.69228,-0.00921,0.09816,1.65639,0.85596,0.19816,0.51268,0.049
822,0.08971,1.66609,1.08105,0.12714,0.73661,0.0022,0.0881,1.66083,1.02962,0.15028,0.69259,-0.01201,0.10846,1.65841,1.03549,0.12817,0.69165,-0.00897,0.09947,1.6475,0.83987,0.20218,0.51196,0.04387
823,0.08441,1.66488,1.05693,0.12651,0.73619,0.00294,0.08481,1.65566,1.00604,0.1503,0.69269,-0.01181,0.10503,1.65362,1.01248,0.12823,0.69128,-0.00864,0.10093,1.63574,0.81721,0.20578,0.51152,0.03858
824,0.08126,1.66508,1.02473,0.12604,0.73613,0.00372,0.08289,1.6514,0.97488,0.1502,0.69307,-0.01167,0.10301,1.64966,0.98174,0.12819,0.69129,-0.0083,0.10179,1.62053,0.78779,0.20855,0.51147,0.0337
825,0.08083,1.66546,0.98509,0.12571,0.7362,0.00435,0.08297,1.64657,0.93699,0.15003,0.69346,-0.01168,0.10304,1.64519,0.94405,0.12808,0.69143,-0.00803,0.10229,1.60118,0.75292,0.21056,0.51167,0.02993
826,0.08313,1.66298,0.93982,0.12552,0.73621,0.00463,0.08535,1.63851,0.89431,0.14986,0.69361,-0.01173,0.10545,1.63757,0.90137,0.12798,0.69143,-0.00779,0.10326,1.5773,0.71474,0.21203,0.51186,0.02752
827,0.08805,1.65515,0.89104,0.12543,0.73628,0.0045,0.0901,1.62551,0.8487,0.14974,0.69358,-0.01167,0.11027,1.62503,0.85563,0.12791,0.6913,-0.00749,0.10583,1.54876,0.67498,0.21299,0.51188,0.02604
828,0.09555,1.64122,0.83984,0.12538,0.73655,0.00411,0.09713,1.60743,0.80071,0.14959,0.69358,-0.01146,0.11733,1.60729,0.80757,0.12781,0.69126,-0.00708,0.1108,1.51525,0.6345,0.2133,0.51172,0.02474
829,0.10516,1.62132,0.7865,0.12534,0.737,0.00369,0.10593,1.58441,0.75027,0.14938,0.69367,-0.01114,0.12609,1.58447,0.75723,0.12762,0.69136,-0.00661,0.11812,1.47645,0.59372,0.21305,0.51146,0.02331
830,0.11585,1.59547,0.73182,0.12541,0.73746,0.00337,0.11572,1.5561,0.69827,0.14924,0.69379,-0.0108,0.13578,1.55633,0.70551,0.12751,0.69151,-0.00614,0.12701,1.43278,0.55343,0.21264,0.51116,0.0219
831,0.12674,1.56382,0.67744,0.12591,0.73773,0.00329,0.12591,1.52226,0.64666,0.14948,0.69383,-0.01057,0.14586,1.52275,0.6542,0.12777,0.69161,-0.00577,0.13656,1.38533,0.51457,0.21243,0.51083,0.02085
832,0.13742,1.52703,0.62458,0.12685,0.73768,0.00366,0.13616,1.48333,0.59694,0.15009,0.69371,-0.01054,0.15601,1.48418,0.60469,0.12841,0.69159,-0.00557,0.14626,1.33496,0.47779,0.21237,0.51039,0.02039
833,0.14792,1.48584,0.57337,0.12785,0.73729,0.00453,0.14639,1.44002,0.54943,0.15068,0.69338,-0.01051,0.16617,1.4413,0.55732,0.12904,0.69141,-0.00533,0.15594,1.2819,0.4435,0.21216,0.5098,0.02048
834,0.15866,1.44072,0.52351,0.12855,0.7367,0.00567,0.15687,1.3929,0.50387,0.15099,0.69289,-0.01021,0.17656,1.39462,0.51189,0.12939,0.69104,-0.00481,0.16566,1.22613,0.41209,0.2119,0.50914,0.02093
835,0.17015,1.39175,0.47504,0.12881,0.73613,0.00664,0.16801,1.34232,0.45997,0.15112,0.69236,-0.00952,0.18757,1.34449,0.46817,0.12956,0.69053,-0.00398,0.17584,1.1678,0.38384,0.21218,0.50864,0.0215
836,0.18228,1.33908,0.42866,0.12858,0.73575,0.00717,0.17977,1.28855,0.41795,0.15116,0.69193,-0.00851,0.19918,1.29127,0.42634,0.1296,0.68997,-0.00297,0.18692,1.10748,0.35899,0.21321,0.50847,0.02199
837,0.19465,1.28319,0.38504,0.12801,0.73542,0.0074,0.19189,1.23195,0.37852,0.15106,0.69159,-0.00752,0.21115,1.23537,0.38701,0.1295,0.68941,-0.00206,0.1988,1.04596,0.33763,0.21458,0.50852,0.02232
838,0.20753,1.22454,0.34443,0.12756,0.73492,0.00764,0.20452,1.17295,0.34229,0.15098,0.69119,-0.007,0.22365,1.17709,0.35076,0.12943,0.68885,-0.0016,0.21094,0.98382,0.31987,0.21577,0.50853,0.02265
839,0.22142,1.16346,0.3071,0.12754,0.73431,0.00787,0.21794,1.11191,0.30951,0.15114,0.69071,-0.00685,0.23695,1.11672,0.3179,0.12958,0.68829,-0.0015,0.22296,0.92146,0.30579,0.21653,0.50833,0.0232
840,0.23592,1.10038,0.27357,0.12781,0.73403,0.00778,0.23182,1.04925,0.28025,0.15151,0.69029,-0.0064,0.25071,1.05468,0.28852,0.12993,0.68788,-0.00116,0.23485,0.85931,0.29529,0.21674,0.50791,0.02399
841,0.25001,1.03595,0.24423,0.12812,0.73431,0.00729,0.24537,0.98548,0.25456,0.15182,0.69009,-0.00529,0.26413,0.99159,0.26267,0.13019,0.68772,-0.00024,0.24663,0.7979,0.28806,0.21627,0.50739,0.02481
842,0.26312,0.97088,0.2189,0.12821,0.73474,0.00682,0.2581,0.92121,0.23245,0.15175,0.68996,-0.00393,0.27671,0.92803,0.24032,0.13008,0.68766,0.00098,0.2579,0.73774,0.28395,0.21516,0.50678,0.02553
843,0.27533,0.90565,0.19686,0.12787,0.73466,0.00679,0.26991,0.85702,0.21363,0.15117,0.68949,-0.00283,0.28837,0.86455,0.2212,0.12948,0.68728,0.00208,0.26793,0.67943,0.28269,0.21379,0.50599,0.02626
844,0.28683,0.84069,0.17743,0.12688,0.73373,0.00729,0.28083,0.79347,0.19767,0.15011,0.68849,-0.00215,0.29916,0.80163,0.2049,0.12846,0.6863,0.00288,0.27624,0.62342,0.28354,0.21284,0.50504,0.02702
845,0.29786,0.77654,0.16072,0.12519,0.73202,0.00819,0.29098,0.73117,0.18459,0.14866,0.68706,-0.00196,0.30924,0.7398,0.19145,0.12704,0.68475,0.00319,0.28282,0.56969,0.28543,0.21264,0.50412,0.02768
846,0.30872,0.71418,0.14749,0.12318,0.72998,0.0091,0.30067,0.67089,0.17463,0.14708,0.68553,-0.00222,0.31893,0.67977,0.18118,0.12549,0.68304,0.00296,0.28801,0.51788,0.28751,0.21284,0.50335,0.02823
847,0.31966,0.65474,0.138,0.12172,0.72842,0.00941,0.31021,0.61341,0.16763,0.14597,0.68431,-0.00247,0.32852,0.62232,0.17399,0.12438,0.68169,0.00263,0.2923,0.46789,0.28935,0.21284,0.50268,0.02882
848,0.33039,0.59871,0.13124,0.12145,0.72813,0.00878,0.31941,0.55913,0.16267,0.14577,0.68377,-0.00196,0.33778,0.56793,0.16898,0.12414,0.68115,0.00297,0.29579,0.42003,0.29076,0.21231,0.50205,0.02954
849,0.33981,0.54568,0.12551,0.12225,0.72914,0.00757,0.32726,0.50793,0.15856,0.14625,0.68402,-0.00039,0.34571,0.51656,0.16488,0.12456,0.6815,0.00435,0.29796,0.37464,0.29156,0.21134,0.50162,0.03022
850,0.34652,0.495,0.11944,0.12328,0.73054,0.00659,0.33254,0.4594,0.15426,0.14674,0.68472,0.00155,0.35109,0.46782,0.16055,0.125,0.68233,0.00612,0.29821,0.33165,0.29142,0.2102,0.50152,0.03073
851,0.34986,0.44688,0.11274,0.12373,0.73139,0.0064,0.3348,0.41334,0.14912,0.14681,0.68525,0.00278,0.35351,0.42153,0.15527,0.12505,0.68294,0.00727,0.29677,0.29068,0.28991,0.20927,0.50157,0.03111
852,0.35024,0.40241,0.10571,0.12376,0.7314,0.00682,0.33465,0.36993,0.14283,0.14672,0.6852,0.00314,0.35352,0.37791,0.14873,0.12496,0.68295,0.00768,0.29465,0.25149,0.28664,0.20877,0.50138,0.03145
853,0.34853,0.36251,0.09833,0.12401,0.73096,0.00742,0.33286,0.32977,0.13518,0.14687,0.68475,0.0033,0.3519,0.33755,0.14079,0.12514,0.68256,0.00801,0.2924,0.21414,0.28114,0.20871,0.50086,0.03158
854,0.34533,0.32738,0.0901,0.12464,0.73058,0.00792,0.32967,0.29367,0.12607,0.14735,0.68431,0.00361,0.34887,0.30122,0.13147,0.12567,0.68217,0.00853,0.28925,0.17899,0.2728,0.20906,0.50027,0.03119
855,0.34113,0.2968,0.08071,0.12534,0.73036,0.00827,0.32516,0.26229,0.11578,0.14801,0.68406,0.00401,0.34451,0.26947,0.12117,0.12634,0.68188,0.00899,0.28373,0.14637,0.26124,0.20983,0.49984,0.03013
856,0.33673,0.27037,0.0706,0.12576,0.73009,0.00856,0.31985,0.23555,0.10492,0.14852,0.68383,0.00442,0.33934,0.24211,0.11055,0.12685,0.68154,0.00931,0.27528,0.1165,0.24688,0.21081,0.49951,0.02864
857,0.33262,0.24742,0.06039,0.12583,0.72962,0.00894,0.31436,0.21246,0.09384,0.1487,0.68341,0.00479,0.334,0.21817,0.09987,0.127,0.681,0.00956,0.26484,0.08949,0.23073,0.21139,0.499,0.0272
858,0.32846,0.22732,0.05002,0.12571,0.72897,0.00949,0.30871,0.19199,0.08222,0.14856,0.68278,0.00509,0.3285,0.19672,0.08859,0.12685,0.68034,0.00979,0.25373,0.06538,0.2136,0.21109,0.49815,0.02615
859,0.32354,0.21002,0.03898,0.12557,0.72834,0.01005,0.30246,0.174,0.06954,0.14826,0.68211,0.00528,0.32241,0.17773,0.07608,0.12654,0.67973,0.00993,0.24275,0.04425,0.19568,0.21004,0.49713,0.02549
860,0.31772,0.19618,0.02733,0.12533,0.72784,0.01037,0.29555,0.15918,0.05587,0.14783,0.68155,0.00528,0.31564,0.16199,0.06244,0.12609,0.67926,0.00989,0.23218,0.02641,0.17699,0.20867,0.49621,0.02502
861,0.31185,0.18649,0.01623,0.12499,0.72752,0.01046,0.28864,0.14824,0.04218,0.14732,0.68119,0.00495,0.30883,0.15021,0.04877,0.12557,0.67901,0.00955,0.22205,0.01225,0.15788,0.20731,0.49557,0.02463
862,0.3074,0.18075,0.00748,0.12481,0.72738,0.01053,0.28291,0.1412,0.03009,0.14696,0.68105,0.00432,0.30312,0.1423,0.03681,0.12521,0.67899,0.00898,0.21218,0.0018,0.13907,0.20604,0.49517,0.0243
863,0.30542,0.17755,0.00242,0.125,0.72733,0.01073,0.27922,0.13707,0.02112,0.14696,0.68103,0.00372,0.29934,0.13714,0.02818,0.12522,0.67909,0.00846,0.20231,-0.00556,0.1214,0.20514,0.4949,0.02405
864,0.30563,0.17497,0.00097,0.12542,0.72722,0.01104,0.27736,0.13428,0.01581,0.14727,0.68095,0.00349,0.29728,0.13313,0.02334,0.12554,0.67908,0.00832,0.19237,-0.01082,0.10545,0.20505,0.4947,0.02382
865,0.30684,0.17185,0.00172,0.12576,0.72708,0.01126,0.27644,0.13168,0.01343,0.14763,0.68081,0.00383,0.29606,0.12917,0.0214,0.12593,0.67888,0.00879,0.18275,-0.01487,0.09128,0.20589,0.49463,0.02341
866,0.30815,0.16838,0.00305,0.12587,0.72711,0.01124,0.2759,0.12909,0.0126,0.14782,0.68074,0.00465,0.29517,0.12528,0.02091,0.12617,0.67867,0.00977,0.1743,-0.01809,0.07839,0.20717,0.49473,0.02256
867,0.30932,0.16554,0.00405,0.12597,0.72729,0.01111,0.27569,0.12707,0.01204,0.14792,0.68079,0.00557,0.2946,0.12218,0.0206,0.12633,0.67859,0.01085,0.16794,-0.02041,0.06639,0.20815,0.49487,0.02131
868,0.3104,0.16412,0.00441,0.12633,0.72752,0.01111,0.27591,0.12614,0.011,0.14817,0.68089,0.00628,0.29451,0.12048,0.01978,0.12661,0.67863,0.01168,0.16421,-0.02172,0.05544,0.20857,0.49487,0.02001
869,0.31131,0.16399,0.00424,0.1269,0.72769,0.01118,0.27646,0.12612,0.0094,0.14855,0.68093,0.00676,0.29481,0.12003,0.01838,0.127,0.67868,0.0122,0.16286,-0.02241,0.0461,0.20857,0.49468,0.01901
870,0.31192,0.16428,0.00404,0.12735,0.72781,0.01122,0.27699,0.12631,0.00768,0.14885,0.68095,0.00709,0.29519,0.11998,0.01681,0.12728,0.67873,0.01246,0.16283,-0.0231,0.03862,0.20837,0.49448,0.01845
871,0.31215,0.16412,0.00429,0.12747,0.72797,0.01126,0.27724,0.12601,0.00639,0.14889,0.68104,0.00744,0.29535,0.11951,0.01558,0.12729,0.67882,0.01269,0.16296,-0.02417,0.03283,0.20813,0.49445,0.01821
872,0.31202,0.16329,0.00498,0.12731,0.72813,0.01142,0.27715,0.1251,0.00575,0.14873,0.68117,0.00801,0.29519,0.11845,0.01498,0.1271,0.67891,0.01314,0.16281,-0.02563,0.02857,0.20804,0.49457,0.0182
873,0.31164,0.16225,0.00567,0.12703,0.72814,0.01177,0.27684,0.12398,0.00568,0.14847,0.68117,0.00879,0.29483,0.11725,0.01495,0.12684,0.67884,0.01385,0.16266,-0.02725,0.02581,0.20812,0.49464,0.01831
874,0.31124,0.1615,0.00599,0.12672,0.72797,0.01217,0.27657,0.12312,0.00595,0.14818,0.68098,0.00965,0.29455,0.11638,0.01524,0.12654,0.67859,0.01469,0.16286,-0.02869,0.02438,0.20818,0.49453,0.01841
875,0.31107,0.16114,0.00598,0.12641,0.72776,0.01241,0.27653,0.12264,0.00632,0.14784,0.68073,0.01035,0.29454,0.11592,0.01555,0.12622,0.6783,0.01542,0.16344,-0.02972,0.0239,0.20813,0.49434,0.01838
876,0.31122,0.16095,0.0059,0.12613,0.72763,0.0124,0.27678,0.12236,0.00663,0.14755,0.68058,0.01073,0.29485,0.11565,0.01576,0.12594,0.67811,0.01584,0.16422,-0.03042,0.02394,0.20806,0.49424,0.01826
877,0.31154,0.16074,0.00589,0.12602,0.72762,0.01228,0.2772,0.12207,0.00689,0.14743,0.68056,0.01089,0.29534,0.11536,0.01589,0.12583,0.67806,0.01602,0.16511,-0.03106,0.02414,0.20815,0.49427,0.01812
878,0.31179,0.16053,0.00596,0.12617,0.72768,0.01221,0.27756,0.12177,0.00716,0.14756,0.6806,0.01102,0.29577,0.11505,0.01599,0.12596,0.67809,0.01618,0.16597,-0.03176,0.02424,0.20832,0.49432,0.01803
879,0.31173,0.16041,0.00606,0.12659,0.72774,0.01223,0.27761,0.12156,0.00742,0.14788,0.68061,0.01121,0.2959,0.11483,0.01608,0.1263,0.67813,0.01642,0.16654,-0.03237,0.02421,0.20841,0.49425,0.018
880,0.31135,0.16042,0.00617,0.12714,0.72771,0.0123,0.27731,0.12151,0.00765,0.14828,0.68051,0.01145,0.29567,0.11475,0.01614,0.12671,0.67808,0.01675,0.16664,-0.03275,0.02413,0.20838,0.494,0.01807
881,0.31083,0.16054,0.00626,0.12762,0.72751,0.01233,0.27686,0.12157,0.0078,0.14862,0.68025,0.0117,0.29525,0.11482,0.01622,0.12706,0.67787,0.01707,0.16647,-0.0329,0.02406,0.2083,0.49361,0.01831
882,0.31045,0.16068,0.00631,0.12795,0.72722,0.01222,0.27653,0.12166,0.00791,0.14883,0.6799,0.01187,0.29493,0.11493,0.01634,0.12727,0.67758,0.01723,0.16636,-0.03298,0.02403,0.20819,0.49317,0.01877
883,0.31033,0.16072,0.00631,0.12825,0.72701,0.012,0.27645,0.12168,0.00805,0.14901,0.67963,0.01194,0.29483,0.11498,0.01654,0.12743,0.67737,0.01729,0.16637,-0.03304,0.02406,0.20795,0.49279,0.01939
884,0.31044,0.16064,0.00635,0.12874,0.72698,0.01177,0.27654,0.12162,0.00827,0.14927,0.67951,0.0121,0.2949,0.11491,0.01679,0.12768,0.67734,0.01741,0.16637,-0.03306,0.0241,0.20744,0.49244,0.02001
885,0.31063,0.16048,0.00652,0.12949,0.72708,0.01166,0.27669,0.12151,0.00856,0.14966,0.67946,0.01247,0.29504,0.11476,0.01707,0.12804,0.67743,0.01773,0.16633,-0.03307,0.0241,0.20665,0.49203,0.02045
886,0.3108,0.1603,0.00681,0.13033,0.72714,0.0118,0.27684,0.12135,0.00884,0.1501,0.67936,0.01305,0.29519,0.11457,0.01733,0.12845,0.67746,0.0182,0.16637,-0.03317,0.02409,0.20576,0.49152,0.02074
887,0.31089,0.16018,0.00707,0.13103,0.72705,0.01232,0.27694,0.12121,0.00902,0.15046,0.67913,0.01372,0.2953,0.11442,0.0175,0.12877,0.67735,0.01879,0.16655,-0.03338,0.02414,0.20492,0.49092,0.02102
888,0.31084,0.1602,0.00714,0.13145,0.72679,0.01326,0.27696,0.12117,0.00907,0.15064,0.67877,0.01445,0.29533,0.11442,0.01753,0.12895,0.67709,0.01952,0.16682,-0.03359,0.02426,0.20412,0.49027,0.02137
889,0.31067,0.16035,0.00702,0.13175,0.72643,0.01445,0.27687,0.12126,0.00909,0.15077,0.67834,0.01527,0.29527,0.11454,0.01753,0.12909,0.67674,0.0204,0.16706,-0.03373,0.02433,0.20344,0.48959,0.02173
890,0.31051,0.16043,0.00683,0.13225,0.72607,0.01558,0.27677,0.1213,0.00918,0.15108,0.6779,0.01618,0.2952,0.11458,0.01754,0.12941,0.67639,0.02138,0.16717,-0.03385,0.02434,0.20298,0.48892,0.02196
891,0.31045,0.16026,0.0067,0.13304,0.72579,0.01648,0.27671,0.12114,0.00923,0.15165,0.67753,0.01709,0.29518,0.11438,0.01747,0.12998,0.67608,0.02234,0.16712,-0.03402,0.02435,0.20284,0.48833,0.02207
892,0.31047,0.15985,0.00666,0.1339,0.72555,0.01718,0.27668,0.12077,0.00913,0.15233,0.67722,0.0179,0.2952,0.11395,0.01723,0.13066,0.67581,0.02315,0.16699,-0.0343,0.0244,0.20298,0.48786,0.02213
893,0.31051,0.15942,0.00666,0.13459,0.72534,0.01777,0.27668,0.12037,0.0089,0.15291,0.67697,0.01865,0.29522,0.11352,0.01692,0.13122,0.67557,0.02382,0.16687,-0.0346,0.02445,0.2033,0.48753,0.02214
894,0.31051,0.15916,0.00664,0.13512,0.72521,0.01831,0.27666,0.12011,0.00874,0.15333,0.67681,0.01939,0.29521,0.11325,0.01672,0.13163,0.67539,0.02449,0.16683,-0.03483,0.02445,0.20359,0.48732,0.02204
895,0.31039,0.15909,0.00656,0.13564,0.72516,0.01881,0.27657,0.12002,0.00878,0.15372,0.67671,0.02007,0.29514,0.11316,0.01672,0.13201,0.6753,0.02519,0.16688,-0.03502,0.02442,0.20372,0.48714,0.02178
896,0.31015,0.15912,0.00649,0.1363,0.72506,0.0193,0.27641,0.12,0.00899,0.15423,0.67656,0.02052,0.295,0.11315,0.01687,0.13256,0.67519,0.02577,0.16695,-0.03522,0.02443,0.20375,0.48686,0.02143
897,0.30993,0.1591,0.00646,0.13708,0.7249,0.01991,0.27625,0.11994,0.00921,0.15491,0.67635,0.0208,0.29486,0.1131,0.01706,0.13327,0.67503,0.02619,0.16697,-0.03541,0.02453,0.20392,0.48652,0.0211
898,0.30992,0.15893,0.00645,0.13785,0.72483,0.02077,0.27624,0.11978,0.00929,0.15566,0.67627,0.02123,0.29484,0.11295,0.01717,0.13403,0.67495,0.02664,0.16695,-0.03556,0.02469,0.20449,0.48639,0.02082
899,0.31014,0.15864,0.00639,0.13858,0.72501,0.02194,0.27641,0.11953,0.00925,0.15645,0.67647,0.02206,0.29499,0.11269,0.01715,0.13478,0.6751,0.02734,0.16691,-0.03565,0.02479,0.20542,0.48662,0.02058
900,0.31043,0.15835,0.0063,0.13942,0.7254,0.02343,0.27664,0.11929,0.00919,0.1573,0.67686,0.02321,0.29522,0.11242,0.01708,0.1356,0.67544,0.02834,0.1669,-0.03572,0.02471,0.20632,0.48705,0.02042
901,0.31056,0.15821,0.00616,0.14053,0.72581,0.02514,0.27676,0.11918,0.0092,0.1583,0.67724,0.02448,0.29535,0.11227,0.01704,0.1366,0.67584,0.02959,0.16692,-0.03579,0.02448,0.20685,0.48733,0.02035
902,0.31047,0.15824,0.00596,0.14194,0.72615,0.02693,0.27669,0.1192,0.00919,0.15947,0.6775,0.02571,0.2953,0.11227,0.01697,0.1378,0.67619,0.03095,0.16692,-0.03583,0.02436,0.20696,0.48735,0.02036
903,0.31023,0.15831,0.00572,0.1436,0.72647,0.02865,0.27649,0.11925,0.00906,0.16081,0.67773,0.02681,0.29512,0.11234,0.01679,0.13917,0.67656,0.03223,0.16685,-0.03584,0.02455,0.20685,0.48726,0.02037
904,0.31003,0.15834,0.00553,0.14549,0.72685,0.03024,0.2763,0.11927,0.00887,0.16236,0.67802,0.02779,0.29494,0.11238,0.01659,0.14075,0.67699,0.03334,0.16676,-0.03583,0.0249,0.20692,0.48724,0.02028
905,0.30996,0.15827,0.00544,0.14765,0.72728,0.03168,0.27623,0.1192,0.00876,0.1642,0.67837,0.02872,0.29487,0.11234,0.01651,0.14259,0.67746,0.03432,0.16672,-0.03588,0.02518,0.20741,0.48732,0.02006
906,0.31002,0.15814,0.00544,0.15009,0.72762,0.03298,0.27628,0.11907,0.00878,0.16629,0.67861,0.02967,0.29492,0.11222,0.01657,0.14468,0.67783,0.03531,0.16675,-0.03598,0.02535,0.2081,0.48731,0.01986
907,0.3101,0.15808,0.00547,0.15277,0.72784,0.03418,0.27637,0.11901,0.00887,0.16851,0.67869,0.03064,0.29499,0.11218,0.0167,0.14692,0.67808,0.03636,0.16684,-0.03604,0.02547,0.20857,0.48707,0.01981
908,0.31011,0.15822,0.00545,0.15558,0.72803,0.03523,0.27641,0.11915,0.00898,0.17076,0.67872,0.03154,0.29502,0.11233,0.01685,0.1492,0.67832,0.03736,0.16692,-0.03593,0.02553,0.20872,0.48672,0.01991
909,0.31016,0.15847,0.00536,0.15833,0.72829,0.03593,0.27645,0.11941,0.00904,0.17294,0.67882,0.03214,0.29506,0.1126,0.01693,0.15139,0.67864,0.03801,0.16693,-0.03566,0.02547,0.20871,0.48642,0.02004
910,0.31035,0.15858,0.00528,0.16087,0.72861,0.03615,0.27659,0.11957,0.00903,0.17496,0.67899,0.03228,0.29519,0.11272,0.01691,0.15341,0.67905,0.03817,0.16682,-0.03534,0.02534,0.20865,0.48622,0.02016
911,0.3107,0.15837,0.00533,0.16311,0.72897,0.03586,0.27681,0.11947,0.00904,0.17671,0.67922,0.03203,0.2954,0.11253,0.01686,0.15517,0.6795,0.03794,0.16655,-0.0351,0.0253,0.20849,0.4861,0.02028
912,0.31111,0.15794,0.0055,0.16494,0.72938,0.03525,0.27706,0.11918,0.00918,0.17811,0.67949,0.03162,0.29565,0.11213,0.0169,0.15658,0.67997,0.03755,0.16617,-0.03494,0.02539,0.20824,0.48608,0.02038
913,0.31151,0.15749,0.00567,0.16621,0.72982,0.03455,0.2773,0.11888,0.00941,0.17904,0.67983,0.03118,0.29588,0.11172,0.01704,0.15753,0.68046,0.03717,0.16575,-0.03478,0.02551,0.20793,0.4862,0.02042
914,0.31186,0.15714,0.0057,0.16685,0.73029,0.034,0.27751,0.11866,0.00959,0.17948,0.68024,0.03075,0.29608,0.11141,0.01716,0.15799,0.68097,0.03681,0.16538,-0.03458,0.02557,0.20759,0.48648,0.02036
915,0.31214,0.15694,0.00558,0.16701,0.73076,0.03373,0.2777,0.11856,0.00961,0.17956,0.68069,0.03039,0.29627,0.11124,0.01712,0.15808,0.68147,0.0365,0.16516,-0.03438,0.02558,0.2073,0.48686,0.02024
916,0.31232,0.15691,0.00539,0.16706,0.73119,0.03373,0.27783,0.11858,0.00948,0.17957,0.68113,0.03019,0.2964,0.11123,0.01695,0.1581,0.68193,0.03629,0.16509,-0.03421,0.02559,0.2071,0.48727,0.0201
917,0.31232,0.15702,0.00522,0.16741,0.73162,0.03385,0.27783,0.11868,0.00925,0.17983,0.68155,0.03011,0.29641,0.11134,0.01672,0.15834,0.6824,0.03614,0.16512,-0.03409,0.02565,0.2069,0.48763,0.02
918,0.31211,0.15716,0.0051,0.16838,0.7321,0.0339,0.27765,0.11879,0.00904,0.18059,0.68199,0.02999,0.29623,0.1115,0.01656,0.15908,0.68296,0.03593,0.16514,-0.0341,0.0257,0.20669,0.48793,0.01999
919,0.31182,0.15723,0.00509,0.1701,0.73268,0.0338,0.27741,0.11881,0.00898,0.18195,0.68249,0.02978,0.29597,0.11156,0.01657,0.16042,0.68363,0.03563,0.16509,-0.03423,0.02565,0.20657,0.48822,0.02008
920,0.31165,0.15719,0.00524,0.17234,0.73328,0.0336,0.27725,0.11875,0.00909,0.18375,0.68299,0.02956,0.2958,0.11151,0.01673,0.16221,0.68434,0.03534,0.16497,-0.03434,0.02547,0.20659,0.48849,0.02021
921,0.3117,0.15718,0.00543,0.17473,0.73384,0.0333,0.27728,0.11876,0.00919,0.18567,0.68345,0.02936,0.29581,0.1115,0.01685,0.16415,0.68501,0.03513,0.16488,-0.03429,0.02519,0.20668,0.48872,0.02032
922,0.31188,0.15727,0.00548,0.1771,0.73439,0.03279,0.27741,0.11887,0.00911,0.18754,0.68387,0.02906,0.29594,0.11159,0.01676,0.16605,0.68565,0.0349,0.16486,-0.03408,0.02496,0.20672,0.48894,0.02045
923,0.31207,0.15731,0.00533,0.17953,0.735,0.03193,0.27754,0.11895,0.00885,0.18943,0.68434,0.02853,0.29608,0.11164,0.01645,0.16798,0.68636,0.03447,0.16482,-0.03385,0.0249,0.20661,0.48919,0.02061
924,0.31228,0.15714,0.00514,0.18218,0.7357,0.03065,0.27767,0.11886,0.00859,0.19144,0.6849,0.02772,0.29622,0.11151,0.01612,0.17004,0.68719,0.03373,0.16467,-0.0337,0.02502,0.20629,0.48952,0.02076
925,0.31257,0.15682,0.00509,0.18505,0.7365,0.02886,0.27784,0.11865,0.00852,0.19357,0.68553,0.02662,0.29638,0.11124,0.01601,0.17221,0.68815,0.03261,0.16441,-0.03357,0.02521,0.20576,0.48993,0.02085
926,0.31293,0.15652,0.00523,0.18797,0.73728,0.02632,0.27806,0.11847,0.00869,0.19566,0.68615,0.02512,0.29658,0.11098,0.01617,0.17434,0.68913,0.03108,0.16409,-0.03334,0.02535,0.20503,0.49035,0.0209
927,0.31326,0.1564,0.00548,0.19058,0.73792,0.02283,0.27828,0.11847,0.00906,0.19746,0.68665,0.0231,0.29678,0.11091,0.01652,0.17619,0.68998,0.02907,0.16379,-0.03298,0.02541,0.20419,0.49072,0.0209
928,0.3135,0.15649,0.0057,0.1925,0.73835,0.01858,0.27846,0.11863,0.00948,0.1987,0.68704,0.02062,0.29693,0.11101,0.01693,0.1775,0.69067,0.02664,0.16361,-0.03259,0.02547,0.2034,0.49103,0.02089
929,0.3136,0.15664,0.0058,0.19347,0.73871,0.01429,0.27854,0.11881,0.00974,0.19925,0.68745,0.01808,0.29701,0.11117,0.01718,0.17809,0.69127,0.02414,0.16357,-0.03233,0.02563,0.20284,0.49144,0.0209
930,0.31357,0.15677,0.00572,0.19366,0.73916,0.01084,0.27852,0.11894,0.00966,0.19928,0.688,0.01594,0.297,0.11131,0.01707,0.17814,0.69192,0.02201,0.16361,-0.0322,0.02595,0.20261,0.49203,0.02101
931,0.31342,0.15691,0.00545,0.19356,0.73975,0.00866,0.27838,0.11906,0.00925,0.1992,0.68865,0.01435,0.29689,0.11147,0.01662,0.17806,0.69262,0.02037,0.16363,-0.03211,0.02638,0.20265,0.49274,0.02124
932,0.3132,0.15709,0.00514,0.19364,0.74037,0.00761,0.27816,0.11922,0.00874,0.19934,0.68926,0.0132,0.2967,0.11167,0.01607,0.17819,0.69327,0.01916,0.16358,-0.03197,0.02683,0.2028,0.49341,0.02153
933,0.31298,0.15731,0.00485,0.19396,0.74092,0.0072,0.27794,0.11942,0.00835,0.19969,0.68979,0.0125,0.29651,0.11191,0.01566,0.17854,0.69384,0.01844,0.1635,-0.03178,0.02724,0.20302,0.49397,0.02166
934,0.3129,0.1575,0.00459,0.19429,0.74143,0.00699,0.27787,0.11961,0.0082,0.20001,0.6903,0.01233,0.29644,0.11212,0.01553,0.17886,0.69435,0.01829,0.16348,-0.03155,0.0276,0.20329,0.49448,0.02148
935,0.31306,0.15761,0.00436,0.19449,0.74188,0.00678,0.27802,0.11977,0.00834,0.20016,0.69079,0.01255,0.29658,0.11228,0.01569,0.17902,0.69482,0.01855,0.16349,-0.03126,0.02792,0.20352,0.49495,0.0211
936,0.31338,0.15768,0.00426,0.19452,0.74222,0.00653,0.27831,0.11992,0.00869,0.20014,0.6912,0.01285,0.29684,0.1124,0.0161,0.17902,0.69519,0.01893,0.16347,-0.03089,0.02816,0.20366,0.49532,0.02072
937,0.31369,0.15775,0.0043,0.19446,0.74244,0.00628,0.27858,0.12008,0.00906,0.20007,0.69147,0.01302,0.29707,0.11253,0.01653,0.17895,0.69543,0.01914,0.16339,-0.0305,0.02829,0.20376,0.49558,0.02049
938,0.31388,0.15784,0.0044,0.19442,0.74258,0.00613,0.27871,0.12023,0.00931,0.20005,0.69162,0.01302,0.29717,0.11266,0.01685,0.17893,0.69557,0.01915,0.16323,-0.03016,0.02831,0.20388,0.49574,0.02042
939,0.31394,0.1579,0.00447,0.19444,0.74269,0.00605,0.27872,0.12035,0.00947,0.20009,0.69174,0.01296,0.29716,0.11275,0.01704,0.17897,0.69568,0.01909,0.16301,-0.02987,0.02833,0.20401,0.49586,0.02042
940,0.31395,0.15796,0.00449,0.19442,0.74278,0.00594,0.2787,0.12045,0.00957,0.2001,0.69183,0.01284,0.29714,0.11282,0.01711,0.17898,0.69577,0.01899,0.1628,-0.02963,0.02843,0.20409,0.49596,0.0204
941,0.31401,0.15803,0.00453,0.1943,0.74283,0.00578,0.27872,0.12055,0.0095,0.20003,0.69188,0.01259,0.29716,0.11291,0.01699,0.17891,0.69581,0.01874,0.16272,-0.02941,0.02864,0.20415,0.49601,0.02034
942,0.31416,0.1581,0.00457,0.19408,0.74283,0.0056,0.27881,0.12062,0.00919,0.1999,0.69187,0.01224,0.29727,0.11298,0.01664,0.17878,0.69578,0.01837,0.1628,-0.02926,0.02894,0.20431,0.49602,0.02031
943,0.31432,0.15807,0.00461,0.19381,0.74279,0.00548,0.27893,0.12057,0.00869,0.19977,0.69182,0.01192,0.29741,0.11297,0.01615,0.17862,0.6957,0.01801,0.16301,-0.02926,0.0293,0.20452,0.496,0.02036
944,0.31439,0.15794,0.00461,0.19363,0.74275,0.0055,0.27897,0.12042,0.00821,0.19967,0.69175,0.01165,0.29746,0.11287,0.01568,0.17853,0.69563,0.01773,0.16318,-0.02941,0.0296,0.20453,0.49595,0.02053
945,0.31435,0.15782,0.00455,0.19365,0.74273,0.00567,0.27891,0.12029,0.00791,0.19969,0.69168,0.01135,0.29742,0.11275,0.01538,0.17856,0.69561,0.01746,0.16318,-0.02953,0.02969,0.20423,0.49589,0.02075
946,0.31428,0.15778,0.00447,0.1938,0.74272,0.00591,0.27883,0.12027,0.0078,0.19981,0.6916,0.011,0.29733,0.11272,0.01525,0.17871,0.6956,0.01717,0.16304,-0.02951,0.02952,0.20393,0.49583,0.02092
947,0.31423,0.15782,0.00446,0.19384,0.74269,0.00607,0.27877,0.12031,0.00773,0.19991,0.69155,0.01079,0.29726,0.11275,0.01519,0.17883,0.69555,0.01701,0.16292,-0.02945,0.02924,0.20407,0.49579,0.02089
948,0.31419,0.15785,0.00459,0.19359,0.74265,0.00605,0.27872,0.12033,0.00769,0.19982,0.69153,0.01087,0.2972,0.11277,0.01517,0.17874,0.69545,0.01715,0.16286,-0.02945,0.02903,0.20462,0.49577,0.02065
949,0.31414,0.15782,0.00478,0.19313,0.74261,0.00598,0.27868,0.12029,0.00774,0.19952,0.69155,0.01121,0.29715,0.11274,0.01526,0.17844,0.69536,0.01754,0.16286,-0.02954,0.02898,0.2052,0.49578,0.0203
950,0.31408,0.15777,0.00485,0.19259,0.74262,0.0061,0.27864,0.12022,0.00795,0.19913,0.6916,0.01155,0.29712,0.11268,0.01547,0.17803,0.69531,0.0179,0.16287,-0.02965,0.02909,0.20551,0.49582,0.01997
951,0.31395,0.15772,0.0047,0.19192,0.74264,0.00658,0.27855,0.12018,0.00822,0.19863,0.69161,0.01166,0.29704,0.11262,0.01569,0.17752,0.69525,0.01801,0.16281,-0.02973,0.02928,0.20554,0.49583,0.01975
952,0.31371,0.15772,0.00447,0.19103,0.7426,0.00734,0.27834,0.12019,0.00841,0.19798,0.69152,0.01154,0.29685,0.11261,0.0158,0.17686,0.69511,0.01789,0.16262,-0.02974,0.02942,0.20543,0.49577,0.01968
953,0.31339,0.15782,0.00435,0.19008,0.74253,0.00816,0.27805,0.12029,0.00848,0.19727,0.69141,0.01143,0.29657,0.11269,0.01583,0.17615,0.69495,0.01779,0.16235,-0.02967,0.02946,0.20527,0.49569,0.01971
954,0.31309,0.15796,0.00435,0.18938,0.74255,0.0089,0.27775,0.12042,0.00845,0.19674,0.69142,0.01154,0.29627,0.11284,0.01582,0.1756,0.69491,0.01787,0.16208,-0.02955,0.02946,0.20511,0.49571,0.01976
955,0.31289,0.15804,0.00435,0.18904,0.74266,0.0096,0.27754,0.1205,0.00836,0.19648,0.69152,0.01193,0.29604,0.11294,0.01579,0.17531,0.69498,0.01818,0.16187,-0.02945,0.02953,0.20507,0.4958,0.01977
956,0.31281,0.15802,0.00431,0.18892,0.7427,0.01034,0.27744,0.12049,0.00829,0.1964,0.69156,0.0125,0.29594,0.11295,0.01577,0.17521,0.69497,0.01869,0.16175,-0.02942,0.02961,0.20516,0.49583,0.01967
957,0.31283,0.15797,0.00437,0.18884,0.74255,0.01113,0.27746,0.12043,0.00827,0.19636,0.69142,0.01312,0.29594,0.11291,0.01581,0.17514,0.69478,0.01925,0.16177,-0.02948,0.0296,0.2053,0.49566,0.01944
958,0.31286,0.15801,0.00459,0.18868,0.7423,0.01197,0.27753,0.12043,0.00835,0.19626,0.69117,0.01371,0.296,0.11293,0.01592,0.17502,0.69448,0.0198,0.16197,-0.02962,0.02947,0.20541,0.4954,0.01915
959,0.3128,0.15823,0.00489,0.18839,0.74212,0.01293,0.27754,0.12056,0.00851,0.19604,0.69098,0.01428,0.29602,0.11309,0.01608,0.1748,0.69425,0.02042,0.16226,-0.02975,0.02925,0.20535,0.4952,0.01895
960,0.31259,0.15858,0.00519,0.18792,0.74209,0.01409,0.27742,0.12081,0.00872,0.19564,0.69095,0.0149,0.29592,0.11337,0.01628,0.17445,0.69419,0.0212,0.16253,-0.02986,0.02897,0.20509,0.49516,0.01891
961,0.31226,0.15894,0.00547,0.18725,0.74213,0.01533,0.27722,0.12106,0.00894,0.19507,0.691,0.01562,0.29572,0.11366,0.01653,0.17392,0.69419,0.02206,0.16274,-0.03001,0.02857,0.20477,0.4952,0.0189
962,0.31193,0.1592,0.0057,0.18647,0.74212,0.01638,0.277,0.12122,0.00917,0.19443,0.69101,0.01633,0.29548,0.11387,0.01686,0.17326,0.69412,0.02277,0.16287,-0.0302,0.02815,0.20463,0.49523,0.01872
963,0.31166,0.15933,0.00584,0.18569,0.74205,0.01714,0.2768,0.12128,0.00937,0.19382,0.69098,0.01695,0.29525,0.11398,0.01718,0.17258,0.69397,0.02321,0.16289,-0.03037,0.02783,0.20469,0.49522,0.01843
964,0.31144,0.15937,0.0059,0.18486,0.74199,0.01778,0.27663,0.12129,0.00953,0.19318,0.69094,0.01746,0.29506,0.11402,0.01743,0.17188,0.69383,0.02353,0.16283,-0.03048,0.0277,0.20477,0.49522,0.01823
965,0.31131,0.15943,0.00607,0.1838,0.74187,0.01845,0.27652,0.12133,0.00967,0.19239,0.69086,0.01786,0.29493,0.11408,0.01764,0.17105,0.69364,0.02387,0.1628,-0.03052,0.02762,0.20489,0.4952,0.01819
