Neck_Joint_Position,Neck_Joint_Position,Neck_Joint_Position,L_ANKLE_POSITION,L_ANKLE_POSITION,L_ANKLE_POSITION,R_ANKLE_POSITION,R_ANKLE_POSITION,R_ANKLE_POSITION,L_KNEE_POSITION,L_KNEE_POSITION,L_KNEE_POSITION,R_KNEE_POSITION,R_KNEE_POSITION,R_KNEE_POSITION,L_HIP_POSITION,L_HIP_POSITION,L_HIP_POSITION,R_HIP_POSITION,R_HIP_POSITION,R_HIP_POSITION,L_SHOULDER_POSITION,L_SHOULDER_POSITION,L_SHOULDER_POSITION,R_SHOULDER_POSITION,R_SHOULDER_POSITION,R_SHOULDER_POSITION,L_ELBOW_POSITION,L_ELBOW_POSITION,L_ELBOW_POSITION,R_ELBOW_POSITION,R_ELBOW_POSITION,R_ELBOW_POSITION,L_WRIST_POSITION,L_WRIST_POSITION,L_WRIST_POSITION,R_WRIST_POSITION,R_WRIST_POSITION,R_WRIST_POSITION
X,Y,Z,X,Y,Z,X,Y,Z,X,Y,Z,X,Y,Z,X,Y,Z,X,Y,Z,X,Y,Z,X,Y,Z,X,Y,Z,X,Y,Z,X,Y,Z,X,Y,Z
0.18337,0.37078000000000005,1.4559400000000005,0.19573000000000002,0.5495400000000001,0.07649000000000002,0.14493000000000003,0.046110000000000005,0.07752,0.14384000000000002,0.50419,0.4727200000000001,0.23119000000000003,0.18496000000000007,0.43915000000000004,0.09529,0.31569000000000014,0.83025,0.26924000000000003,0.25553,0.83536,0.0009000000000000001,0.35882000000000003,1.3607,0.3555300000000001,0.3348900000000001,1.36885,-0.028380000000000006,0.46301000000000003,1.0776300000000003,0.3969700000000001,0.4848900000000001,1.1081899999999998,0.047100000000000024,0.71682,1.1361200000000002,0.31813,0.7424600000000001,1.14085
0.18330000000000002,0.37073000000000006,1.4560700000000004,0.19622000000000006,0.5495000000000001,0.0766,0.14524,0.04585,0.07761,0.14413000000000004,0.5041600000000002,0.47280999999999995,0.23203999999999997,0.18556000000000003,0.43877000000000005,0.09581,0.31496999999999997,0.8300000000000001,0.26974,0.25476,0.8352600000000002,0.0011600000000000002,0.35768000000000005,1.35993,0.35534,0.33487,1.3691199999999997,-0.029640000000000003,0.45887,1.07594,0.39893000000000006,0.4800900000000001,1.1061099999999997,0.04633000000000001,0.71274,1.1335600000000001,0.31899,0.73743,1.1378600000000003
0.18349,0.37068,1.4557000000000002,0.19664,0.5496200000000001,0.07658,0.1451,0.04618999999999999,0.07714,0.14455999999999997,0.50444,0.47280999999999995,0.23251999999999998,0.18570999999999996,0.43823,0.09633999999999998,0.31404999999999994,0.8293699999999998,0.27023,0.2537499999999999,0.8349199999999999,0.0008599999999999999,0.35861999999999994,1.3598,0.35500000000000004,0.33495,1.3694199999999999,-0.029029999999999997,0.4560999999999999,1.07442,0.40021999999999996,0.47508999999999996,1.1039400000000001,0.046589999999999986,0.71011,1.1318499999999998,0.32044,0.73264,1.1343599999999998
0.18406000000000003,0.37144,1.4549700000000003,0.19692000000000004,0.5498200000000002,0.07687,0.14536000000000002,0.046520000000000006,0.07675000000000001,0.14510000000000006,0.5045000000000001,0.47312,0.23318,0.18575000000000003,0.4378600000000001,0.09668000000000003,0.31332000000000004,0.8292299999999999,0.27076,0.25355,0.8346,0.0005,0.35998,1.3591700000000002,0.35491000000000006,0.33420000000000005,1.3689000000000002,-0.027970000000000005,0.45454,1.0726700000000002,0.4010600000000001,0.47117,1.1019400000000004,0.04739,0.7084300000000001,1.1309600000000002,0.3216800000000001,0.7290100000000002,1.1309499999999997
0.18420000000000006,0.3718,1.4545300000000003,0.19709000000000004,0.54966,0.07718000000000001,0.14616000000000004,0.04608000000000001,0.07702000000000002,0.14524,0.5045700000000001,0.4734400000000002,0.23352000000000006,0.18517000000000006,0.43829,0.09694,0.3127700000000001,0.8292400000000002,0.27106000000000013,0.25314000000000003,0.8350000000000001,0.0006999999999999999,0.3606800000000001,1.3579400000000006,0.35490000000000005,0.3331700000000001,1.3684300000000005,-0.027460000000000005,0.45346000000000003,1.0708199999999999,0.40184999999999993,0.4678700000000001,1.1004400000000003,0.04939000000000001,0.7069199999999999,1.1290900000000001,0.3226200000000001,0.7258800000000001,1.1282500000000002
0.18382,0.37233,1.45407,0.19733000000000003,0.54926,0.07756,0.1469,0.04556000000000001,0.07756,0.14526,0.50468,0.4738600000000001,0.23399000000000003,0.18442000000000003,0.43898999999999994,0.09711000000000002,0.31261,0.8295300000000002,0.27105,0.25254,0.83572,0.0012100000000000001,0.36048000000000013,1.35712,0.35445999999999994,0.33309,1.3683000000000005,-0.027330000000000007,0.4531299999999999,1.06999,0.40252999999999994,0.46508,1.09917,0.05063000000000001,0.70648,1.12719,0.32399,0.7234400000000001,1.12574
0.18428000000000005,0.37307000000000007,1.4537300000000002,0.19707000000000002,0.54892,0.07780000000000001,0.14715,0.045230000000000006,0.07786000000000001,0.14576,0.5042500000000001,0.47418000000000005,0.23473000000000005,0.18415000000000004,0.4391400000000001,0.09721999999999999,0.31243000000000004,0.8299399999999999,0.27095,0.25175,0.83604,0.0012199999999999997,0.36062000000000016,1.35691,0.3544100000000001,0.3338900000000001,1.3682300000000003,-0.02778,0.4527800000000001,1.06968,0.40272000000000013,0.46318,1.0978400000000001,0.052100000000000014,0.7060700000000001,1.1244800000000001,0.32519000000000003,0.72195,1.12342
0.18509000000000003,0.37383,1.45373,0.19683,0.54891,0.07793999999999998,0.1473,0.04512000000000001,0.0779,0.14635000000000004,0.50385,0.47438,0.2358,0.18377,0.43905999999999995,0.09745,0.31188,0.83001,0.27114,0.25107,0.8360899999999999,0.0013800000000000002,0.36113999999999996,1.3569399999999998,0.35477,0.33466,1.36802,-0.028189999999999996,0.45203999999999994,1.06936,0.40344,0.46113999999999994,1.09637,0.05458,0.7048299999999998,1.12213,0.32643,0.72017,1.1208699999999998
0.18523000000000006,0.37510000000000004,1.4536300000000004,0.1965300000000001,0.5491900000000001,0.07805000000000004,0.14718,0.04522999999999999,0.07812000000000001,0.14670000000000002,0.50376,0.4745400000000001,0.23643000000000006,0.18343,0.4392700000000001,0.09769000000000003,0.3117200000000001,0.8301100000000002,0.27133,0.25075000000000003,0.8363400000000001,0.0021200000000000004,0.36186,1.3578,0.35473000000000005,0.33480000000000004,1.3682,-0.02937,0.45053,1.0697400000000001,0.4037700000000001,0.4590700000000001,1.09559,0.05492,0.7031200000000002,1.1210900000000001,0.3272900000000001,0.7184400000000001,1.11803
0.18529999999999996,0.37622,1.4530300000000005,0.19630999999999998,0.54902,0.07796,0.14706999999999998,0.04525,0.07852,0.14693,0.50367,0.47450000000000003,0.23656999999999997,0.18313999999999997,0.43972999999999995,0.09789,0.31201,0.8302699999999998,0.27124999999999994,0.25031000000000003,0.8368299999999999,0.0031,0.36257,1.35875,0.35454,0.3347899999999999,1.3686600000000002,-0.031,0.44954999999999995,1.0704599999999997,0.40360000000000007,0.45732999999999996,1.09528,0.054589999999999986,0.7020800000000003,1.1198999999999997,0.32812,0.71716,1.1156
0.18614999999999998,0.37757000000000007,1.45224,0.19664999999999994,0.5488799999999999,0.07799,0.14715000000000003,0.045129999999999997,0.07850000000000001,0.14689,0.5036300000000001,0.47450000000000003,0.23651,0.18248,0.43994999999999995,0.09808999999999998,0.31196,0.8303099999999999,0.27122,0.24964999999999993,0.8370599999999999,0.0034799999999999996,0.36352,1.35843,0.35450000000000004,0.3348499999999999,1.3685200000000002,-0.02951,0.45119,1.0702199999999997,0.40419,0.4566200000000001,1.09491,0.055940000000000004,0.7037899999999999,1.1195,0.32892000000000005,0.7166400000000002,1.11355
0.18820000000000003,0.37914000000000003,1.4518899999999997,0.19666999999999998,0.54962,0.07823,0.14750000000000002,0.04503,0.0785,0.14739000000000002,0.50367,0.47472,0.23639000000000002,0.18168,0.44032999999999994,0.09842000000000001,0.31161,0.8302900000000001,0.2714500000000001,0.24905000000000005,0.8373700000000001,0.00391,0.36471,1.35895,0.35541,0.33515,1.3677100000000002,-0.028969999999999996,0.4524000000000001,1.07074,0.40557000000000004,0.45602,1.0937799999999998,0.057289999999999994,0.70504,1.11847,0.32986000000000004,0.7159599999999999,1.1117499999999998
0.18882999999999997,0.38072000000000006,1.45195,0.19624,0.55005,0.07822999999999998,0.14745,0.04474,0.07864000000000002,0.1478,0.50406,0.47481999999999996,0.23659999999999998,0.18109000000000003,0.44052,0.09833,0.31143000000000004,0.83002,0.27124000000000004,0.24859000000000003,0.83757,0.00468,0.36636,1.3593500000000003,0.35650000000000004,0.33618,1.3671100000000003,-0.03011,0.4531200000000001,1.0710800000000003,0.40629,0.45494000000000007,1.0921899999999998,0.0588,0.70548,1.11525,0.33053,0.71488,1.1098499999999998
0.18882,0.38312,1.4515700000000002,0.19622,0.5495700000000001,0.07842000000000002,0.14755000000000001,0.04397999999999999,0.07870000000000002,0.14794999999999997,0.5051999999999999,0.47521999999999986,0.23700999999999994,0.18086000000000002,0.44031000000000003,0.09785000000000002,0.31121,0.82958,0.27071999999999996,0.2483,0.8374500000000002,0.0048200000000000005,0.36896000000000007,1.3588299999999998,0.3565,0.33809,1.3669900000000004,-0.030349999999999995,0.4544599999999999,1.07023,0.4069400000000001,0.45254000000000005,1.09037,0.05931,0.70695,1.1120100000000002,0.33131,0.7126200000000001,1.1066600000000002
0.19015,0.3856799999999999,1.45095,0.19674999999999998,0.54935,0.07867,0.14773,0.04374,0.07871000000000002,0.14815999999999996,0.5060900000000002,0.4755499999999999,0.23725999999999997,0.18085,0.4402099999999999,0.09755999999999998,0.31111,0.8293,0.27037,0.24808,0.8374399999999999,0.005280000000000001,0.37194999999999995,1.3584799999999997,0.35609,0.33967,1.36656,-0.030830000000000003,0.45537000000000005,1.06939,0.40798,0.45077999999999996,1.0888399999999996,0.05989,0.7076899999999999,1.10995,0.33227000000000007,0.7109600000000001,1.1029100000000003
0.19128,0.38867999999999997,1.4500500000000003,0.19742000000000004,0.54967,0.07853000000000002,0.1475,0.043789999999999996,0.07849,0.14816,0.50666,0.47536,0.23739999999999994,0.18041,0.44008,0.09726,0.31159000000000003,0.8290099999999999,0.26981,0.24787999999999993,0.8373300000000001,0.006180000000000001,0.37424999999999997,1.3585600000000004,0.35668,0.34169000000000005,1.36593,-0.03323,0.45577,1.0693499999999998,0.40926000000000007,0.4498500000000001,1.0871799999999998,0.059619999999999986,0.7077400000000001,1.1072000000000002,0.33329999999999993,0.7100700000000001,1.0989199999999997
0.19127000000000002,0.392,1.4487000000000005,0.19738,0.5494800000000001,0.07843999999999998,0.14783000000000002,0.043440000000000006,0.07839999999999998,0.14755000000000001,0.5079499999999999,0.47535000000000005,0.23774,0.17991999999999997,0.44003999999999993,0.09722000000000001,0.31209000000000003,0.8286499999999999,0.2695000000000001,0.24769,0.83729,0.006700000000000002,0.3779800000000001,1.35831,0.35706,0.34379000000000004,1.3654899999999999,-0.03588999999999999,0.45697,1.06885,0.41111999999999993,0.44837,1.0856600000000003,0.05742,0.7091799999999999,1.1038500000000002,0.33484,0.7086300000000001,1.09391
0.19250999999999996,0.3955599999999999,1.4476499999999999,0.19678,0.5497199999999999,0.07829000000000001,0.14847,0.04324999999999999,0.07827,0.14676000000000003,0.50982,0.47535,0.23751,0.18,0.44001999999999997,0.09711,0.3125899999999999,0.8279799999999999,0.26933,0.2481,0.83721,0.00779,0.38347999999999993,1.3569200000000001,0.35634999999999994,0.34521,1.3649300000000002,-0.03729,0.4590699999999999,1.0669299999999997,0.4124299999999999,0.44703000000000004,1.08449,0.05632,0.7115000000000001,1.0994000000000002,0.33607,0.7073700000000003,1.08851
0.19380999999999998,0.39931,1.44721,0.19633,0.5502600000000001,0.07808000000000001,0.14839000000000002,0.04286,0.07823,0.14608,0.51234,0.47529999999999994,0.23689,0.17986000000000002,0.44002,0.09643999999999998,0.31320000000000003,0.8268599999999999,0.26869,0.24893000000000004,0.8370399999999999,0.008820000000000001,0.38697,1.3556600000000003,0.3565999999999999,0.34787,1.3643299999999998,-0.03948,0.46164000000000005,1.06595,0.41381,0.44575999999999993,1.08271,0.05587,0.7139099999999999,1.0944199999999995,0.33694,0.7059800000000002,1.08216
0.19412000000000001,0.40323999999999993,1.44632,0.19686000000000003,0.5501900000000001,0.07846999999999998,0.14806999999999998,0.042679999999999996,0.07827000000000002,0.14555,0.5162399999999999,0.47591000000000006,0.23541999999999996,0.18014999999999998,0.44016,0.09597,0.31384,0.8256100000000002,0.26814,0.24956999999999996,0.83705,0.00929,0.39012,1.3555,0.35743,0.3516599999999999,1.3634999999999997,-0.04378,0.46498000000000006,1.06668,0.4170400000000001,0.44392999999999994,1.08049,0.05695,0.7158300000000002,1.0882899999999998,0.34035999999999994,0.7041300000000001,1.0745299999999998
0.19540000000000002,0.40837,1.4444600000000003,0.19677,0.5504599999999998,0.07837,0.1474,0.04333000000000001,0.07808999999999999,0.14554,0.5204499999999999,0.4761399999999999,0.23424999999999999,0.18096999999999996,0.44004000000000004,0.09594,0.31577,0.8245000000000002,0.2678,0.25083,0.8367899999999999,0.01012,0.3936700000000001,1.3547599999999997,0.35885,0.35682,1.36267,-0.04939,0.46841999999999995,1.06716,0.42116000000000003,0.44264000000000003,1.07822,0.05612000000000002,0.7178599999999999,1.08087,0.3473200000000001,0.70345,1.06598
0.19682999999999995,0.41431,1.44218,0.19667,0.5504999999999999,0.07795999999999999,0.14688,0.04339000000000001,0.07794,0.14575,0.52396,0.47602,0.23314,0.18127,0.43993999999999994,0.09597,0.31804,0.8236299999999999,0.26737,0.25200000000000006,0.83647,0.011769999999999997,0.3978999999999999,1.3539199999999998,0.3602,0.36214000000000013,1.36164,-0.054709999999999995,0.47167000000000003,1.0676099999999997,0.42560999999999993,0.44412,1.0767499999999999,0.049879999999999994,0.72181,1.07351,0.35270000000000007,0.7048100000000002,1.05802
0.19874,0.4204599999999999,1.4401,0.19793999999999998,0.54992,0.07874,0.14683,0.04309000000000001,0.07808,0.14528999999999997,0.52813,0.47686,0.23208,0.18044,0.44052,0.09525000000000002,0.32029,0.8232899999999999,0.26612,0.253,0.8367299999999998,0.013779999999999997,0.40544999999999987,1.35356,0.36081,0.36705000000000004,1.3609500000000003,-0.06048000000000002,0.47497,1.0680999999999998,0.42963,0.44787000000000005,1.07653,0.04318,0.72555,1.06592,0.35470999999999997,0.7074799999999999,1.0517600000000003
0.20113999999999999,0.4276999999999999,1.4380199999999999,0.19911999999999996,0.5497800000000002,0.07968999999999998,0.14654,0.04334,0.07824999999999999,0.14490999999999998,0.5330299999999999,0.47783999999999993,0.23177000000000003,0.18046,0.44078,0.09459999999999999,0.32339999999999997,0.8231499999999998,0.26503,0.25503,0.8366899999999999,0.015589999999999998,0.41510999999999987,1.35226,0.36144,0.37236999999999987,1.3600700000000001,-0.06801,0.47966999999999993,1.0682199999999997,0.4335300000000001,0.45492,1.0769600000000001,0.03494,0.7303200000000001,1.0576000000000003,0.35641,0.71315,1.0454500000000002
0.20288,0.4356399999999999,1.4356,0.19949,0.54973,0.08013999999999999,0.14625000000000002,0.04347,0.07800999999999998,0.14518000000000003,0.5387200000000001,0.47847999999999996,0.23152,0.18135,0.44023999999999996,0.09458,0.32717999999999997,0.8225899999999999,0.2646,0.25773,0.83582,0.01761,0.4252000000000001,1.35117,0.36247,0.37829999999999997,1.3591799999999998,-0.07764,0.48297999999999996,1.06935,0.4392499999999999,0.46428,1.0783300000000002,0.02176,0.73447,1.0489800000000002,0.35952,0.7207899999999999,1.03998
0.20308000000000004,0.44339,1.43358,0.19951999999999998,0.54955,0.08043,0.14632,0.04339,0.07733,0.1452,0.54546,0.47889999999999994,0.23094000000000003,0.18145,0.43965,0.09444,0.33191,0.82173,0.26374,0.26069,0.8346899999999998,0.019840000000000003,0.43393999999999994,1.35057,0.36312,0.3857400000000001,1.3584599999999998,-0.08686999999999999,0.4850499999999999,1.07157,0.44485,0.47541,1.0801800000000001,0.00894,0.7369900000000001,1.04181,0.36415,0.73055,1.0353
0.20358,0.4519199999999998,1.4324299999999999,0.19888999999999998,0.5499999999999999,0.08037999999999998,0.1464,0.04327000000000001,0.07717,0.14467,0.5521699999999999,0.47888,0.22903999999999997,0.18103000000000002,0.44006,0.09409999999999999,0.33814,0.8214400000000001,0.26256,0.2649000000000001,0.8340800000000002,0.02114,0.44309,1.34952,0.36439,0.39499999999999996,1.35797,-0.0944,0.49201000000000006,1.0736599999999998,0.45009,0.48808,1.08201,-0.00452,0.7450399999999999,1.0357200000000002,0.36947000000000013,0.74223,1.0316899999999998
0.20446000000000003,0.4617,1.4314,0.19850999999999996,0.5505799999999998,0.08021000000000002,0.14625000000000002,0.04341,0.07779,0.14506,0.55921,0.47872,0.22726000000000002,0.18210000000000004,0.44069,0.09366000000000002,0.34517000000000003,0.8211599999999999,0.26134,0.27013999999999994,0.83375,0.02086,0.45594999999999997,1.34914,0.36528999999999995,0.40483999999999987,1.35801,-0.10309000000000001,0.49969,1.07608,0.4549,0.50228,1.0848099999999998,-0.023350000000000003,0.7547199999999998,1.0297600000000002,0.37532,0.7559299999999998,1.03051
0.20436000000000004,0.4720599999999999,1.4306700000000003,0.19894,0.55062,0.08005000000000001,0.14575,0.04414,0.07895,0.14597999999999997,0.5668399999999999,0.47839999999999994,0.2272,0.18501000000000004,0.44092000000000003,0.09341999999999999,0.35396,0.8213699999999999,0.26021,0.27684,0.8331999999999999,0.02072,0.4689399999999999,1.3495800000000002,0.36523,0.41611,1.35907,-0.11457000000000002,0.50261,1.0804999999999998,0.4598200000000001,0.5172800000000001,1.0889200000000003,-0.043390000000000005,0.7586500000000002,1.0264799999999998,0.38089999999999996,0.77071,1.03263
0.20292999999999997,0.48234999999999995,1.4302600000000003,0.1981,0.54969,0.08021,0.14543,0.04591,0.08041000000000001,0.14629999999999999,0.5748199999999999,0.47824999999999995,0.22741000000000003,0.18973,0.44110000000000005,0.09328999999999998,0.36393999999999993,0.8223899999999998,0.25939,0.28512000000000004,0.83261,0.019300000000000005,0.48080999999999996,1.3497000000000003,0.36468,0.42817000000000005,1.3614799999999998,-0.12645,0.50462,1.0850700000000002,0.46638,0.5319099999999999,1.09492,-0.06466,0.7621599999999998,1.0267900000000003,0.3854900000000001,0.7842199999999999,1.03643
0.20087,0.49229999999999996,1.43038,0.19537999999999997,0.5493800000000001,0.08074,0.14519,0.04858999999999999,0.08212,0.14683999999999997,0.5832900000000001,0.47854,0.22836999999999996,0.19785999999999998,0.44031000000000003,0.09336999999999998,0.37443000000000004,0.8238399999999999,0.25905,0.29447999999999996,0.8316299999999999,0.01717,0.4923,1.35058,0.36344999999999994,0.43977,1.36544,-0.13505999999999996,0.5070300000000001,1.0889600000000002,0.4744300000000001,0.5456,1.10344,-0.08411,0.76649,1.0287400000000002,0.38964999999999994,0.7958399999999999,1.04168
0.19752999999999998,0.50195,1.4312999999999998,0.19368999999999997,0.5500600000000001,0.08087000000000001,0.14442,0.0523,0.08586,0.14741999999999997,0.59265,0.47809999999999997,0.23119000000000003,0.21042999999999995,0.4393599999999999,0.0945,0.38580000000000003,0.8246899999999999,0.26017999999999997,0.30572999999999995,0.8311300000000001,0.016559999999999995,0.5041300000000001,1.35088,0.36153,0.4524,1.37032,-0.14142,0.5099,1.09233,0.484,0.55851,1.1136,-0.09891000000000001,0.77028,1.02962,0.39449,0.8064299999999998,1.04923
0.19324,0.5105,1.4337299999999997,0.19405999999999995,0.55075,0.08074,0.14454,0.0576,0.09206999999999999,0.14757999999999996,0.6022000000000001,0.4768899999999998,0.23537999999999995,0.22887999999999997,0.43833999999999995,0.09609,0.39789,0.8251999999999999,0.26237,0.31905,0.8314700000000002,0.01476,0.5134000000000001,1.3522700000000003,0.35934000000000005,0.4656699999999999,1.3747500000000001,-0.14643000000000006,0.51679,1.0956700000000001,0.49613,0.5699,1.12458,-0.11130000000000001,0.77705,1.0280599999999998,0.40087000000000006,0.81559,1.05988
0.18819000000000002,0.51827,1.4379,0.19471,0.5507999999999998,0.08055,0.14690000000000003,0.06496,0.10261999999999998,0.14737999999999998,0.61092,0.47538,0.24364999999999992,0.2555200000000001,0.43701,0.09675,0.41062,0.8261400000000001,0.2640799999999999,0.3340700000000001,0.8330199999999999,0.010320000000000003,0.52225,1.35639,0.3558799999999999,0.47804000000000013,1.37928,-0.14977,0.52434,1.09908,0.5080599999999998,0.5795399999999999,1.137,-0.11919999999999997,0.78374,1.0261400000000003,0.4084,0.8234200000000002,1.07206
0.18260000000000004,0.5263800000000001,1.44309,0.19390000000000002,0.5506799999999998,0.07982,0.15287999999999996,0.07803000000000002,0.11907000000000001,0.14664999999999997,0.61887,0.47335,0.25871999999999995,0.29324999999999996,0.43526000000000004,0.09718999999999998,0.42383,0.8272199999999998,0.26612,0.35102000000000005,0.83528,0.005169999999999999,0.5302099999999998,1.3604999999999998,0.35103,0.48859,1.3850200000000001,-0.15180999999999997,0.52891,1.1012799999999998,0.51823,0.58702,1.15153,-0.12094000000000002,0.78789,1.0270099999999998,0.4155799999999999,0.82892,1.08392
0.17678,0.53485,1.4484299999999999,0.19297999999999996,0.5510000000000002,0.0797,0.16281,0.10052,0.1419,0.14402,0.62548,0.4718799999999999,0.27831,0.34161,0.43521999999999994,0.09831,0.4363499999999999,0.8294399999999998,0.26943000000000006,0.36897,0.8384299999999998,-0.0002499999999999998,0.53762,1.3638699999999997,0.34640000000000004,0.49719999999999986,1.3917699999999997,-0.15186,0.53526,1.10148,0.5278799999999999,0.59093,1.16718,-0.11693000000000002,0.79402,1.0282399999999998,0.42504,0.8312399999999999,1.0943900000000002
0.17101000000000002,0.5427800000000002,1.45338,0.19257999999999997,0.55124,0.07985000000000002,0.17370999999999998,0.13292000000000004,0.17168,0.13828999999999997,0.62923,0.47063999999999995,0.30023,0.39661000000000013,0.43993,0.09883,0.44817999999999997,0.8330999999999998,0.2724399999999999,0.38764,0.84311,-0.00573,0.5447,1.3666699999999998,0.34207,0.50526,1.3986,-0.14949999999999997,0.54124,1.09992,0.5367099999999999,0.5928600000000002,1.18272,-0.10726000000000002,0.80001,1.0307,0.4323899999999999,0.8310599999999997,1.10525
0.16543,0.5498,1.45716,0.19209,0.5512700000000001,0.08017,0.18392000000000003,0.17267,0.20956,0.133,0.6335600000000001,0.46938,0.32034,0.4573200000000001,0.45009999999999994,0.09908999999999997,0.45937000000000006,0.83575,0.2749400000000001,0.40632000000000007,0.8485299999999999,-0.010469999999999998,0.54941,1.3690200000000001,0.33923000000000003,0.51317,1.4049500000000001,-0.14581,0.54554,1.0979,0.5448199999999999,0.59438,1.19686,-0.09133000000000001,0.80359,1.0347900000000003,0.43642000000000003,0.8300399999999999,1.1172399999999998
0.1608,0.55658,1.45965,0.19096,0.55247,0.08095999999999999,0.19660000000000002,0.21940000000000004,0.25406,0.12971,0.64026,0.46863,0.33854999999999996,0.52254,0.46724999999999994,0.09995,0.46951,0.83697,0.2775599999999999,0.42424000000000006,0.85458,-0.01331,0.5531900000000001,1.37039,0.33652000000000004,0.52061,1.4094300000000002,-0.14217999999999997,0.55301,1.0961099999999997,0.55243,0.5959999999999999,1.20978,-0.06981999999999997,0.8081599999999999,1.03951,0.43888000000000005,0.8291799999999999,1.1300500000000002
0.15814,0.5636999999999999,1.4615999999999998,0.19012,0.55444,0.08121,0.21156999999999992,0.27325,0.30014,0.12755,0.64377,0.46831000000000006,0.35418,0.59002,0.49202999999999997,0.10064000000000002,0.47718,0.83877,0.27965999999999996,0.43953999999999993,0.85974,-0.015999999999999997,0.5572600000000001,1.37054,0.33382,0.52708,1.4125000000000003,-0.13884000000000002,0.56256,1.09355,0.5586899999999999,0.5980500000000001,1.2213,-0.04929000000000001,0.8145699999999999,1.04868,0.44075999999999993,0.82968,1.1434200000000003
0.15647999999999998,0.57146,1.4637200000000001,0.19049,0.55589,0.08137,0.22714999999999996,0.33231000000000005,0.34658,0.12821,0.64559,0.4684400000000001,0.36633,0.65699,0.52741,0.10190000000000002,0.48429,0.84128,0.28156,0.45185,0.86526,-0.01742,0.5650899999999999,1.3710200000000001,0.33204999999999996,0.5324,1.4152,-0.1333,0.5734299999999999,1.0911299999999997,0.56327,0.601,1.2308199999999996,-0.02637,0.82042,1.05796,0.44061000000000006,0.8313899999999999,1.15666
0.1569,0.57948,1.4650100000000004,0.19196999999999997,0.5569400000000001,0.08238,0.24308,0.39529000000000003,0.39266,0.12986999999999999,0.65012,0.46865000000000007,0.37615000000000004,0.7224299999999999,0.5736700000000001,0.10376999999999999,0.4924899999999999,0.8430699999999998,0.28362,0.46415999999999996,0.8705599999999999,-0.01647,0.5751199999999999,1.37185,0.33098,0.5396600000000001,1.41668,-0.12616,0.58476,1.0895200000000003,0.5672999999999999,0.6049099999999998,1.23763,-0.005920000000000001,0.82656,1.0647799999999998,0.43944000000000005,0.8345400000000001,1.1702
0.15820000000000004,0.58824,1.46471,0.19295,0.55718,0.08330000000000001,0.2581,0.46168,0.43662,0.13145999999999997,0.6551000000000001,0.4685,0.37911,0.78562,0.63133,0.10566,0.5017,0.8446799999999999,0.28549,0.4781000000000001,0.87643,-0.015409999999999998,0.58611,1.37197,0.33044999999999997,0.54786,1.41789,-0.12111,0.5956700000000001,1.0881199999999998,0.5705500000000001,0.6104499999999999,1.2429599999999998,0.01061,0.83238,1.07547,0.4392,0.84016,1.18292
0.15942000000000003,0.59735,1.46336,0.19414000000000003,0.5569,0.08296,0.27097000000000004,0.53062,0.47756999999999994,0.13328,0.65605,0.46794,0.3780399999999999,0.84169,0.69954,0.10682999999999998,0.51097,0.8473800000000001,0.28672,0.49286999999999986,0.8822900000000001,-0.013980000000000003,0.5977199999999999,1.3721099999999997,0.33096,0.5559399999999999,1.41925,-0.11769,0.60777,1.0875300000000003,0.57364,0.6188300000000002,1.24805,0.027869999999999992,0.8365800000000001,1.08886,0.43944000000000005,0.84881,1.19583
0.16167,0.60517,1.4618800000000003,0.19577,0.55642,0.08118,0.2831,0.5994699999999998,0.51576,0.13553000000000004,0.6567899999999999,0.46594,0.37282999999999994,0.8862499999999999,0.7750000000000001,0.10860999999999997,0.52026,0.8485,0.2879900000000001,0.50753,0.88808,-0.01134,0.60902,1.3722599999999998,0.3325600000000001,0.5644299999999999,1.41909,-0.11486,0.62134,1.08771,0.5775399999999999,0.63102,1.25261,0.04399999999999999,0.8407,1.1012999999999997,0.43826,0.8598100000000001,1.2092799999999997
0.16490999999999997,0.6116000000000001,1.4601,0.1965,0.5559600000000001,0.07990999999999998,0.296,0.6695500000000001,0.55153,0.13795,0.66249,0.4632800000000001,0.35931,0.9196899999999999,0.8530600000000002,0.11069999999999998,0.53145,0.84773,0.28852,0.5239099999999999,0.89493,-0.009190000000000002,0.6201000000000001,1.3733799999999998,0.33444000000000007,0.5738999999999999,1.4186500000000002,-0.11248999999999998,0.6347299999999999,1.0888599999999997,0.5811699999999999,0.6449599999999999,1.2566799999999998,0.05548999999999999,0.8460899999999999,1.1143699999999999,0.43805,0.87294,1.2225500000000002
0.16831000000000002,0.61841,1.4576899999999997,0.19634,0.55561,0.08059,0.30518,0.7431,0.58625,0.14005,0.6705899999999999,0.46185,0.3410000000000001,0.9411699999999998,0.92828,0.11160999999999999,0.54538,0.8481499999999997,0.2876,0.54132,0.90215,-0.00702,0.6312899999999999,1.37512,0.33623,0.5823900000000001,1.4182899999999998,-0.11179999999999998,0.64714,1.0912,0.58288,0.6619599999999999,1.26019,0.05986,0.85401,1.12691,0.43446,0.8878800000000001,1.23664
0.17162,0.6258700000000003,1.45457,0.19627000000000003,0.55704,0.08137,0.30929999999999996,0.81971,0.62459,0.14126000000000002,0.68055,0.46012999999999993,0.32032000000000005,0.95107,0.9989100000000001,0.11248,0.5608500000000001,0.8481499999999998,0.28665999999999997,0.5586700000000001,0.9078199999999998,-0.00372,0.64259,1.37616,0.33765,0.59061,1.41691,-0.11360000000000002,0.6580200000000002,1.09416,0.5849599999999999,0.67852,1.2643600000000002,0.06117999999999999,0.8605699999999998,1.1385099999999997,0.4344,0.9036899999999999,1.24852
0.17503999999999997,0.63345,1.45187,0.19723999999999997,0.55794,0.08178,0.3087699999999999,0.8988699999999997,0.6689700000000001,0.1422,0.69174,0.45703,0.3017099999999999,0.9503400000000002,1.0624100000000003,0.11519999999999998,0.57748,0.8468100000000001,0.28756999999999994,0.57558,0.91153,-0.00083,0.6548,1.3783200000000002,0.3398199999999999,0.5990599999999999,1.41478,-0.1166,0.6696199999999999,1.09865,0.5897400000000002,0.6925300000000001,1.2699700000000003,0.062360000000000006,0.8671899999999999,1.1484299999999998,0.44547,0.9220499999999998,1.25862
0.17792,0.6394,1.45085,0.19782000000000002,0.5587499999999999,0.08247,0.3009899999999999,0.9771999999999998,0.71738,0.14368999999999998,0.70318,0.45389,0.28642999999999996,0.94466,1.1126299999999996,0.11897,0.5951400000000002,0.8455899999999998,0.2897600000000001,0.5924,0.91435,0.0017600000000000005,0.6650700000000002,1.3816799999999996,0.3425300000000001,0.60798,1.41251,-0.12015000000000002,0.6813400000000001,1.1047199999999997,0.59375,0.7089300000000001,1.27518,0.06147,0.8755300000000001,1.15802,0.4490799999999999,0.9383899999999998,1.26893
0.18025000000000005,0.6449499999999999,1.45059,0.19863000000000003,0.56005,0.08349,0.28737,1.04776,0.7674099999999999,0.14564,0.7154700000000002,0.4506199999999999,0.27269,0.93996,1.14907,0.12204999999999999,0.6151499999999999,0.8444399999999996,0.29195,0.6107300000000001,0.9153,0.00326,0.6730999999999999,1.3854899999999999,0.3452200000000001,0.6183100000000001,1.4108300000000003,-0.12344999999999998,0.68923,1.11067,0.5977899999999999,0.72374,1.27948,0.05677,0.88394,1.1668000000000003,0.4571899999999999,0.95575,1.27451
0.18166,0.65084,1.4496499999999999,0.19982,0.56138,0.08465,0.27109999999999995,1.11058,0.81834,0.14699000000000004,0.7277300000000001,0.44698,0.26178999999999997,0.9362300000000001,1.1747199999999998,0.12466999999999999,0.6358699999999999,0.8429300000000001,0.29462999999999995,0.62951,0.91348,0.004269999999999999,0.68092,1.38884,0.3475000000000001,0.62705,1.41002,-0.12796999999999997,0.69594,1.11658,0.6037999999999999,0.7303800000000001,1.2843299999999997,0.050339999999999996,0.89243,1.17257,0.48667999999999995,0.9750200000000001,1.27668
0.18256,0.65601,1.4475599999999997,0.2006,0.5634899999999999,0.08527000000000001,0.25096000000000007,1.1676100000000003,0.8669,0.14710999999999996,0.74055,0.4424,0.25341,0.9396099999999998,1.19172,0.12675999999999998,0.65615,0.8401099999999999,0.29640999999999995,0.6514,0.9115499999999999,0.00448,0.68677,1.3909999999999996,0.3493299999999999,0.63422,1.4088500000000002,-0.13392,0.7052000000000002,1.1220300000000003,0.60955,0.73542,1.2896700000000003,0.04544999999999999,0.89969,1.1815300000000002,0.5093,0.98731,1.27838
0.18287000000000003,0.65937,1.4449200000000002,0.20133999999999996,0.56589,0.08628,0.22696,1.22125,0.9081900000000002,0.14553,0.7539099999999999,0.43738999999999995,0.2459,0.9528099999999999,1.19986,0.12816,0.67598,0.83656,0.29693,0.6755300000000001,0.9101699999999999,0.0037100000000000006,0.6902700000000002,1.39146,0.35165,0.64249,1.40625,-0.13794,0.71359,1.1245699999999998,0.6162,0.7414400000000001,1.2949700000000002,0.04124,0.90584,1.1914399999999998,0.51982,0.99444,1.27693
0.183,0.6597600000000001,1.4421500000000003,0.20412,0.56842,0.08778,0.20716,1.27503,0.94318,0.14118,0.7667100000000001,0.43196999999999997,0.24231999999999998,0.9737400000000002,1.1990899999999998,0.12701000000000004,0.69427,0.8322999999999999,0.29502,0.6987399999999999,0.90753,0.0023500000000000005,0.6914700000000003,1.3893399999999998,0.35287999999999997,0.64741,1.40248,-0.14154,0.7163800000000001,1.12379,0.6219000000000001,0.74324,1.29948,0.03305,0.9107299999999999,1.19648,0.5360400000000001,0.9993299999999999,1.2735699999999999
0.18299,0.6591100000000001,1.4377800000000003,0.20830000000000004,0.5712200000000001,0.08922,0.19514000000000004,1.3349399999999998,0.9707,0.13403,0.7775599999999999,0.42634,0.24157000000000003,1.00579,1.18749,0.12351999999999999,0.7117799999999999,0.8279299999999999,0.29117999999999994,0.72266,0.9032599999999998,0.0009100000000000002,0.68959,1.3857,0.35318,0.6487699999999998,1.39868,-0.146,0.71773,1.12214,0.62615,0.74103,1.3030899999999999,0.023669999999999997,0.91471,1.1992800000000001,0.5528500000000001,1.00019,1.27014
0.18198999999999999,0.65768,1.4316400000000005,0.21089999999999998,0.5744399999999998,0.09041999999999997,0.19050999999999998,1.4021399999999997,0.9854399999999999,0.12508000000000002,0.78594,0.4215499999999999,0.24079000000000003,1.0501100000000003,1.1616300000000002,0.11801,0.72814,0.8244400000000001,0.28547,0.74622,0.8988399999999999,-0.00032,0.6827500000000001,1.3823400000000001,0.3529,0.65044,1.3945499999999995,-0.14767999999999998,0.7196099999999999,1.1201099999999997,0.63018,0.7363499999999998,1.30569,0.01714,0.91845,1.20281,0.56681,0.9972799999999999,1.2666000000000002
0.17908,0.6537600000000001,1.4254600000000002,0.21130000000000002,0.57696,0.09072999999999999,0.19306999999999996,1.4586499999999996,0.9809900000000003,0.11487,0.79002,0.41791999999999996,0.2403,1.09498,1.1326899999999998,0.11089,0.74325,0.82229,0.27803,0.7704999999999999,0.8945799999999999,-0.0014600000000000001,0.6717999999999998,1.37743,0.35198000000000007,0.65015,1.3898100000000004,-0.14848,0.71842,1.1165699999999998,0.6333500000000001,0.72813,1.30667,0.008659999999999998,0.9208,1.2054099999999999,0.5793999999999999,0.9907199999999999,1.2647500000000003
0.17657999999999996,0.64857,1.41911,0.21089999999999998,0.5779,0.08938,0.18783000000000002,1.4941999999999998,0.9653299999999999,0.10639999999999998,0.7895,0.4150299999999999,0.24020999999999998,1.1287500000000001,1.1109399999999998,0.10416999999999998,0.7568499999999999,0.8208,0.27129,0.7918500000000002,0.8897099999999999,-0.002,0.6604500000000002,1.36982,0.35103999999999996,0.64665,1.3855999999999997,-0.14911999999999997,0.71538,1.11063,0.63597,0.7154400000000001,1.3066000000000004,0.00296,0.9186000000000001,1.20611,0.59016,0.97932,1.26308
0.17461,0.6422800000000001,1.41188,0.21162,0.57739,0.08685,0.17824000000000004,1.5162,0.9522800000000001,0.09999999999999999,0.7869199999999998,0.41147999999999996,0.23909000000000002,1.15055,1.09404,0.09850000000000002,0.7657,0.818,0.26564999999999994,0.8064,0.8836499999999999,-0.00292,0.65021,1.36052,0.35035000000000005,0.6420400000000002,1.38083,-0.14878,0.71271,1.1023400000000003,0.6389300000000001,0.6990499999999998,1.30577,-0.0007399999999999999,0.91545,1.2048999999999999,0.60131,0.96406,1.26131
0.17373,0.6354500000000001,1.40319,0.21408,0.57658,0.08396,0.17312000000000002,1.5329,0.94376,0.09592,0.7834899999999999,0.40796000000000004,0.23364999999999997,1.1640199999999998,1.07702,0.09419,0.7671599999999998,0.8146999999999998,0.26091,0.81338,0.8777300000000001,-0.0033500000000000005,0.64144,1.35053,0.3497100000000001,0.63658,1.3754700000000002,-0.14665,0.7097400000000001,1.09239,0.6417999999999999,0.67989,1.3049800000000003,-0.00771,0.9143399999999999,1.2036299999999998,0.6132900000000001,0.94604,1.26053
0.17407999999999998,0.62996,1.39452,0.21659999999999996,0.5747800000000001,0.08084,0.16918999999999998,1.54834,0.9367700000000001,0.09645000000000001,0.77812,0.40636000000000005,0.22556,1.1734000000000002,1.0539599999999998,0.09226999999999999,0.7607900000000001,0.8130399999999999,0.25815,0.81321,0.87336,-0.00218,0.6331499999999999,1.3409500000000003,0.34909,0.6297499999999999,1.3712400000000002,-0.14182,0.7059,1.08202,0.644,0.6580100000000001,1.3049600000000001,-0.01268,0.91198,1.20198,0.62261,0.9248099999999999,1.2603899999999997
0.17324999999999996,0.62576,1.38779,0.21772000000000002,0.57224,0.07866000000000001,0.16543000000000002,1.5629800000000005,0.93032,0.09865999999999998,0.7701,0.40793,0.2177,1.18078,1.0235,0.09288,0.7479200000000001,0.81437,0.25688,0.8076499999999999,0.873,-0.00209,0.62543,1.3322700000000003,0.34774000000000005,0.6225100000000001,1.36857,-0.13706999999999997,0.70348,1.07241,0.64436,0.6363800000000001,1.3054600000000003,-0.013570000000000002,0.91027,1.1970199999999998,0.6308900000000001,0.9034600000000002,1.2595400000000003
0.1706,0.6193,1.3853600000000001,0.21888999999999997,0.57065,0.07754,0.16163000000000002,1.5698599999999998,0.92417,0.09936,0.76022,0.41149,0.21243999999999996,1.18121,0.98635,0.09349999999999997,0.73003,0.8174099999999996,0.25628,0.7956400000000001,0.8731000000000001,-0.00268,0.6186,1.32652,0.34524,0.6123900000000001,1.3685700000000003,-0.13168,0.70136,1.0650899999999999,0.6423,0.61815,1.3062200000000002,-0.011299999999999998,0.90971,1.19014,0.6402299999999999,0.8851800000000001,1.2581600000000002
0.16769999999999996,0.60997,1.3880399999999997,0.22002,0.56994,0.07708000000000001,0.15707,1.56602,0.91278,0.09871999999999999,0.75056,0.41533000000000003,0.21019,1.17444,0.9494199999999999,0.09357999999999997,0.71049,0.8204000000000001,0.25602,0.7804,0.8717,-0.00257,0.61108,1.3249800000000003,0.34276000000000006,0.6013500000000002,1.3717500000000002,-0.12495000000000002,0.6974399999999998,1.06153,0.63942,0.60374,1.30736,-0.00897,0.91151,1.1809500000000002,0.6494099999999999,0.8702100000000002,1.25719
0.16517000000000004,0.5997,1.3948600000000004,0.21950999999999998,0.56878,0.07777,0.15705,1.5541200000000002,0.88721,0.09677999999999998,0.74153,0.41958,0.21233000000000002,1.1629,0.92448,0.09446,0.6918200000000001,0.8236100000000002,0.25651,0.7644900000000001,0.87222,-0.00374,0.60171,1.32767,0.34047000000000005,0.59249,1.37828,-0.11814999999999998,0.69277,1.06223,0.63615,0.59234,1.30947,-0.00858,0.91592,1.17057,0.65781,0.85766,1.2569399999999997
0.16389999999999996,0.58938,1.4040300000000001,0.21931999999999996,0.5674200000000001,0.07830999999999999,0.16061,1.5315599999999998,0.8401499999999997,0.09569999999999998,0.7309,0.42433999999999994,0.21802,1.1457,0.9130599999999999,0.09669999999999998,0.6722500000000001,0.82717,0.25928000000000007,0.7455800000000001,0.87295,-0.00451,0.59009,1.3325300000000004,0.33974000000000004,0.58388,1.38636,-0.11173,0.68611,1.06584,0.6341600000000001,0.5841500000000001,1.31236,-0.0071,0.9158200000000001,1.1649600000000002,0.6670800000000001,0.8478600000000001,1.25764
0.16354,0.58115,1.41388,0.21952,0.56637,0.07809,0.16996000000000003,1.4947400000000002,0.77739,0.09704999999999997,0.72015,0.4289499999999999,0.21989999999999998,1.1238300000000003,0.9093799999999999,0.10046999999999998,0.6529200000000001,0.8304199999999999,0.26450999999999997,0.7235,0.8752899999999999,-0.004590000000000001,0.58032,1.33875,0.34064,0.5750899999999999,1.3948000000000003,-0.10852,0.6738300000000002,1.0698700000000003,0.6338299999999999,0.57865,1.3160999999999998,-0.0079,0.9081000000000001,1.1622399999999997,0.6764100000000001,0.8406199999999999,1.2597200000000002
0.16390999999999997,0.5746400000000002,1.4246699999999999,0.21950999999999998,0.56526,0.07813,0.18005999999999997,1.4424400000000002,0.7091599999999999,0.10140999999999997,0.70968,0.43441000000000013,0.21793999999999997,1.1011400000000002,0.9080899999999997,0.10359,0.6341299999999999,0.8344200000000002,0.26885,0.7010799999999999,0.8803600000000003,-0.0045,0.57454,1.3465100000000003,0.34216999999999986,0.5672600000000001,1.40415,-0.10963999999999999,0.6568899999999999,1.07447,0.6338500000000002,0.5744499999999999,1.3203100000000003,-0.012819999999999996,0.8960199999999999,1.15803,0.6836300000000001,0.8351799999999999,1.2640400000000005
0.16395999999999997,0.5682299999999999,1.4356999999999998,0.22046000000000002,0.5649599999999999,0.07868,0.19253999999999996,1.3752000000000002,0.6412100000000001,0.10867999999999997,0.6999,0.4406700000000001,0.21681,1.0800099999999997,0.9053499999999999,0.10587999999999999,0.6166299999999999,0.8391299999999999,0.27247,0.68013,0.8851499999999999,-0.005639999999999999,0.56908,1.3556400000000002,0.34374999999999994,0.5611,1.41334,-0.11104999999999998,0.6441000000000001,1.0816,0.63415,0.57182,1.32548,-0.015409999999999998,0.8869099999999998,1.1553400000000003,0.6885599999999998,0.83172,1.26966
0.16464000000000004,0.56219,1.4459600000000001,0.22168999999999994,0.56453,0.07914,0.20876,1.2947900000000003,0.5777799999999998,0.11616,0.6894100000000001,0.44658000000000003,0.21758000000000002,1.05897,0.89686,0.10874,0.6003300000000001,0.84372,0.2772200000000001,0.65924,0.88899,-0.006770000000000001,0.5618599999999999,1.36469,0.34496,0.55575,1.42156,-0.11176999999999995,0.6326099999999999,1.08935,0.63443,0.5699799999999999,1.3311899999999999,-0.01615,0.8783000000000001,1.1528800000000001,0.6918699999999999,0.8293899999999998,1.2761499999999997
0.16556,0.5561199999999998,1.4553,0.22156999999999996,0.56346,0.08005999999999999,0.22520999999999997,1.2045,0.5211999999999999,0.12115,0.6774500000000001,0.45244000000000006,0.21951000000000004,1.03699,0.88093,0.11060999999999999,0.58404,0.84851,0.28123000000000004,0.63765,0.8922899999999999,-0.00694,0.55515,1.3730400000000003,0.34523,0.55073,1.4293800000000003,-0.11395,0.6193600000000001,1.09688,0.6336000000000002,0.56856,1.33618,-0.01875,0.86745,1.15101,0.69351,0.82795,1.28377
0.16628,0.5496,1.46387,0.22035,0.56167,0.08123,0.24199000000000004,1.10777,0.47168,0.12349,0.6645700000000001,0.45776000000000006,0.22244000000000003,1.0152400000000001,0.85711,0.11090999999999998,0.56834,0.8531,0.2833399999999999,0.6174300000000001,0.8950699999999998,-0.007200000000000001,0.54955,1.38043,0.34484000000000004,0.54406,1.43552,-0.11731999999999998,0.60641,1.1038799999999998,0.63239,0.56761,1.3410599999999997,-0.02254,0.8559899999999998,1.1514999999999997,0.69383,0.8272399999999999,1.2916800000000002
0.16683000000000003,0.5426400000000002,1.47103,0.21835000000000002,0.5586600000000002,0.08203000000000002,0.25917,1.0066400000000002,0.4326899999999999,0.12398,0.6499500000000001,0.46216999999999997,0.22399999999999998,0.9945199999999998,0.8277999999999999,0.11004,0.55305,0.8573,0.28367000000000003,0.6005700000000002,0.8959999999999999,-0.00929,0.54194,1.38637,0.34423999999999993,0.53485,1.43987,-0.12029999999999999,0.5940100000000001,1.10923,0.63127,0.56529,1.34582,-0.028019999999999996,0.84501,1.1542299999999999,0.6902999999999999,0.8261000000000001,1.29983
0.16639,0.53704,1.4763500000000003,0.21485999999999994,0.5564400000000002,0.08241,0.27560000000000007,0.9038299999999999,0.40487000000000006,0.12212999999999999,0.6348100000000001,0.46582,0.22757999999999995,0.9724200000000001,0.7927999999999998,0.10875999999999997,0.53745,0.8608599999999998,0.28314,0.58541,0.8954900000000001,-0.011160000000000002,0.53439,1.3905700000000003,0.34307000000000004,0.5271899999999999,1.44431,-0.12325000000000001,0.5835800000000001,1.1133400000000002,0.62954,0.56234,1.3502,-0.032630000000000006,0.8355000000000001,1.1564999999999999,0.68374,0.8248399999999999,1.3080100000000001
0.16532000000000002,0.5320199999999999,1.4808700000000001,0.21125000000000002,0.5555799999999999,0.08381,0.29143,0.80156,0.38587,0.11684,0.62285,0.46892,0.23865999999999998,0.9451200000000001,0.7520699999999999,0.10824999999999999,0.5234999999999999,0.8635899999999997,0.28362,0.5697999999999999,0.89533,-0.01108,0.52956,1.3942200000000002,0.34192,0.5204,1.44885,-0.12579,0.57467,1.11737,0.6273899999999999,0.5616000000000001,1.35413,-0.03431000000000001,0.8269099999999998,1.15669,0.67965,0.82525,1.3169000000000002
0.16454000000000002,0.52645,1.4843699999999997,0.21049999999999994,0.55517,0.08506,0.30127000000000004,0.7038799999999998,0.37458,0.11226999999999998,0.6134,0.47067999999999993,0.24952999999999997,0.9132799999999999,0.7077099999999998,0.10789999999999998,0.5125699999999999,0.86505,0.2844,0.55626,0.8940799999999999,-0.01115,0.5261199999999999,1.39718,0.3415099999999999,0.5139100000000001,1.4516599999999997,-0.12797999999999998,0.5668199999999999,1.12054,0.6264200000000001,0.56058,1.3578200000000002,-0.035140000000000005,0.8191199999999997,1.15611,0.67679,0.82543,1.32707
0.16334,0.5208700000000002,1.48619,0.20961,0.55459,0.08527000000000001,0.30648000000000003,0.6117,0.36698,0.11047,0.6065899999999999,0.4715499999999999,0.25817999999999997,0.87523,0.6597400000000001,0.10717,0.50351,0.8653499999999998,0.28456999999999993,0.5452200000000001,0.8916899999999999,-0.011280000000000002,0.5210899999999999,1.3981399999999995,0.34196000000000004,0.5086600000000001,1.4532600000000002,-0.12966,0.55844,1.1216800000000002,0.62705,0.5580899999999999,1.36135,-0.03709,0.8112399999999997,1.15434,0.67342,0.82441,1.33807
0.16122,0.51557,1.4864700000000004,0.20809999999999995,0.5535399999999999,0.08534000000000001,0.30988999999999994,0.52412,0.36060999999999993,0.10917000000000002,0.6014899999999999,0.4722,0.26744000000000007,0.8283599999999998,0.6118699999999999,0.10575,0.49549,0.8652199999999999,0.2842799999999999,0.5340900000000001,0.8885199999999999,-0.01133,0.5144399999999999,1.3974899999999997,0.34224,0.50322,1.45382,-0.13097999999999999,0.5495000000000001,1.1212699999999998,0.62785,0.55531,1.3650600000000002,-0.039009999999999996,0.80298,1.15008,0.6699499999999999,0.8228499999999999,1.34851
0.15923000000000004,0.51004,1.4849900000000003,0.20857,0.55241,0.08602999999999998,0.30892,0.44342999999999994,0.35252999999999995,0.10761000000000001,0.5965399999999998,0.47282,0.27665,0.7744699999999999,0.56902,0.10416,0.48741000000000007,0.8649799999999999,0.28413,0.5213099999999999,0.8840799999999999,-0.01243,0.50648,1.39577,0.34193000000000007,0.4972,1.4525500000000002,-0.13139999999999996,0.5419899999999999,1.11932,0.6280700000000001,0.55349,1.36818,-0.03672000000000001,0.79471,1.1458600000000003,0.6648700000000001,0.82212,1.3577500000000002
0.15869000000000003,0.50368,1.48192,0.20841999999999994,0.5519500000000002,0.08635,0.30467999999999995,0.3699299999999999,0.34054,0.10516999999999999,0.5942299999999999,0.4727299999999999,0.28402,0.7164099999999999,0.5329500000000001,0.10303000000000001,0.47948999999999997,0.8632999999999998,0.28421,0.50809,0.87938,-0.01382,0.49702,1.3922200000000002,0.34172,0.4914399999999999,1.44984,-0.13084,0.5340400000000001,1.1151399999999998,0.6283000000000001,0.5519799999999999,1.37005,-0.0323,0.78526,1.1419899999999998,0.65952,0.82148,1.3658200000000003
0.15884999999999996,0.49682000000000004,1.47857,0.20810000000000003,0.55236,0.08573000000000001,0.29866000000000004,0.30233,0.32106,0.10261999999999999,0.5948400000000001,0.4714900000000001,0.2904,0.6547300000000001,0.50338,0.10235,0.47246,0.85974,0.28473,0.4934299999999999,0.8739999999999998,-0.014779999999999996,0.48868,1.3873500000000003,0.34147000000000005,0.48521999999999993,1.4461500000000003,-0.12992,0.5250199999999999,1.1094,0.6282699999999999,0.55022,1.3707600000000002,-0.030729999999999997,0.7758699999999998,1.1373000000000002,0.65458,0.8202699999999998,1.3734800000000003
0.15721000000000002,0.49061999999999995,1.47462,0.20836000000000002,0.5529699999999999,0.085,0.28886,0.24306999999999998,0.2934800000000001,0.10168000000000002,0.59611,0.47037,0.29490000000000005,0.5925300000000001,0.48144999999999993,0.10285,0.46612,0.8561299999999998,0.28624,0.47683,0.8686799999999999,-0.014869999999999998,0.48231,1.3823900000000002,0.34101999999999993,0.47792,1.4417,-0.1278,0.5151200000000001,1.1030900000000001,0.62742,0.5490599999999999,1.3704400000000003,-0.030589999999999996,0.7666500000000002,1.13178,0.64973,0.8192999999999999,1.3802500000000002
0.15609,0.48539,1.47013,0.20851999999999998,0.55298,0.08396000000000002,0.27596999999999994,0.19295000000000004,0.25957,0.10255,0.5976799999999999,0.46934,0.29603,0.53199,0.4648599999999999,0.10486999999999998,0.45955,0.8522600000000001,0.28870999999999997,0.4599800000000001,0.8625599999999999,-0.01322,0.47613,1.3771,0.3403,0.47149,1.43735,-0.12459,0.5055100000000001,1.09679,0.6256000000000002,0.54925,1.3686300000000002,-0.03198999999999999,0.7587699999999998,1.12543,0.6432,0.8195299999999998,1.38484
0.15618,0.48039000000000004,1.46535,0.20951999999999998,0.5526400000000001,0.08218,0.261,0.15155,0.22085000000000002,0.10358,0.5987300000000001,0.46741,0.29692,0.4728000000000001,0.45107,0.10689,0.45198,0.8471,0.29068,0.44336999999999993,0.8541799999999999,-0.012410000000000001,0.4687700000000001,1.37004,0.33968,0.4662200000000001,1.4326099999999997,-0.12197999999999998,0.49661,1.08887,0.6242399999999999,0.5479,1.3654,-0.030400000000000003,0.75008,1.11896,0.63564,0.8182100000000001,1.3860199999999998
0.15594000000000002,0.47489000000000003,1.4595599999999997,0.20998,0.5524099999999998,0.08028999999999999,0.24492,0.12206999999999998,0.17948,0.10506999999999997,0.59914,0.46572,0.29655,0.41665,0.4403500000000001,0.10788,0.44283000000000006,0.8415799999999999,0.29124,0.42633999999999983,0.84443,-0.012249999999999999,0.4605899999999999,1.3616199999999998,0.3388300000000001,0.46082999999999996,1.4267600000000003,-0.11992,0.48696,1.07957,0.6230100000000001,0.5445900000000001,1.3605300000000002,-0.02932,0.7403900000000001,1.1127800000000005,0.62989,0.81474,1.3850200000000001
0.15570000000000003,0.46952999999999995,1.4528499999999998,0.20924999999999996,0.55235,0.07884,0.22850999999999996,0.10242000000000001,0.14355999999999997,0.10527,0.5982900000000001,0.46461,0.29203,0.36596,0.4334,0.10841,0.43218,0.8362499999999998,0.29098999999999997,0.40832999999999997,0.8354099999999998,-0.01258,0.45391999999999993,1.3527399999999998,0.33787,0.4543800000000001,1.4206000000000003,-0.11788000000000001,0.47707999999999995,1.0695199999999998,0.62071,0.5413499999999999,1.35277,-0.029559999999999996,0.73098,1.1052,0.6258,0.8110199999999999,1.38236
0.15614,0.46468999999999994,1.4458199999999999,0.20852999999999994,0.5525800000000001,0.07812000000000001,0.2122,0.08626999999999999,0.12102000000000002,0.10526999999999999,0.5994900000000001,0.4639700000000001,0.28579999999999994,0.3251800000000001,0.42925,0.10962,0.42172999999999994,0.8301600000000001,0.29107,0.3905399999999999,0.8281400000000001,-0.01227,0.44836000000000004,1.3437600000000005,0.33809000000000006,0.4472,1.4145600000000003,-0.11586,0.46774,1.05963,0.6185500000000002,0.53811,1.34218,-0.027199999999999995,0.7211,1.09821,0.6188399999999998,0.80734,1.3759699999999995
0.15712,0.4596199999999999,1.4383599999999999,0.20794999999999997,0.55245,0.07796,0.19751999999999997,0.07318000000000001,0.10601,0.10810999999999998,0.6028900000000001,0.46427,0.27929000000000004,0.29335,0.42591,0.11166000000000001,0.4106099999999999,0.8230599999999999,0.29178,0.37244,0.82214,-0.010900000000000002,0.44159999999999994,1.3353900000000005,0.33918000000000004,0.43951,1.40738,-0.1128,0.45712,1.0504099999999998,0.61692,0.5340599999999999,1.3294,-0.0239,0.71004,1.0912599999999997,0.60897,0.8027499999999999,1.36633
0.15719999999999998,0.45482,1.4302299999999997,0.20762999999999998,0.5520399999999999,0.07762999999999999,0.18728,0.06646000000000002,0.09083,0.11347000000000002,0.60443,0.46509999999999996,0.27360999999999996,0.268,0.42162,0.1139,0.39766999999999997,0.8157700000000001,0.29285,0.35432,0.8160699999999999,-0.00935,0.43461,1.32656,0.34030000000000005,0.43032,1.3989100000000003,-0.10975,0.44722999999999996,1.04091,0.6149900000000001,0.5287000000000001,1.3150900000000003,-0.020469999999999995,0.6999900000000001,1.08192,0.6005299999999998,0.7967,1.3549900000000001
0.15798000000000004,0.45016,1.4223600000000003,0.20859999999999995,0.5520299999999999,0.07713,0.18174,0.06030000000000001,0.08016,0.11896999999999999,0.60314,0.4658399999999999,0.27299,0.24971999999999997,0.41674999999999995,0.11662000000000002,0.38408,0.80895,0.29452,0.33665,0.8109400000000001,-0.00825,0.42956999999999995,1.3181200000000002,0.34087,0.4206,1.39005,-0.10637999999999997,0.4404299999999999,1.0316,0.61318,0.52042,1.30037,-0.012090000000000002,0.6910999999999998,1.07415,0.5926200000000001,0.7877399999999999,1.3421
0.15935,0.44582999999999995,1.41489,0.21082,0.5523600000000001,0.07656,0.18157000000000006,0.052989999999999995,0.07675000000000001,0.12484,0.60026,0.4665100000000001,0.27814000000000005,0.23954999999999999,0.4134499999999999,0.11959999999999998,0.37156999999999996,0.80324,0.29655999999999993,0.32101,0.80897,-0.007429999999999999,0.42482,1.3102600000000002,0.33995,0.41205999999999987,1.3826199999999997,-0.10263999999999998,0.4337,1.0226900000000003,0.60947,0.51203,1.28503,-0.0014700000000000002,0.6812799999999999,1.06749,0.58077,0.77846,1.32767
0.16065,0.44306999999999996,1.4094600000000002,0.21353999999999998,0.55251,0.07647999999999999,0.18527,0.050199999999999995,0.07582000000000001,0.13145999999999997,0.5960700000000001,0.4677700000000001,0.28669999999999995,0.23519999999999996,0.4119499999999998,0.12158,0.35984,0.79915,0.29793,0.30788000000000004,0.80945,-0.007429999999999999,0.42099,1.3041800000000001,0.3398600000000001,0.40278,1.37797,-0.09893999999999997,0.42468999999999996,1.0153,0.60384,0.50449,1.26782,0.00618,0.6708,1.05909,0.5638100000000001,0.76938,1.3109000000000002
0.1618,0.4407,1.4073899999999997,0.21535,0.5527799999999999,0.07656,0.18893,0.04951,0.07569000000000001,0.13737,0.59128,0.46922,0.29529000000000005,0.23119999999999996,0.4121,0.12432000000000001,0.34982,0.7967,0.30015,0.29705,0.8109099999999998,-0.00729,0.4182699999999999,1.3011900000000003,0.34037,0.39368999999999993,1.3746599999999998,-0.09428,0.4169999999999999,1.0109,0.5982800000000001,0.49440000000000006,1.2501699999999998,0.01723,0.66019,1.05517,0.5480900000000001,0.7578199999999999,1.2915699999999997
0.16235000000000002,0.43658,1.4068700000000003,0.21595999999999999,0.5533200000000001,0.07706,0.18910999999999997,0.048170000000000004,0.07575000000000001,0.14047999999999997,0.5859300000000001,0.47074,0.29825,0.22447,0.41413,0.12764000000000003,0.34159,0.7960799999999999,0.30296,0.28801,0.8133199999999999,-0.00764,0.41453,1.30132,0.3400099999999999,0.38599,1.37305,-0.08822000000000002,0.4090400000000001,1.0092300000000003,0.5926,0.4800000000000001,1.23334,0.02715,0.6506299999999999,1.0524400000000003,0.5347900000000001,0.74245,1.2707100000000002
0.16138,0.4317,1.40735,0.21555,0.55322,0.07755,0.18745,0.046939999999999996,0.07567,0.14318,0.5794700000000002,0.4722899999999999,0.29564,0.21722,0.4174199999999999,0.13162,0.33448,0.7971999999999999,0.30626999999999993,0.2795400000000001,0.8166900000000001,-0.00796,0.41096000000000005,1.30291,0.33903,0.37895999999999996,1.37407,-0.08173000000000001,0.39981,1.0091900000000003,0.5841,0.46230999999999994,1.2154599999999998,0.03481000000000001,0.64139,1.0492,0.5202400000000001,0.72398,1.2481900000000001
0.16034,0.42695,1.4101699999999997,0.21449999999999997,0.55289,0.07816,0.18699,0.0464,0.07615999999999999,0.14667999999999998,0.5717800000000001,0.47412999999999994,0.29162000000000005,0.21154999999999996,0.42152,0.13564999999999997,0.32766,0.79969,0.30942000000000003,0.27061,0.82102,-0.00822,0.40879,1.3061600000000002,0.33698000000000006,0.37316,1.37636,-0.07558,0.39159999999999995,1.01119,0.57222,0.44492000000000004,1.1983800000000002,0.044840000000000005,0.6320100000000001,1.0464300000000002,0.5010399999999999,0.7053499999999999,1.2254699999999998
0.15987,0.42389999999999983,1.41453,0.21387000000000003,0.55245,0.07960999999999999,0.18778,0.04631,0.07671999999999998,0.15056,0.5637200000000001,0.4766100000000001,0.2888200000000001,0.20692999999999998,0.4252699999999999,0.13808000000000004,0.32122,0.8033299999999998,0.31101000000000006,0.2618400000000001,0.8251500000000003,-0.008629999999999999,0.40745999999999993,1.3098900000000002,0.33480000000000004,0.36827000000000004,1.37838,-0.06996999999999999,0.38577999999999996,1.01391,0.5596300000000001,0.4281100000000001,1.1833700000000003,0.056660000000000016,0.6236799999999999,1.044,0.48501000000000005,0.68807,1.20519
0.15893000000000002,0.42191,1.4186599999999998,0.21352,0.55159,0.08091999999999999,0.18832999999999994,0.04633,0.07723999999999999,0.15441,0.55497,0.4787100000000001,0.28702000000000005,0.20234,0.42854,0.13891000000000003,0.31603,0.80792,0.3111300000000001,0.25429,0.8287100000000001,-0.00869,0.4063899999999999,1.31283,0.33412000000000003,0.36309,1.38183,-0.06344,0.38107,1.01584,0.5456,0.41041000000000005,1.1692299999999998,0.06872,0.61623,1.0435900000000002,0.47026,0.6707,1.1833300000000002
0.1586,0.41979,1.4221600000000003,0.21270999999999998,0.55063,0.0813,0.18878000000000003,0.04584,0.07795,0.15772,0.54548,0.47966000000000003,0.28580000000000005,0.19714000000000004,0.43178000000000005,0.13884000000000002,0.31238000000000005,0.81286,0.31052,0.24861,0.8319600000000001,-0.00857,0.40412000000000003,1.3158499999999997,0.33424,0.35936999999999997,1.3862200000000002,-0.05837,0.37544999999999995,1.0183,0.5297599999999999,0.39117999999999997,1.15617,0.07995,0.60716,1.04507,0.45691,0.65248,1.1621800000000002
0.15995999999999996,0.4182699999999999,1.4252400000000003,0.21212,0.54978,0.08131999999999999,0.18906,0.04540000000000001,0.0784,0.15979999999999997,0.5373500000000001,0.47989000000000004,0.28442,0.19157999999999997,0.43482,0.13887,0.30968000000000007,0.8166999999999999,0.31017,0.24461999999999998,0.83474,-0.008030000000000002,0.40231000000000006,1.3192300000000003,0.33433,0.35615,1.38905,-0.05474,0.3706499999999999,1.02148,0.51308,0.3720800000000001,1.14419,0.08990999999999998,0.59845,1.04839,0.44432,0.6345499999999998,1.14268
0.16205,0.41715,1.42724,0.21206,0.5489500000000002,0.08104000000000001,0.18920000000000003,0.04456,0.07881,0.1611,0.53042,0.4795499999999999,0.28279999999999994,0.18664999999999998,0.43734,0.13829000000000002,0.3071,0.81914,0.30951000000000006,0.24175,0.8369199999999999,-0.005819999999999999,0.40025,1.3223800000000003,0.33543000000000006,0.35329999999999995,1.3904,-0.05124,0.36529000000000006,1.0248,0.49734999999999996,0.35606999999999994,1.1336199999999999,0.0988,0.5897,1.05066,0.42951,0.6186100000000001,1.1240100000000002
0.16415,0.41566,1.4289200000000002,0.21228999999999998,0.54923,0.08075,0.18908999999999995,0.04404,0.07878,0.16247999999999999,0.52378,0.47902,0.28151999999999994,0.18283999999999997,0.4389,0.13714,0.30415000000000003,0.82083,0.30867,0.23951,0.8382299999999999,-0.0030299999999999997,0.39701,1.32557,0.33719000000000005,0.3518,1.3908900000000004,-0.04918999999999999,0.35972000000000004,1.02839,0.48377999999999993,0.3414799999999999,1.1252400000000002,0.10605000000000002,0.5808199999999999,1.05186,0.41554,0.60345,1.1068600000000002
0.16687,0.41375999999999996,1.4314100000000003,0.21348,0.54982,0.08039,0.18848000000000004,0.04404,0.0784,0.16357,0.518,0.4781800000000001,0.28012000000000004,0.18008,0.43977,0.13627999999999998,0.30165,0.8219399999999999,0.30793999999999994,0.23723999999999998,0.83898,-0.0013,0.39357999999999993,1.3282300000000002,0.33946,0.34963,1.3904799999999997,-0.04664,0.3578100000000001,1.0307299999999997,0.47312,0.32777,1.1187799999999999,0.11335,0.57555,1.05379,0.40565,0.58915,1.09132
0.1694,0.41131000000000006,1.43356,0.21454,0.5498700000000001,0.07982000000000002,0.188,0.04409,0.07787999999999999,0.16395000000000004,0.51255,0.47705,0.27822,0.17846000000000004,0.44023,0.13518,0.2996500000000001,0.8228199999999998,0.30674,0.23488,0.8394999999999999,0.00046999999999999993,0.39122,1.3308399999999998,0.3419400000000001,0.34721,1.3896299999999997,-0.042980000000000004,0.35884,1.03268,0.4644499999999999,0.31618000000000007,1.11361,0.12104,0.5735999999999999,1.05531,0.39574,0.57613,1.0771299999999997
0.17218999999999998,0.40909,1.4346199999999998,0.21438,0.5497800000000002,0.07956000000000002,0.18832,0.0442,0.07773,0.16442,0.5072999999999999,0.4763599999999999,0.27725,0.17777,0.4407,0.13424,0.2975499999999999,0.8239300000000002,0.3055,0.23194000000000004,0.8402899999999998,0.0026099999999999995,0.39021,1.3332399999999998,0.34460999999999997,0.34474,1.38849,-0.04043000000000001,0.36088,1.0347,0.45785999999999993,0.30835999999999997,1.10918,0.12843,0.57187,1.0572699999999997,0.38273999999999997,0.56549,1.06604
0.17545,0.40713999999999995,1.4352,0.21468,0.54974,0.07912,0.18885999999999997,0.04388,0.07789999999999998,0.16509,0.50268,0.4754400000000001,0.27723999999999993,0.17701,0.44116999999999995,0.13350000000000006,0.29575,0.82458,0.30437999999999993,0.22918000000000005,0.8411099999999998,0.005159999999999999,0.38897000000000004,1.33511,0.34676000000000007,0.34112000000000003,1.3867499999999997,-0.03882,0.36200000000000004,1.0364799999999998,0.45279,0.30352999999999997,1.10478,0.13526,0.56868,1.05925,0.37184000000000006,0.55817,1.05755
0.17842000000000002,0.4046399999999999,1.43564,0.21507000000000004,0.5498399999999999,0.07882,0.18946999999999997,0.04386,0.07822000000000001,0.165,0.49844,0.47454,0.27727,0.17605999999999997,0.44195999999999996,0.13269,0.29391999999999996,0.8250299999999999,0.30337999999999987,0.22702000000000003,0.8421299999999998,0.007519999999999999,0.38776,1.3370299999999997,0.34886,0.33685,1.3849000000000002,-0.03701,0.36339,1.0382600000000002,0.44846,0.29985999999999996,1.1005199999999997,0.13927,0.56816,1.06133,0.36326,0.55271,1.05116
0.18118999999999993,0.40186999999999995,1.4361200000000003,0.21544999999999997,0.5500899999999999,0.07884000000000001,0.18963,0.044160000000000005,0.07837999999999999,0.16404000000000002,0.4954599999999999,0.47396,0.27737,0.17571,0.44237000000000004,0.13157000000000002,0.2925000000000001,0.82533,0.30236999999999997,0.22596,0.8426999999999999,0.00883,0.38760000000000006,1.33862,0.35140000000000005,0.33349,1.38323,-0.03588,0.36606,1.0396599999999998,0.4455999999999999,0.29680000000000006,1.09697,0.14140999999999998,0.56982,1.0640099999999997,0.35719,0.5485099999999999,1.04744
0.18348000000000003,0.39968999999999993,1.43651,0.21479999999999994,0.54999,0.07876,0.1896,0.04389,0.0785,0.16282999999999997,0.49315,0.47349,0.27726,0.17591,0.44233999999999996,0.13035999999999998,0.29157,0.8256599999999998,0.30128000000000005,0.22526999999999997,0.8428399999999999,0.010000000000000002,0.38764999999999994,1.34028,0.35333000000000003,0.33146,1.382,-0.03567,0.3693,1.0412500000000002,0.44338,0.29561,1.0943,0.14325999999999997,0.5715499999999999,1.06607,0.3513,0.54643,1.04703
0.18630000000000002,0.39837000000000006,1.4366400000000001,0.21339,0.5496,0.07864,0.18937,0.04360000000000001,0.07874999999999999,0.16208,0.49119999999999997,0.47323,0.2773,0.17615,0.44234,0.12949,0.29028999999999994,0.82577,0.30045999999999995,0.22411999999999996,0.8430499999999999,0.01133,0.38747999999999994,1.3417,0.3552799999999999,0.32874000000000003,1.38118,-0.034809999999999994,0.37296000000000007,1.04253,0.44193000000000005,0.29557,1.09212,0.14512,0.5743,1.0675499999999998,0.34629,0.54596,1.04994
0.18953000000000003,0.39642000000000005,1.4373700000000003,0.21273,0.5497099999999999,0.07869000000000001,0.18889,0.043809999999999995,0.07884,0.16137000000000004,0.4888299999999999,0.47291000000000005,0.27731000000000006,0.17704,0.4420600000000001,0.1284,0.28903999999999996,0.82605,0.29942,0.22296999999999997,0.84308,0.012029999999999999,0.38811999999999997,1.34335,0.35684999999999995,0.32577,1.3808800000000003,-0.03323999999999999,0.37698,1.04391,0.44154,0.2961799999999999,1.09086,0.1482,0.57652,1.07227,0.34445,0.5469399999999999,1.0545699999999998
0.19156,0.3937799999999999,1.4385400000000004,0.21208,0.5495900000000001,0.07859,0.18896999999999997,0.04397,0.07867999999999999,0.16075,0.48667000000000005,0.47249,0.27744,0.1782,0.44152,0.127,0.28831,0.82636,0.29793,0.22185999999999997,0.84287,0.013399999999999999,0.38881000000000004,1.3452799999999998,0.35729,0.32467,1.38028,-0.03201,0.38099000000000005,1.04576,0.44162,0.29824999999999996,1.0898499999999998,0.15179,0.57746,1.07973,0.34378,0.54953,1.0596699999999997
0.19288,0.39179999999999987,1.43912,0.21167999999999998,0.54942,0.07859,0.18885999999999994,0.044240000000000015,0.07876,0.1607,0.48567000000000005,0.4724,0.27824000000000004,0.17859,0.44132999999999994,0.12583,0.28786000000000006,0.8264800000000001,0.29645,0.22061000000000003,0.8429700000000001,0.015859999999999996,0.38862,1.34725,0.3584100000000001,0.32305,1.3801900000000002,-0.03187000000000001,0.38775,1.04799,0.4424199999999999,0.30155,1.0892499999999998,0.15428000000000003,0.5811299999999999,1.0865900000000002,0.34387000000000006,0.5532100000000001,1.0652000000000001
0.19452000000000005,0.3900199999999999,1.4395100000000003,0.21185999999999994,0.5498399999999999,0.07917,0.18855000000000005,0.044910000000000005,0.07934000000000001,0.16048999999999997,0.48509,0.47276000000000007,0.27879999999999994,0.17949999999999997,0.44161000000000006,0.12534,0.28734,0.8268400000000001,0.29566999999999993,0.21944000000000002,0.8435199999999999,0.01711,0.38801,1.34851,0.36045,0.32141,1.3807300000000002,-0.03142,0.39547,1.04946,0.44370999999999994,0.3062800000000001,1.08918,0.15591000000000002,0.58674,1.09263,0.34379,0.5578700000000001,1.0707
0.19654,0.38876,1.4398100000000003,0.21190999999999996,0.5501500000000001,0.07973,0.18869999999999998,0.04512,0.07958,0.16056,0.48447000000000007,0.47317,0.27892000000000006,0.18079,0.44144999999999995,0.12486000000000004,0.28714,0.82744,0.29516,0.219,0.8435600000000001,0.017799999999999996,0.38792000000000004,1.34882,0.362,0.3208,1.3811500000000003,-0.03049,0.4034699999999999,1.05005,0.44515,0.31135,1.08934,0.15762000000000004,0.5925300000000001,1.0991399999999998,0.34407000000000004,0.56287,1.07746
0.1987,0.38811000000000007,1.44023,0.21132,0.55007,0.08007000000000002,0.18825999999999998,0.045110000000000004,0.0792,0.1611,0.48453999999999997,0.47369,0.27882,0.18207000000000004,0.44050000000000006,0.12358999999999998,0.28748,0.82791,0.29375000000000007,0.21871000000000002,0.8427999999999998,0.01894,0.38925999999999994,1.3497599999999998,0.36235,0.31933,1.3811799999999999,-0.030330000000000003,0.40971999999999986,1.0514500000000002,0.44667,0.3170200000000001,1.0895500000000005,0.15743,0.5978,1.1054199999999996,0.34540999999999994,0.56872,1.08555
0.19954999999999998,0.38695999999999997,1.44099,0.21131,0.5499099999999998,0.08094,0.18831999999999993,0.04458999999999999,0.07923,0.16114,0.4852099999999999,0.4747,0.27852,0.18301,0.4400599999999999,0.12218999999999997,0.28776,0.82855,0.29213999999999996,0.21828999999999998,0.84253,0.02021,0.3910599999999999,1.35061,0.3629799999999999,0.31747,1.3805899999999998,-0.029720000000000003,0.4141499999999999,1.05259,0.44875999999999994,0.32452,1.08946,0.15694999999999998,0.6016699999999999,1.11199,0.34583,0.5755300000000001,1.0940599999999998
0.20067000000000002,0.3860100000000001,1.4414100000000003,0.21065000000000003,0.54977,0.08172000000000001,0.18921000000000002,0.044640000000000006,0.07956000000000002,0.16046,0.48621000000000003,0.47566000000000014,0.27785000000000004,0.18322000000000005,0.4407100000000001,0.12101,0.28783000000000003,0.8289300000000002,0.29090000000000005,0.21829000000000007,0.8432199999999999,0.021330000000000002,0.39265000000000005,1.3518500000000002,0.36453,0.31682,1.3803100000000001,-0.02693000000000001,0.41896000000000005,1.05383,0.45154000000000005,0.33268000000000003,1.0899,0.15921000000000005,0.60481,1.11979,0.3457300000000001,0.5821800000000001,1.10329
0.20289,0.38499,1.44204,0.20797,0.5501,0.08204,0.18933,0.04517,0.07931,0.15955,0.48798,0.47642,0.27715,0.18296,0.44096,0.11988,0.28846,0.82903,0.2897,0.21875,0.84342,0.02167,0.3923,1.35299,0.3666,0.31608,1.38046,-0.02436,0.42557,1.05531,0.45397,0.33935,1.09066,0.16214,0.60821,1.12878,0.34727,0.58781,1.11314
,,,,,,,,,,,,,,,,,,,,,,,,,,,,,,,,,,,,,,
,,,,,,,,,,,,,,,,,,,,,,,,,,,,,,,,,,,,,,
,,,,,,,,,,,,,,,,,,,,,,,,,,,,,,,,,,,,,,
,,,,,,,,,,,,,,,,,,,,,,,,,,,,,,,,,,,,,,
,,,,,,,,,,,,,,,,,,,,,,,,,,,,,,,,,,,,,,
,,,,,,,,,,,,,,,,,,,,,,,,,,,,,,,,,,,,,,
,,,,,,,,,,,,,,,,,,,,,,,,,,,,,,,,,,,,,,
,,,,,,,,,,,,,,,,,,,,,,,,,,,,,,,,,,,,,,
,,,,,,,,,,,,,,,,,,,,,,,,,,,,,,,,,,,,,,
,,,,,,,,,,,,,,,,,,,,,,,,,,,,,,,,,,,,,,
,,,,,,,,,,,,,,,,,,,,,,,,,,,,,,,,,,,,,,
,,,,,,,,,,,,,,,,,,,,,,,,,,,,,,,,,,,,,,
,,,,,,,,,,,,,,,,,,,,,,,,,,,,,,,,,,,,,,
,,,,,,,,,,,,,,,,,,,,,,,,,,,,,,,,,,,,,,
,,,,,,,,,,,,,,,,,,,,,,,,,,,,,,,,,,,,,,
,,,,,,,,,,,,,,,,,,,,,,,,,,,,,,,,,,,,,,
,,,,,,,,,,,,,,,,,,,,,,,,,,,,,,,,,,,,,,
,,,,,,,,,,,,,,,,,,,,,,,,,,,,,,,,,,,,,,
,,,,,,,,,,,,,,,,,,,,,,,,,,,,,,,,,,,,,,
,,,,,,,,,,,,,,,,,,,,,,,,,,,,,,,,,,,,,,
,,,,,,,,,,,,,,,,,,,,,,,,,,,,,,,,,,,,,,
,,,,,,,,,,,,,,,,,,,,,,,,,,,,,,,,,,,,,,
,,,,,,,,,,,,,,,,,,,,,,,,,,,,,,,,,,,,,,
,,,,,,,,,,,,,,,,,,,,,,,,,,,,,,,,,,,,,,
,,,,,,,,,,,,,,,,,,,,,,,,,,,,,,,,,,,,,,
,,,,,,,,,,,,,,,,,,,,,,,,,,,,,,,,,,,,,,
,,,,,,,,,,,,,,,,,,,,,,,,,,,,,,,,,,,,,,
,,,,,,,,,,,,,,,,,,,,,,,,,,,,,,,,,,,,,,
,,,,,,,,,,,,,,,,,,,,,,,,,,,,,,,,,,,,,,
,,,,,,,,,,,,,,,,,,,,,,,,,,,,,,,,,,,,,,
,,,,,,,,,,,,,,,,,,,,,,,,,,,,,,,,,,,,,,
,,,,,,,,,,,,,,,,,,,,,,,,,,,,,,,,,,,,,,
,,,,,,,,,,,,,,,,,,,,,,,,,,,,,,,,,,,,,,
,,,,,,,,,,,,,,,,,,,,,,,,,,,,,,,,,,,,,,
,,,,,,,,,,,,,,,,,,,,,,,,,,,,,,,,,,,,,,
,,,,,,,,,,,,,,,,,,,,,,,,,,,,,,,,,,,,,,
,,,,,,,,,,,,,,,,,,,,,,,,,,,,,,,,,,,,,,
,,,,,,,,,,,,,,,,,,,,,,,,,,,,,,,,,,,,,,
,,,,,,,,,,,,,,,,,,,,,,,,,,,,,,,,,,,,,,
,,,,,,,,,,,,,,,,,,,,,,,,,,,,,,,,,,,,,,
,,,,,,,,,,,,,,,,,,,,,,,,,,,,,,,,,,,,,,
,,,,,,,,,,,,,,,,,,,,,,,,,,,,,,,,,,,,,,
,,,,,,,,,,,,,,,,,,,,,,,,,,,,,,,,,,,,,,
,,,,,,,,,,,,,,,,,,,,,,,,,,,,,,,,,,,,,,
,,,,,,,,,,,,,,,,,,,,,,,,,,,,,,,,,,,,,,
,,,,,,,,,,,,,,,,,,,,,,,,,,,,,,,,,,,,,,
,,,,,,,,,,,,,,,,,,,,,,,,,,,,,,,,,,,,,,
,,,,,,,,,,,,,,,,,,,,,,,,,,,,,,,,,,,,,,
,,,,,,,,,,,,,,,,,,,,,,,,,,,,,,,,,,,,,,
,,,,,,,,,,,,,,,,,,,,,,,,,,,,,,,,,,,,,,
,,,,,,,,,,,,,,,,,,,,,,,,,,,,,,,,,,,,,,
,,,,,,,,,,,,,,,,,,,,,,,,,,,,,,,,,,,,,,
,,,,,,,,,,,,,,,,,,,,,,,,,,,,,,,,,,,,,,
,,,,,,,,,,,,,,,,,,,,,,,,,,,,,,,,,,,,,,
,,,,,,,,,,,,,,,,,,,,,,,,,,,,,,,,,,,,,,
,,,,,,,,,,,,,,,,,,,,,,,,,,,,,,,,,,,,,,
,,,,,,,,,,,,,,,,,,,,,,,,,,,,,,,,,,,,,,
,,,,,,,,,,,,,,,,,,,,,,,,,,,,,,,,,,,,,,
,,,,,,,,,,,,,,,,,,,,,,,,,,,,,,,,,,,,,,
,,,,,,,,,,,,,,,,,,,,,,,,,,,,,,,,,,,,,,
,,,,,,,,,,,,,,,,,,,,,,,,,,,,,,,,,,,,,,
,,,,,,,,,,,,,,,,,,,,,,,,,,,,,,,,,,,,,,
,,,,,,,,,,,,,,,,,,,,,,,,,,,,,,,,,,,,,,
,,,,,,,,,,,,,,,,,,,,,,,,,,,,,,,,,,,,,,
,,,,,,,,,,,,,,,,,,,,,,,,,,,,,,,,,,,,,,
,,,,,,,,,,,,,,,,,,,,,,,,,,,,,,,,,,,,,,
,,,,,,,,,,,,,,,,,,,,,,,,,,,,,,,,,,,,,,
,,,,,,,,,,,,,,,,,,,,,,,,,,,,,,,,,,,,,,
,,,,,,,,,,,,,,,,,,,,,,,,,,,,,,,,,,,,,,
,,,,,,,,,,,,,,,,,,,,,,,,,,,,,,,,,,,,,,
,,,,,,,,,,,,,,,,,,,,,,,,,,,,,,,,,,,,,,
,,,,,,,,,,,,,,,,,,,,,,,,,,,,,,,,,,,,,,
,,,,,,,,,,,,,,,,,,,,,,,,,,,,,,,,,,,,,,
,,,,,,,,,,,,,,,,,,,,,,,,,,,,,,,,,,,,,,
,,,,,,,,,,,,,,,,,,,,,,,,,,,,,,,,,,,,,,
,,,,,,,,,,,,,,,,,,,,,,,,,,,,,,,,,,,,,,
,,,,,,,,,,,,,,,,,,,,,,,,,,,,,,,,,,,,,,
,,,,,,,,,,,,,,,,,,,,,,,,,,,,,,,,,,,,,,
,,,,,,,,,,,,,,,,,,,,,,,,,,,,,,,,,,,,,,
,,,,,,,,,,,,,,,,,,,,,,,,,,,,,,,,,,,,,,
,,,,,,,,,,,,,,,,,,,,,,,,,,,,,,,,,,,,,,
,,,,,,,,,,,,,,,,,,,,,,,,,,,,,,,,,,,,,,
,,,,,,,,,,,,,,,,,,,,,,,,,,,,,,,,,,,,,,
,,,,,,,,,,,,,,,,,,,,,,,,,,,,,,,,,,,,,,
,,,,,,,,,,,,,,,,,,,,,,,,,,,,,,,,,,,,,,
,,,,,,,,,,,,,,,,,,,,,,,,,,,,,,,,,,,,,,
,,,,,,,,,,,,,,,,,,,,,,,,,,,,,,,,,,,,,,
,,,,,,,,,,,,,,,,,,,,,,,,,,,,,,,,,,,,,,
,,,,,,,,,,,,,,,,,,,,,,,,,,,,,,,,,,,,,,
,,,,,,,,,,,,,,,,,,,,,,,,,,,,,,,,,,,,,,
,,,,,,,,,,,,,,,,,,,,,,,,,,,,,,,,,,,,,,
,,,,,,,,,,,,,,,,,,,,,,,,,,,,,,,,,,,,,,
,,,,,,,,,,,,,,,,,,,,,,,,,,,,,,,,,,,,,,
,,,,,,,,,,,,,,,,,,,,,,,,,,,,,,,,,,,,,,
,,,,,,,,,,,,,,,,,,,,,,,,,,,,,,,,,,,,,,
,,,,,,,,,,,,,,,,,,,,,,,,,,,,,,,,,,,,,,
,,,,,,,,,,,,,,,,,,,,,,,,,,,,,,,,,,,,,,
,,,,,,,,,,,,,,,,,,,,,,,,,,,,,,,,,,,,,,
,,,,,,,,,,,,,,,,,,,,,,,,,,,,,,,,,,,,,,
,,,,,,,,,,,,,,,,,,,,,,,,,,,,,,,,,,,,,,
,,,,,,,,,,,,,,,,,,,,,,,,,,,,,,,,,,,,,,
,,,,,,,,,,,,,,,,,,,,,,,,,,,,,,,,,,,,,,
,,,,,,,,,,,,,,,,,,,,,,,,,,,,,,,,,,,,,,
,,,,,,,,,,,,,,,,,,,,,,,,,,,,,,,,,,,,,,
,,,,,,,,,,,,,,,,,,,,,,,,,,,,,,,,,,,,,,
,,,,,,,,,,,,,,,,,,,,,,,,,,,,,,,,,,,,,,
,,,,,,,,,,,,,,,,,,,,,,,,,,,,,,,,,,,,,,
,,,,,,,,,,,,,,,,,,,,,,,,,,,,,,,,,,,,,,
,,,,,,,,,,,,,,,,,,,,,,,,,,,,,,,,,,,,,,
,,,,,,,,,,,,,,,,,,,,,,,,,,,,,,,,,,,,,,
,,,,,,,,,,,,,,,,,,,,,,,,,,,,,,,,,,,,,,
,,,,,,,,,,,,,,,,,,,,,,,,,,,,,,,,,,,,,,
,,,,,,,,,,,,,,,,,,,,,,,,,,,,,,,,,,,,,,
,,,,,,,,,,,,,,,,,,,,,,,,,,,,,,,,,,,,,,
,,,,,,,,,,,,,,,,,,,,,,,,,,,,,,,,,,,,,,
,,,,,,,,,,,,,,,,,,,,,,,,,,,,,,,,,,,,,,
,,,,,,,,,,,,,,,,,,,,,,,,,,,,,,,,,,,,,,
,,,,,,,,,,,,,,,,,,,,,,,,,,,,,,,,,,,,,,
,,,,,,,,,,,,,,,,,,,,,,,,,,,,,,,,,,,,,,
,,,,,,,,,,,,,,,,,,,,,,,,,,,,,,,,,,,,,,
,,,,,,,,,,,,,,,,,,,,,,,,,,,,,,,,,,,,,,
,,,,,,,,,,,,,,,,,,,,,,,,,,,,,,,,,,,,,,
,,,,,,,,,,,,,,,,,,,,,,,,,,,,,,,,,,,,,,
,,,,,,,,,,,,,,,,,,,,,,,,,,,,,,,,,,,,,,
,,,,,,,,,,,,,,,,,,,,,,,,,,,,,,,,,,,,,,
,,,,,,,,,,,,,,,,,,,,,,,,,,,,,,,,,,,,,,
,,,,,,,,,,,,,,,,,,,,,,,,,,,,,,,,,,,,,,
,,,,,,,,,,,,,,,,,,,,,,,,,,,,,,,,,,,,,,
,,,,,,,,,,,,,,,,,,,,,,,,,,,,,,,,,,,,,,
,,,,,,,,,,,,,,,,,,,,,,,,,,,,,,,,,,,,,,
,,,,,,,,,,,,,,,,,,,,,,,,,,,,,,,,,,,,,,
,,,,,,,,,,,,,,,,,,,,,,,,,,,,,,,,,,,,,,
,,,,,,,,,,,,,,,,,,,,,,,,,,,,,,,,,,,,,,
,,,,,,,,,,,,,,,,,,,,,,,,,,,,,,,,,,,,,,
,,,,,,,,,,,,,,,,,,,,,,,,,,,,,,,,,,,,,,
,,,,,,,,,,,,,,,,,,,,,,,,,,,,,,,,,,,,,,
,,,,,,,,,,,,,,,,,,,,,,,,,,,,,,,,,,,,,,
,,,,,,,,,,,,,,,,,,,,,,,,,,,,,,,,,,,,,,
,,,,,,,,,,,,,,,,,,,,,,,,,,,,,,,,,,,,,,
,,,,,,,,,,,,,,,,,,,,,,,,,,,,,,,,,,,,,,
,,,,,,,,,,,,,,,,,,,,,,,,,,,,,,,,,,,,,,
,,,,,,,,,,,,,,,,,,,,,,,,,,,,,,,,,,,,,,
,,,,,,,,,,,,,,,,,,,,,,,,,,,,,,,,,,,,,,
,,,,,,,,,,,,,,,,,,,,,,,,,,,,,,,,,,,,,,
,,,,,,,,,,,,,,,,,,,,,,,,,,,,,,,,,,,,,,
,,,,,,,,,,,,,,,,,,,,,,,,,,,,,,,,,,,,,,
,,,,,,,,,,,,,,,,,,,,,,,,,,,,,,,,,,,,,,
,,,,,,,,,,,,,,,,,,,,,,,,,,,,,,,,,,,,,,
,,,,,,,,,,,,,,,,,,,,,,,,,,,,,,,,,,,,,,
,,,,,,,,,,,,,,,,,,,,,,,,,,,,,,,,,,,,,,
,,,,,,,,,,,,,,,,,,,,,,,,,,,,,,,,,,,,,,
,,,,,,,,,,,,,,,,,,,,,,,,,,,,,,,,,,,,,,
,,,,,,,,,,,,,,,,,,,,,,,,,,,,,,,,,,,,,,
,,,,,,,,,,,,,,,,,,,,,,,,,,,,,,,,,,,,,,
,,,,,,,,,,,,,,,,,,,,,,,,,,,,,,,,,,,,,,
,,,,,,,,,,,,,,,,,,,,,,,,,,,,,,,,,,,,,,
,,,,,,,,,,,,,,,,,,,,,,,,,,,,,,,,,,,,,,
,,,,,,,,,,,,,,,,,,,,,,,,,,,,,,,,,,,,,,
,,,,,,,,,,,,,,,,,,,,,,,,,,,,,,,,,,,,,,
,,,,,,,,,,,,,,,,,,,,,,,,,,,,,,,,,,,,,,
,,,,,,,,,,,,,,,,,,,,,,,,,,,,,,,,,,,,,,
,,,,,,,,,,,,,,,,,,,,,,,,,,,,,,,,,,,,,,
,,,,,,,,,,,,,,,,,,,,,,,,,,,,,,,,,,,,,,
,,,,,,,,,,,,,,,,,,,,,,,,,,,,,,,,,,,,,,
,,,,,,,,,,,,,,,,,,,,,,,,,,,,,,,,,,,,,,
,,,,,,,,,,,,,,,,,,,,,,,,,,,,,,,,,,,,,,
,,,,,,,,,,,,,,,,,,,,,,,,,,,,,,,,,,,,,,
,,,,,,,,,,,,,,,,,,,,,,,,,,,,,,,,,,,,,,
,,,,,,,,,,,,,,,,,,,,,,,,,,,,,,,,,,,,,,
,,,,,,,,,,,,,,,,,,,,,,,,,,,,,,,,,,,,,,
,,,,,,,,,,,,,,,,,,,,,,,,,,,,,,,,,,,,,,
,,,,,,,,,,,,,,,,,,,,,,,,,,,,,,,,,,,,,,
,,,,,,,,,,,,,,,,,,,,,,,,,,,,,,,,,,,,,,
,,,,,,,,,,,,,,,,,,,,,,,,,,,,,,,,,,,,,,
,,,,,,,,,,,,,,,,,,,,,,,,,,,,,,,,,,,,,,
,,,,,,,,,,,,,,,,,,,,,,,,,,,,,,,,,,,,,,
,,,,,,,,,,,,,,,,,,,,,,,,,,,,,,,,,,,,,,
,,,,,,,,,,,,,,,,,,,,,,,,,,,,,,,,,,,,,,
,,,,,,,,,,,,,,,,,,,,,,,,,,,,,,,,,,,,,,
,,,,,,,,,,,,,,,,,,,,,,,,,,,,,,,,,,,,,,
,,,,,,,,,,,,,,,,,,,,,,,,,,,,,,,,,,,,,,
,,,,,,,,,,,,,,,,,,,,,,,,,,,,,,,,,,,,,,
,,,,,,,,,,,,,,,,,,,,,,,,,,,,,,,,,,,,,,
,,,,,,,,,,,,,,,,,,,,,,,,,,,,,,,,,,,,,,
,,,,,,,,,,,,,,,,,,,,,,,,,,,,,,,,,,,,,,
,,,,,,,,,,,,,,,,,,,,,,,,,,,,,,,,,,,,,,
,,,,,,,,,,,,,,,,,,,,,,,,,,,,,,,,,,,,,,
,,,,,,,,,,,,,,,,,,,,,,,,,,,,,,,,,,,,,,
,,,,,,,,,,,,,,,,,,,,,,,,,,,,,,,,,,,,,,
,,,,,,,,,,,,,,,,,,,,,,,,,,,,,,,,,,,,,,
,,,,,,,,,,,,,,,,,,,,,,,,,,,,,,,,,,,,,,
,,,,,,,,,,,,,,,,,,,,,,,,,,,,,,,,,,,,,,
,,,,,,,,,,,,,,,,,,,,,,,,,,,,,,,,,,,,,,
,,,,,,,,,,,,,,,,,,,,,,,,,,,,,,,,,,,,,,
,,,,,,,,,,,,,,,,,,,,,,,,,,,,,,,,,,,,,,
,,,,,,,,,,,,,,,,,,,,,,,,,,,,,,,,,,,,,,
,,,,,,,,,,,,,,,,,,,,,,,,,,,,,,,,,,,,,,
,,,,,,,,,,,,,,,,,,,,,,,,,,,,,,,,,,,,,,
,,,,,,,,,,,,,,,,,,,,,,,,,,,,,,,,,,,,,,
,,,,,,,,,,,,,,,,,,,,,,,,,,,,,,,,,,,,,,
,,,,,,,,,,,,,,,,,,,,,,,,,,,,,,,,,,,,,,
,,,,,,,,,,,,,,,,,,,,,,,,,,,,,,,,,,,,,,
,,,,,,,,,,,,,,,,,,,,,,,,,,,,,,,,,,,,,,
,,,,,,,,,,,,,,,,,,,,,,,,,,,,,,,,,,,,,,
,,,,,,,,,,,,,,,,,,,,,,,,,,,,,,,,,,,,,,
,,,,,,,,,,,,,,,,,,,,,,,,,,,,,,,,,,,,,,
,,,,,,,,,,,,,,,,,,,,,,,,,,,,,,,,,,,,,,
,,,,,,,,,,,,,,,,,,,,,,,,,,,,,,,,,,,,,,
,,,,,,,,,,,,,,,,,,,,,,,,,,,,,,,,,,,,,,
,,,,,,,,,,,,,,,,,,,,,,,,,,,,,,,,,,,,,,
,,,,,,,,,,,,,,,,,,,,,,,,,,,,,,,,,,,,,,
,,,,,,,,,,,,,,,,,,,,,,,,,,,,,,,,,,,,,,
,,,,,,,,,,,,,,,,,,,,,,,,,,,,,,,,,,,,,,
,,,,,,,,,,,,,,,,,,,,,,,,,,,,,,,,,,,,,,
,,,,,,,,,,,,,,,,,,,,,,,,,,,,,,,,,,,,,,
,,,,,,,,,,,,,,,,,,,,,,,,,,,,,,,,,,,,,,
,,,,,,,,,,,,,,,,,,,,,,,,,,,,,,,,,,,,,,
,,,,,,,,,,,,,,,,,,,,,,,,,,,,,,,,,,,,,,
,,,,,,,,,,,,,,,,,,,,,,,,,,,,,,,,,,,,,,
,,,,,,,,,,,,,,,,,,,,,,,,,,,,,,,,,,,,,,
,,,,,,,,,,,,,,,,,,,,,,,,,,,,,,,,,,,,,,
,,,,,,,,,,,,,,,,,,,,,,,,,,,,,,,,,,,,,,
,,,,,,,,,,,,,,,,,,,,,,,,,,,,,,,,,,,,,,
,,,,,,,,,,,,,,,,,,,,,,,,,,,,,,,,,,,,,,
,,,,,,,,,,,,,,,,,,,,,,,,,,,,,,,,,,,,,,
,,,,,,,,,,,,,,,,,,,,,,,,,,,,,,,,,,,,,,
,,,,,,,,,,,,,,,,,,,,,,,,,,,,,,,,,,,,,,
,,,,,,,,,,,,,,,,,,,,,,,,,,,,,,,,,,,,,,
,,,,,,,,,,,,,,,,,,,,,,,,,,,,,,,,,,,,,,
,,,,,,,,,,,,,,,,,,,,,,,,,,,,,,,,,,,,,,
,,,,,,,,,,,,,,,,,,,,,,,,,,,,,,,,,,,,,,
,,,,,,,,,,,,,,,,,,,,,,,,,,,,,,,,,,,,,,
,,,,,,,,,,,,,,,,,,,,,,,,,,,,,,,,,,,,,,
,,,,,,,,,,,,,,,,,,,,,,,,,,,,,,,,,,,,,,
,,,,,,,,,,,,,,,,,,,,,,,,,,,,,,,,,,,,,,
,,,,,,,,,,,,,,,,,,,,,,,,,,,,,,,,,,,,,,
,,,,,,,,,,,,,,,,,,,,,,,,,,,,,,,,,,,,,,
,,,,,,,,,,,,,,,,,,,,,,,,,,,,,,,,,,,,,,
,,,,,,,,,,,,,,,,,,,,,,,,,,,,,,,,,,,,,,
,,,,,,,,,,,,,,,,,,,,,,,,,,,,,,,,,,,,,,
,,,,,,,,,,,,,,,,,,,,,,,,,,,,,,,,,,,,,,
,,,,,,,,,,,,,,,,,,,,,,,,,,,,,,,,,,,,,,
,,,,,,,,,,,,,,,,,,,,,,,,,,,,,,,,,,,,,,
,,,,,,,,,,,,,,,,,,,,,,,,,,,,,,,,,,,,,,
,,,,,,,,,,,,,,,,,,,,,,,,,,,,,,,,,,,,,,
,,,,,,,,,,,,,,,,,,,,,,,,,,,,,,,,,,,,,,
,,,,,,,,,,,,,,,,,,,,,,,,,,,,,,,,,,,,,,
,,,,,,,,,,,,,,,,,,,,,,,,,,,,,,,,,,,,,,
,,,,,,,,,,,,,,,,,,,,,,,,,,,,,,,,,,,,,,
,,,,,,,,,,,,,,,,,,,,,,,,,,,,,,,,,,,,,,
,,,,,,,,,,,,,,,,,,,,,,,,,,,,,,,,,,,,,,
,,,,,,,,,,,,,,,,,,,,,,,,,,,,,,,,,,,,,,
,,,,,,,,,,,,,,,,,,,,,,,,,,,,,,,,,,,,,,
,,,,,,,,,,,,,,,,,,,,,,,,,,,,,,,,,,,,,,
,,,,,,,,,,,,,,,,,,,,,,,,,,,,,,,,,,,,,,
,,,,,,,,,,,,,,,,,,,,,,,,,,,,,,,,,,,,,,
,,,,,,,,,,,,,,,,,,,,,,,,,,,,,,,,,,,,,,
,,,,,,,,,,,,,,,,,,,,,,,,,,,,,,,,,,,,,,
,,,,,,,,,,,,,,,,,,,,,,,,,,,,,,,,,,,,,,
,,,,,,,,,,,,,,,,,,,,,,,,,,,,,,,,,,,,,,
,,,,,,,,,,,,,,,,,,,,,,,,,,,,,,,,,,,,,,
,,,,,,,,,,,,,,,,,,,,,,,,,,,,,,,,,,,,,,
,,,,,,,,,,,,,,,,,,,,,,,,,,,,,,,,,,,,,,
,,,,,,,,,,,,,,,,,,,,,,,,,,,,,,,,,,,,,,
,,,,,,,,,,,,,,,,,,,,,,,,,,,,,,,,,,,,,,
,,,,,,,,,,,,,,,,,,,,,,,,,,,,,,,,,,,,,,
,,,,,,,,,,,,,,,,,,,,,,,,,,,,,,,,,,,,,,
,,,,,,,,,,,,,,,,,,,,,,,,,,,,,,,,,,,,,,
,,,,,,,,,,,,,,,,,,,,,,,,,,,,,,,,,,,,,,
,,,,,,,,,,,,,,,,,,,,,,,,,,,,,,,,,,,,,,
,,,,,,,,,,,,,,,,,,,,,,,,,,,,,,,,,,,,,,
,,,,,,,,,,,,,,,,,,,,,,,,,,,,,,,,,,,,,,
,,,,,,,,,,,,,,,,,,,,,,,,,,,,,,,,,,,,,,
,,,,,,,,,,,,,,,,,,,,,,,,,,,,,,,,,,,,,,
,,,,,,,,,,,,,,,,,,,,,,,,,,,,,,,,,,,,,,
,,,,,,,,,,,,,,,,,,,,,,,,,,,,,,,,,,,,,,
,,,,,,,,,,,,,,,,,,,,,,,,,,,,,,,,,,,,,,
,,,,,,,,,,,,,,,,,,,,,,,,,,,,,,,,,,,,,,
,,,,,,,,,,,,,,,,,,,,,,,,,,,,,,,,,,,,,,
,,,,,,,,,,,,,,,,,,,,,,,,,,,,,,,,,,,,,,
,,,,,,,,,,,,,,,,,,,,,,,,,,,,,,,,,,,,,,
,,,,,,,,,,,,,,,,,,,,,,,,,,,,,,,,,,,,,,
,,,,,,,,,,,,,,,,,,,,,,,,,,,,,,,,,,,,,,
,,,,,,,,,,,,,,,,,,,,,,,,,,,,,,,,,,,,,,
,,,,,,,,,,,,,,,,,,,,,,,,,,,,,,,,,,,,,,
,,,,,,,,,,,,,,,,,,,,,,,,,,,,,,,,,,,,,,
,,,,,,,,,,,,,,,,,,,,,,,,,,,,,,,,,,,,,,
,,,,,,,,,,,,,,,,,,,,,,,,,,,,,,,,,,,,,,
,,,,,,,,,,,,,,,,,,,,,,,,,,,,,,,,,,,,,,
,,,,,,,,,,,,,,,,,,,,,,,,,,,,,,,,,,,,,,
,,,,,,,,,,,,,,,,,,,,,,,,,,,,,,,,,,,,,,
,,,,,,,,,,,,,,,,,,,,,,,,,,,,,,,,,,,,,,
,,,,,,,,,,,,,,,,,,,,,,,,,,,,,,,,,,,,,,
,,,,,,,,,,,,,,,,,,,,,,,,,,,,,,,,,,,,,,
,,,,,,,,,,,,,,,,,,,,,,,,,,,,,,,,,,,,,,
,,,,,,,,,,,,,,,,,,,,,,,,,,,,,,,,,,,,,,
,,,,,,,,,,,,,,,,,,,,,,,,,,,,,,,,,,,,,,
,,,,,,,,,,,,,,,,,,,,,,,,,,,,,,,,,,,,,,
,,,,,,,,,,,,,,,,,,,,,,,,,,,,,,,,,,,,,,
,,,,,,,,,,,,,,,,,,,,,,,,,,,,,,,,,,,,,,
,,,,,,,,,,,,,,,,,,,,,,,,,,,,,,,,,,,,,,
,,,,,,,,,,,,,,,,,,,,,,,,,,,,,,,,,,,,,,
,,,,,,,,,,,,,,,,,,,,,,,,,,,,,,,,,,,,,,
,,,,,,,,,,,,,,,,,,,,,,,,,,,,,,,,,,,,,,
,,,,,,,,,,,,,,,,,,,,,,,,,,,,,,,,,,,,,,
,,,,,,,,,,,,,,,,,,,,,,,,,,,,,,,,,,,,,,
,,,,,,,,,,,,,,,,,,,,,,,,,,,,,,,,,,,,,,
,,,,,,,,,,,,,,,,,,,,,,,,,,,,,,,,,,,,,,
,,,,,,,,,,,,,,,,,,,,,,,,,,,,,,,,,,,,,,
,,,,,,,,,,,,,,,,,,,,,,,,,,,,,,,,,,,,,,
,,,,,,,,,,,,,,,,,,,,,,,,,,,,,,,,,,,,,,
,,,,,,,,,,,,,,,,,,,,,,,,,,,,,,,,,,,,,,
,,,,,,,,,,,,,,,,,,,,,,,,,,,,,,,,,,,,,,
,,,,,,,,,,,,,,,,,,,,,,,,,,,,,,,,,,,,,,
,,,,,,,,,,,,,,,,,,,,,,,,,,,,,,,,,,,,,,
,,,,,,,,,,,,,,,,,,,,,,,,,,,,,,,,,,,,,,
,,,,,,,,,,,,,,,,,,,,,,,,,,,,,,,,,,,,,,
,,,,,,,,,,,,,,,,,,,,,,,,,,,,,,,,,,,,,,
,,,,,,,,,,,,,,,,,,,,,,,,,,,,,,,,,,,,,,
,,,,,,,,,,,,,,,,,,,,,,,,,,,,,,,,,,,,,,
,,,,,,,,,,,,,,,,,,,,,,,,,,,,,,,,,,,,,,
,,,,,,,,,,,,,,,,,,,,,,,,,,,,,,,,,,,,,,
,,,,,,,,,,,,,,,,,,,,,,,,,,,,,,,,,,,,,,
,,,,,,,,,,,,,,,,,,,,,,,,,,,,,,,,,,,,,,
,,,,,,,,,,,,,,,,,,,,,,,,,,,,,,,,,,,,,,
,,,,,,,,,,,,,,,,,,,,,,,,,,,,,,,,,,,,,,
,,,,,,,,,,,,,,,,,,,,,,,,,,,,,,,,,,,,,,
,,,,,,,,,,,,,,,,,,,,,,,,,,,,,,,,,,,,,,
,,,,,,,,,,,,,,,,,,,,,,,,,,,,,,,,,,,,,,
,,,,,,,,,,,,,,,,,,,,,,,,,,,,,,,,,,,,,,
,,,,,,,,,,,,,,,,,,,,,,,,,,,,,,,,,,,,,,
,,,,,,,,,,,,,,,,,,,,,,,,,,,,,,,,,,,,,,
,,,,,,,,,,,,,,,,,,,,,,,,,,,,,,,,,,,,,,
,,,,,,,,,,,,,,,,,,,,,,,,,,,,,,,,,,,,,,
,,,,,,,,,,,,,,,,,,,,,,,,,,,,,,,,,,,,,,
,,,,,,,,,,,,,,,,,,,,,,,,,,,,,,,,,,,,,,
,,,,,,,,,,,,,,,,,,,,,,,,,,,,,,,,,,,,,,
,,,,,,,,,,,,,,,,,,,,,,,,,,,,,,,,,,,,,,
,,,,,,,,,,,,,,,,,,,,,,,,,,,,,,,,,,,,,,
,,,,,,,,,,,,,,,,,,,,,,,,,,,,,,,,,,,,,,
,,,,,,,,,,,,,,,,,,,,,,,,,,,,,,,,,,,,,,
,,,,,,,,,,,,,,,,,,,,,,,,,,,,,,,,,,,,,,
,,,,,,,,,,,,,,,,,,,,,,,,,,,,,,,,,,,,,,
,,,,,,,,,,,,,,,,,,,,,,,,,,,,,,,,,,,,,,
,,,,,,,,,,,,,,,,,,,,,,,,,,,,,,,,,,,,,,
,,,,,,,,,,,,,,,,,,,,,,,,,,,,,,,,,,,,,,
,,,,,,,,,,,,,,,,,,,,,,,,,,,,,,,,,,,,,,
,,,,,,,,,,,,,,,,,,,,,,,,,,,,,,,,,,,,,,
,,,,,,,,,,,,,,,,,,,,,,,,,,,,,,,,,,,,,,
,,,,,,,,,,,,,,,,,,,,,,,,,,,,,,,,,,,,,,
,,,,,,,,,,,,,,,,,,,,,,,,,,,,,,,,,,,,,,
,,,,,,,,,,,,,,,,,,,,,,,,,,,,,,,,,,,,,,
,,,,,,,,,,,,,,,,,,,,,,,,,,,,,,,,,,,,,,
,,,,,,,,,,,,,,,,,,,,,,,,,,,,,,,,,,,,,,
,,,,,,,,,,,,,,,,,,,,,,,,,,,,,,,,,,,,,,
,,,,,,,,,,,,,,,,,,,,,,,,,,,,,,,,,,,,,,
,,,,,,,,,,,,,,,,,,,,,,,,,,,,,,,,,,,,,,
,,,,,,,,,,,,,,,,,,,,,,,,,,,,,,,,,,,,,,
,,,,,,,,,,,,,,,,,,,,,,,,,,,,,,,,,,,,,,
,,,,,,,,,,,,,,,,,,,,,,,,,,,,,,,,,,,,,,
