RTOES_DIST,RTOES_DIST,RTOES_DIST,LTOES_DIST,LTOES_DIST,LTOES_DIST,RTOES_PROX,RTOES_PROX,RTOES_PROX,LTOES_PROX,LTOES_PROX,LTOES_PROX,RFTS_DIST,RFTS_DIST,RFTS_DIST,LFTS_DIST,LFTS_DIST,LFTS_DIST,RFTS_PROX,RFTS_PROX,RFTS_PROX,LFTS_PROX,LFTS_PROX,LFTS_PROX
X,Y,Z,X,Y,Z,X,Y,Z,X,Y,Z,X,Y,Z,X,Y,Z,X,Y,Z,X,Y,Z
0.23171000000000003,0.2936600000000001,0.013420000000000001,0.11274000000000002,0.7739900000000001,0.008810000000000002,0.18363000000000002,0.28287000000000007,0.016060000000000005,0.09403000000000003,0.72969,0.019880000000000002,0.19489000000000004,0.26425999999999994,0.02412,0.09007000000000003,0.73793,0.028240000000000005,0.013030000000000002,0.22353000000000006,0.02457,0.014400000000000003,0.55696,0.035800000000000005
0.23170288461393745,0.29409377126553304,0.013342467201237728,0.1127987810713263,0.7739205321133162,0.008952612420901384,0.1836343437643943,0.2832214091802145,0.01594100568161809,0.09405166062138685,0.7295799930818454,0.019805146603740033,0.19494619204315372,0.2646336653719368,0.02400311836665972,0.09009443462664259,0.7377999893608964,0.02818567377551879,0.013168653383384733,0.22357267313306034,0.024849597178149406,0.014303522112252224,0.5568623250338328,0.03529819112821791
0.23188881678450965,0.2938519786157315,0.012693685433094203,0.1131462370672581,0.7736010405589664,0.008840733422379904,0.1838182319586744,0.28295249609654144,0.015179087800915727,0.09409511139515368,0.729215105094714,0.01894294128486498,0.1951691328013879,0.26442875438877383,0.023331347267346078,0.0902506436475737,0.7374843464894082,0.027309973531429433,0.01342161708382912,0.22322473147271277,0.024897908580309585,0.013272900142181517,0.5570988937795263,0.03560813781753221
0.23226886932798796,0.2931545355200438,0.011498217599936512,0.11371321008645528,0.7732233604350401,0.008188134806036642,0.1841884903987513,0.2822921539834218,0.01393858917887191,0.09425165794705664,0.7288404878659498,0.017477892441779667,0.1955488091803516,0.2638169409314183,0.02218692825487187,0.09056717864300248,0.7372766707537738,0.0257715753305538,0.013793993118520524,0.22270953050501793,0.024564901746216027,0.012054537358121098,0.5577439122670238,0.037573154099839995
0.23260955239313555,0.2923118506770492,0.010028269458464991,0.11412862136250962,0.7732983400214694,0.0069485084627044814,0.18452017703882345,0.28154888135789335,0.012689148274085172,0.09451491473550085,0.7290130483885782,0.016418429232184815,0.19588729559611828,0.26304124787195476,0.020846226656787103,0.09100069445988776,0.7376827912155908,0.024544978484956077,0.014057035291636192,0.22232257827222787,0.024141752258715517,0.011935774014984777,0.5588958789533072,0.0423045802326857
0.23278014671239217,0.29141961550040885,0.008959514915026659,0.11414872420653621,0.773844451266681,0.005105882486735867,0.18466913374354174,0.2808062840508706,0.011841373965065084,0.09484759558763026,0.7298168139355888,0.01625536465473315,0.19602526530673364,0.262175138524768,0.019735439847867686,0.09146338315248785,0.738828310293378,0.024044737666780273,0.014079123820786204,0.22208026753757365,0.023956439143456226,0.013476504174708848,0.5607774637382135,0.0513943870605853
0.23294777965587474,0.29048836545309925,0.0085413316992615,0.11396357664914232,0.773459050913041,0.0033048041740238363,0.18482761999091604,0.2799840840916738,0.011567646928621063,0.0952489420027614,0.7301827803197306,0.01788065779116126,0.19616222631887675,0.2612460248205517,0.01923013926102971,0.09200535775298177,0.7396895052294383,0.025127325490701454,0.014117708617911036,0.22164747066362622,0.023872969089656772,0.015964170981702906,0.5635117288676089,0.06652345187039108
0.2332323734536949,0.2895406117585845,0.00849981666986816,0.11345325854583767,0.7698932030487975,0.0047423097731665136,0.18509460423257523,0.27911356551475963,0.0115850673550709,0.09540542884526756,0.7282985609384042,0.024203195101085307,0.19638334781035266,0.2603645072639979,0.01926735347817867,0.09236508720094333,0.7383471890200409,0.030776045412615645,0.014267500617832085,0.22105617397913052,0.023630724850484702,0.017888831318246357,0.5660799544964084,0.0883093132003771
0.23358619360850236,0.288685249899794,0.008519379192302707,0.1124524126336832,0.7629615083166336,0.014725059122569807,0.1854116263439542,0.278417033368477,0.011566955454007329,0.0949482174388417,0.7235822370663492,0.038770607593254416,0.19662178093074012,0.2596824864071396,0.01941701091346462,0.09222848727389074,0.7340697641822641,0.04477126367811405,0.014384252251333584,0.2209295886821374,0.023433109623648127,0.018062837027618312,0.5667998953948612,0.11583997741296695
0.23387338464618154,0.28827879625612884,0.008772703286828974,0.11156202842988824,0.7562644046441094,0.036369997229798695,0.18564516142963378,0.2781755685417011,0.01152826121993796,0.0941675636704227,0.7180649435795239,0.062330831721384095,0.19679545059352593,0.25948316026215934,0.019551624635009285,0.09174004867189517,0.7288276574005241,0.06796275387289084,0.014437119403041631,0.22127414355512362,0.02362962166784862,0.017360356460769215,0.565571768669828,0.14762749212394938
0.23386952108535414,0.2887434312548054,0.009201407593005598,0.11157233185663269,0.7541240845522701,0.06821337845595171,0.18563954374293956,0.27859283441940225,0.011691000505315628,0.09405232169715402,0.7153994246571456,0.09328637647914706,0.1968098694779721,0.2599530556235985,0.019821150519642047,0.09167191912553549,0.7262595245297166,0.0987560713370495,0.014510364195174872,0.22155086410589833,0.024263100666639923,0.01837021673275036,0.5643786963081003,0.18215173048037295
0.23367783511485007,0.28977739907073674,0.009336199856081391,0.11298290920616462,0.7585844721751723,0.10722740511863241,0.1854804082647445,0.2794704932390005,0.01187224006798778,0.09562744264226293,0.7183648240274036,0.1299502560630633,0.19674396495566715,0.2608716390232793,0.01998856429870093,0.09304495209420521,0.7291584530060048,0.13544791359492492,0.014570453685037931,0.22189783375018812,0.02502419866075647,0.022485359563512247,0.5657316686739193,0.21819542192904748
0.233429732063002,0.29074917370362646,0.009122224556304463,0.11673987813422429,0.7704004821128463,0.15119689421142604,0.1852483997930761,0.280403556477129,0.01174686988904083,0.09976780624045133,0.728416838835345,0.170797429756643,0.19655819862639157,0.26180097977654543,0.019782541276618586,0.0969082941676185,0.7389977315955852,0.17655554854339403,0.01443669755667864,0.22266575489109217,0.02542503140183808,0.029374960682755177,0.5719355408134598,0.25440777319093283
0.2334112218826967,0.29122949458085046,0.008978186368733295,0.12289634413123691,0.7910556507667961,0.1983337060501387,0.18519657985697413,0.28099815186403826,0.011492778045350082,0.10668220586233507,0.7473674137364332,0.21458389180671733,0.19646072534270156,0.2623732763394502,0.01952691490416113,0.1034908789764994,0.7575500941990257,0.22087537093637247,0.014238532730647869,0.22372166095711396,0.025260000467470994,0.039445673387688916,0.5848532993904975,0.2887496712341794
0.2337530235938703,0.29106558451233505,0.009154607616669674,0.12981531569704693,0.8217748460199723,0.24773237648054677,0.18545564548434262,0.28113222045402625,0.011238322500025199,0.11519733341221472,0.7763539880567881,0.2603396358920413,0.1965809120216991,0.262450046399777,0.019332481424335704,0.11151452342425365,0.7858718753845314,0.2673609373855962,0.014122613654476552,0.22490365856117725,0.024614477304547595,0.053689508376017485,0.6059239098688654,0.32034751824607566
0.23413142311735752,0.2904810325906158,0.009487311774239638,0.13700803489866725,0.8621010756620929,0.29968241215318514,0.18573455982164833,0.2809487481708327,0.010955700766232845,0.1247865602188345,0.8149827982780927,0.3077866905028459,0.19665858841338688,0.2622116903500727,0.019194223791808573,0.12043370891146597,0.8235614627338314,0.31558989530187537,0.013860176422742005,0.2262212614622922,0.02366798572943444,0.07194955616181731,0.6364328090743503,0.34973405089935544
0.23439874962054552,0.28989631541845395,0.009823464909022056,0.14683426414674594,0.9100159821542042,0.3551384210362434,0.18591262301293673,0.2807364094298316,0.010753689485404058,0.13693687292773374,0.8617198941274224,0.35732239118596876,0.19664426344333666,0.26200764649827096,0.019253790476099184,0.13187329247162627,0.8691834478865984,0.365812223042754,0.013544151807150432,0.22742623579022803,0.02277266494448118,0.0926568289211498,0.6772518062895552,0.3783564015474418
0.2346736688871822,0.28960790776449,0.010078773852881877,0.16169862899871573,0.9630609851322831,0.41550570104250173,0.18613905952215282,0.28067792226142035,0.010645029432823238,0.15333816447058057,0.9147547246911064,0.40988386659883375,0.19672857230612026,0.26199835179803077,0.019452143418266798,0.14765383032952317,0.9210617580915226,0.4189053835043037,0.01346679069568102,0.22828453223723513,0.022307354211825753,0.114199739682888,0.7279537736761503,0.4078347193016123
0.23493384086324703,0.2895015155827966,0.010114809384656602,0.18138224758042043,1.0184177016803735,0.4819544595719844,0.18637819021855756,0.2807316474092705,0.010458601293047813,0.17367333654108402,0.972148101977474,0.4666147491411798,0.19688597193708895,0.26209480676794206,0.0194143589741735,0.16759850927886358,0.9772979759638627,0.47609861360518024,0.013491182078740597,0.2290533055815399,0.022172232314607368,0.13536549079194043,0.7870624045611727,0.4400028220735793
0.2352836890107294,0.28929085098210616,0.009760734207109566,0.20267278296185898,1.073381736719665,0.5541859289187009,0.1866658159547634,0.28084486972529193,0.010066873630041231,0.19551067672959782,1.031899254584135,0.5284416370341513,0.1970609293911201,0.2621101767390881,0.018961788082688502,0.18916145822023872,1.0359068987169935,0.5382899858125273,0.01346170643166938,0.23030041300940568,0.021979406714824453,0.15579570640248291,0.8524304700595552,0.47701156996608085
0.23572330737869476,0.28903831768536453,0.009236454780286908,0.2218486249580948,1.1266572277225566,0.6302688621833006,0.18703290833657674,0.2809709462350487,0.00970786813852936,0.2157793148459229,1.0918636851655938,0.595809957456108,0.19730196142784506,0.26213055873570473,0.01853785229474217,0.20913668414989722,1.0946433156036666,0.6058909861136581,0.013470453392843293,0.23175009976024125,0.021799179430671705,0.17550314075131151,0.9215714751381636,0.5195813773144461
0.23598448430868713,0.28887117973245424,0.008999265086492925,0.23661303479846443,1.1769167567267336,0.7084447888000761,0.18726384795190099,0.281050647849919,0.009567716798905846,0.2321287821493817,1.1493375699452615,0.667765075728637,0.19743915767148956,0.26220143520290873,0.018475888417324185,0.22513840412823546,1.1507701123110479,0.6778915609636182,0.013463309068425012,0.2326992191845293,0.021840032845900734,0.1936307256258284,0.991770873088198,0.5671640914830548
0.23588831920854494,0.288536637125212,0.009192988554939737,0.24522959286507853,1.221318161662507,0.7866274432368299,0.18712325961961007,0.28092394533225884,0.009574196793242888,0.2430833334718272,1.201959651154189,0.7412794084856735,0.19721219041863614,0.26209726770591435,0.01864931784120632,0.23569127864027573,1.202020334997507,0.7512191299851791,0.013104584526520155,0.2334314277206572,0.02213915614804859,0.20909480509069994,1.0595052325930847,0.6188830223608727
0.23574325744259525,0.28781145012840675,0.00952609363934033,0.2487909985758613,1.2587715633071113,0.8615419802287764,0.18692408233371183,0.2805867717029094,0.00957749969479454,0.2496257748854696,1.248573593431459,0.8132683074766973,0.19685507736708857,0.2617418760289435,0.018771371747239713,0.24182546309004102,1.2474227660818666,0.8228203907233356,0.012514633764071803,0.23465880731061842,0.02258475065429299,0.22190309372940104,1.1218348511802696,0.6732695088600533
0.23584882365318594,0.2870417195534421,0.009710825930922143,0.25066928938452104,1.2931031863088993,0.9298293803097096,0.186955615936046,0.28031331139481014,0.009358846250071879,0.25387370214738725,1.2898796404362332,0.8806860836067436,0.19670745651239221,0.2614447419021628,0.01868994415818586,0.24573321468873474,1.2877436078548417,0.8897785828262883,0.012084839461949107,0.23642339133761064,0.023126773188641557,0.23230438655142022,1.177587082687442,0.7278573706248407
0.23607300675913515,0.28654201215533526,0.00973247785307735,0.25374686663930923,1.3313438192188891,0.9886122281800703,0.1871280147867221,0.2802672452276757,0.008952832720738706,0.25736239630453817,1.3287658968703822,0.9394563106069473,0.19672125041374952,0.2613676727291133,0.01838567963269206,0.24906174042940046,1.3259589367436255,0.9482161278172259,0.011873273898336043,0.23826846135667432,0.023693381151605294,0.24011804471644357,1.2266680430660863,0.7791164054511993
0.23624313152556375,0.2861958488724376,0.009639255719367081,0.2602188017639154,1.3765281933498372,1.035872560223974,0.18724955620906478,0.2803260268820829,0.00862601576053872,0.26186117295922084,1.3682569278897447,0.9872567579828553,0.196712886363899,0.26137862637986076,0.01809751419271334,0.2536136602381569,1.3652181265587962,0.9959725557112871,0.011687133156644665,0.23991202778755472,0.02415108131330068,0.24378712459483937,1.2703804115693826,0.8243873094163991
0.2361250158488171,0.2857708256177139,0.009479141390231649,0.26914662940034434,1.422040674612364,1.0712428161085066,0.18708974218010252,0.28023385238304516,0.00848220181350355,0.2665414922387756,1.4067771776725133,1.0243891481390692,0.19643970267314564,0.26123699537838757,0.017966525132063253,0.2586518446058604,1.4036988418686875,1.0334295440033379,0.011286324922526183,0.24110209614909758,0.0245056152672325,0.24006805515501795,1.3115493478989202,0.8610993313858516
0.2356651752714,0.28520446370763197,0.009346134766859075,0.27602909765917566,1.4569137650339103,1.0960739510595774,0.18660741064701097,0.2799086473297378,0.008382717408193055,0.2688108775703287,1.4396336677148014,1.0504078810671282,0.19587223552754227,0.26088850479732306,0.01789042424202747,0.2616588802664055,1.4361766640060485,1.059913300841953,0.01063592981490732,0.24171657688484943,0.024827160351544433,0.22935244609002683,1.350997485873779,0.8860398093020025
0.2351732291242729,0.2848722722293415,0.009347766905249423,0.2786938879567123,1.4783504450246805,1.1095117670976107,0.18611266138425683,0.2796915666812915,0.008170142423929886,0.26823288806259415,1.4648656549296555,1.063208323590717,0.19534346741775643,0.26065168429983165,0.017680591748051686,0.2619349278139353,1.460682303723442,1.073022184499723,0.010063792897705141,0.24202157666340895,0.025080956600109294,0.21685535116197577,1.3856946271669879,0.897305874660475
0.23495897731471344,0.28507582003564325,0.009451577329925565,0.2773736121108834,1.4936776242300476,1.110195685686112,0.18590930925808025,0.27985477235417644,0.007908028898599298,0.2652856259520204,1.4846101875144575,1.0632232534156716,0.19516985531434136,0.2608453866889572,0.01745908470006121,0.25954862351085717,1.4798052761844596,1.0730927792981566,0.009910416568223288,0.24225283730328964,0.02534337870228678,0.20751081754227216,1.4128079088777514,0.8960769878301519
0.23491335364884963,0.28576808543882604,0.009578587344656877,0.2698954023102722,1.515719471985567,1.1021838047365582,0.18587316091746808,0.280442612477312,0.007920276071744739,0.25830642176522656,1.5033084262227825,1.0558555495978539,0.19516464038952483,0.26150756518453067,0.017576009981716843,0.2524060376714552,1.4984201501190852,1.06558343839699,0.009946795619938923,0.24262404571582966,0.02566098439654131,0.20427122967527658,1.4320763521064663,0.8872220137433466
0.23461296869662368,0.28647480310817847,0.00971481595186664,0.25724748073062736,1.5487870679545876,1.0877281485037578,0.18557090649788638,0.2811572198355866,0.00814536871170856,0.2476634672460527,1.5246465882002487,1.0457652043190342,0.19485692460924384,0.2622458602950528,0.017855313054226912,0.24121688395318705,1.52014601564173,1.0553355021619988,0.00963365499055614,0.24345052435828973,0.026031220893459623,0.2054288713501977,1.4444589497276301,0.8777773469529101
0.23418232684474957,0.28669565973177613,0.009860704039850362,0.24967275655959145,1.5769961678466407,1.0708646203419852,0.1851295696755226,0.2815568384366595,0.008341063470196244,0.2411489010374597,1.5438625230056076,1.0352925739293797,0.19435611380723267,0.2625953717610516,0.01801411020846557,0.23468582083240383,1.539731962043997,1.0450172232876003,0.00906525244960891,0.24444673251074794,0.026268311220286944,0.20440365775995775,1.4523920026926562,0.8718451269742893
0.23422957235564862,0.2867083413530264,0.00999236595550769,0.25525573772607346,1.5884577669818294,1.059014779792474,0.18516914869730153,0.2816804100068204,0.008373091276034412,0.2449759566925251,1.553433712924394,1.0257966385537471,0.19434421230183982,0.2626850527072163,0.018024735890727523,0.23916761560570204,1.5494625203209107,1.0359852822130526,0.00899681543056926,0.24489877725406406,0.025972527008740663,0.19944525194087007,1.4578501002547912,0.8669830099355649
0.23457076073044997,0.28694036529545036,0.010187397318328125,0.269677408731619,1.5867701719002867,1.0458265231094932,0.18552600281487566,0.2818070039511944,0.008392487186507296,0.2556552348853621,1.5530761491154599,1.0126060556565473,0.19470562702419866,0.26282167607171625,0.018072742175044586,0.25035794029970165,1.549331620605535,1.0231603215205296,0.009374045314081352,0.244622768131343,0.025297952071739422,0.1955168095684471,1.4600007037452334,0.8571967909434487
0.23472300930826148,0.2872859456102421,0.010394473379552429,0.27993998234038026,1.5813762868339734,1.0221486950820742,0.18569281521250325,0.2819285705132511,0.008723569326998117,0.26301031305566525,1.5480675847666054,0.9899078933402439,0.1949258528612904,0.2629753637196229,0.01840445831418567,0.25779082732469355,1.544825548062396,1.0006649166023587,0.009670395283992045,0.24380174402209273,0.024860098447877566,0.1931711805907304,1.4563635654043854,0.8377772461971978
0.23480946824691817,0.28756174285453534,0.010472571887053026,0.2806077404263872,1.5782641986079626,0.9843149910333221,0.18579712729750886,0.28194606579511167,0.009183515456243014,0.26217446827630286,1.5429694229360256,0.9551605974197124,0.19513388857922673,0.2630052312124043,0.018811907857227413,0.257045704095371,1.5403484181023388,0.9661329725289679,0.00997894533263827,0.2426387681935246,0.024666646288613973,0.1870960731143117,1.4469717939293156,0.8082594843161405
0.2348524688946874,0.2877359514864921,0.010306339771239688,0.27358788464318434,1.5745554179816672,0.932300420134276,0.18586863178925905,0.28182096529942324,0.00938396819799681,0.2543897681557117,1.5369429858429764,0.9067672338889083,0.1953176542150569,0.26288196930328095,0.01890299520808278,0.24968176328841285,1.534896528559068,0.9180334682820377,0.010305420357863014,0.24118433481563467,0.02435668641483006,0.17469083485024828,1.432674232955526,0.7681775798837314
0.23478307331740603,0.2876113223211104,0.009875932965513052,0.2571566314613998,1.564702650740396,0.87028485413008,0.1858321898262456,0.2813519158954788,0.00913424113099922,0.2383910838488244,1.5258421664519735,0.8463536832216485,0.19542744001381746,0.2624225757299506,0.01850876889936709,0.23399937957169953,1.5243824017459573,0.8578405147141245,0.01058203496642021,0.2393163998096109,0.023818538625171554,0.15869623399568586,1.4107360769396877,0.7166176058845153
0.23468897939954136,0.28706908413434634,0.009423765070161887,0.22999875856575777,1.5462447807395412,0.8036260798651501,0.18577968379970475,0.2804845021619495,0.00870450005812825,0.21368255755521243,1.5064477014678888,0.7794382336964321,0.19551152144264616,0.2615546594534554,0.017922016509267488,0.20907534219857557,1.5056275849615957,0.7908959950617138,0.01082364540204888,0.23719670568362647,0.02324151671361043,0.14352665906203077,1.3778704149239953,0.657053378016018
0.23467092460009206,0.2864017766009653,0.009129258606496429,0.19927397244559952,1.5189826443533572,0.7354426839909747,0.1857920516600196,0.2796013624022472,0.008624756259736728,0.18655372152939287,1.477993744912442,0.7110803866879305,0.1956169225186031,0.2606265249953966,0.01767059912401931,0.18148011378299173,1.4777717190417778,0.722380008300652,0.011054500294351387,0.23529392593923407,0.022806152757969857,0.130528347974176,1.3356478884527758,0.5969346362734752
0.2347075798606008,0.28592405302546614,0.009185647867686225,0.17321541934738766,1.4837329664902073,0.6672701400749834,0.18584788533460936,0.27900683089795264,0.009137903043481372,0.16319906040469956,1.4415782283135623,0.6436545591720686,0.19570986566157636,0.2599345676431015,0.017949685967766475,0.15789862689907436,1.4420117694191263,0.6548362564149114,0.01122313236624758,0.23397985421091042,0.022384557426278734,0.11760049664099767,1.2871778034498003,0.5411137010118018
0.23472668867373128,0.28566058796668853,0.00949959653811343,0.15346113879734088,1.441477570385403,0.5999612117611763,0.18587975932161038,0.278635122351552,0.0098032035309284,0.14457626644066,1.3981840813586515,0.5780160925725406,0.19576277964186675,0.2594735257373639,0.01839032792272719,0.13929687136615648,1.3995138045454112,0.589133774684563,0.011313872709049636,0.2330258636685517,0.0217111938949779,0.10356732669654103,1.2335030779561669,0.49066265819868693
0.23459855699757018,0.28576393230469116,0.009640185422024964,0.1401937874903172,1.392865358829794,0.5338500781942748,0.18578750956309462,0.2785253865554999,0.01015628065516472,0.1311727519116085,1.3481858083889755,0.5149247465826843,0.19571273143478385,0.25933771831147895,0.01861604460377126,0.12605206257097273,1.3506190796590325,0.5259376617284975,0.011382922471885883,0.2319996874247374,0.0209384604341224,0.08993191879830474,1.1752592628005318,0.4454494077824041
0.23437345754863062,0.2861113444130018,0.009511335477309717,0.13184785439073574,1.339946132637947,0.4696619665643527,0.18560373186335147,0.2786011193224441,0.010233181748784471,0.12207456253294556,1.2937362746554648,0.4553643702108151,0.1956278629555603,0.25945128220114244,0.018677107492485273,0.11722808594666397,1.2973568605489825,0.46617430092332723,0.011446880138691325,0.23106185727777,0.020489692975860875,0.07809146184309824,1.1148158414891323,0.40551767788285353
0.23423170625132678,0.286460762236136,0.0094351629939363,0.1255607888602529,1.2852538150176327,0.4080156561927111,0.18549211514007977,0.2787599275213917,0.010164941151818195,0.11492777300464116,1.2378285418225239,0.3994932781310192,0.19556622227338172,0.2596708273469308,0.018668990074633723,0.1103877383527943,1.2426780891278917,0.4099442989847672,0.01149172400881221,0.2305881938751442,0.02016202044456891,0.06761878110459328,1.0551708304477196,0.37066499294707544
0.2341938900218127,0.2868693255067136,0.009592515657133401,0.12117320616991595,1.2292570714614832,0.34831117767410613,0.18547182251672956,0.2790387787651223,0.0099619758635352,0.10942579239314697,1.18136049151936,0.3465817287961775,0.19555049092621837,0.26001480088373885,0.018600820245120026,0.10521751376540517,1.1875335700173997,0.35646853052315725,0.011551847761953988,0.23044513140156797,0.019398772253339358,0.057559665314370956,0.9977667854336947,0.34062262689173955
0.23407827903553288,0.2873833933854838,0.00978096852130625,0.11828636268808175,1.171376454286897,0.29081278632616686,0.18538638925403755,0.2793873641171169,0.00975618928848919,0.10542226108206793,1.124173233131181,0.2972669380077683,0.19547573161555537,0.2604417664098815,0.018572985985044282,0.10163568133850787,1.131684643874932,0.3063643095519602,0.011586746928081607,0.23023383421944363,0.01832020001005303,0.048384634372013804,0.9429917183497346,0.3160351033843478
0.2336660872612324,0.28773470956323144,0.009848633391269335,0.11528836302969944,1.1112757233626063,0.2376096086241337,0.18499500813038397,0.27958744353106446,0.009871917736231181,0.10178424521403591,1.0662929330528002,0.2527500679396437,0.19508539747690984,0.26070629946416923,0.0187996143068716,0.09848005519939755,1.0750590517340195,0.26085066343366825,0.011303074542662883,0.229879731383912,0.017381521839645232,0.04062495068129822,0.8910388934050644,0.29721452166183526
0.23309018242902746,0.2878622869258585,0.009900469800142529,0.11394432032059777,1.0491031125552723,0.19017055651070666,0.18443995525177215,0.27963091496490367,0.01017451823846792,0.09948418234626258,1.0075283930945,0.21249135954209872,0.1945202390525968,0.2607710853760821,0.019175433480602466,0.09675747474275578,1.0174605679321318,0.2193746612107828,0.010811492964396853,0.2295650531908929,0.01678221848842484,0.03345864847695704,0.8427297080559497,0.2825999553625139
0.23279288382110314,0.2880582404316145,0.009780308766520614,0.11717265993266278,0.9865351981858392,0.1490441556335904,0.1841540628089054,0.2797421926107692,0.010163774290685792,0.10057685481790934,0.9489236120446791,0.17634528489710044,0.19426760592152376,0.2608918975919198,0.019149484025173143,0.09860259208454157,0.9598419337448276,0.18185237875835802,0.010612248371460088,0.22936717080171828,0.016658147535041214,0.026566686105273067,0.7994932669074858,0.2691996513468971
0.23284184455273138,0.2882818210698201,0.009340844992182722,0.12288843870426551,0.9276609570479039,0.11511882582109215,0.18422764937380004,0.27983509452440336,0.00987093237911806,0.10377628973640919,0.8941611913929188,0.14590449562729366,0.19443938628873936,0.26098277067248243,0.01873375625758722,0.10264278560056495,0.9057257793899328,0.15020881756814639,0.01084989177195664,0.22897379227308182,0.017076431983657832,0.020312057141921847,0.7612840653488919,0.2545804020316746
0.23284272368825293,0.2880113598774195,0.00897285134384095,0.12651594494708263,0.8769797617056411,0.08800179564440472,0.18425505520805616,0.27941006075736274,0.009859032992204917,0.10583629106093394,0.8470688832286829,0.12136676987107113,0.19458457819391378,0.2605453124832555,0.018561365799333603,0.10544619341736103,0.8589063100440334,0.1249588970477426,0.01109710674096193,0.22796721629806038,0.017944491066129182,0.01509771081105705,0.7263682250992637,0.23811849695793633
0.2326437285567173,0.2871173123159431,0.008939364951675927,0.12620482176513712,0.8367275532833454,0.06597346624463905,0.18408506683479597,0.27844227635004687,0.01021672988073961,0.10518896328226122,0.8089299311765888,0.10091078064939228,0.19448892465995893,0.2595373241795992,0.01875483571244126,0.10519038435163579,0.8208567342135754,0.10423834948748065,0.011048340621921853,0.22668384656061746,0.018963470050594962,0.011221005532500859,0.6938507128400812,0.22075151569097556
0.23268078996701322,0.28639955030036385,0.00892952122376726,0.12249257731412957,0.8068730801509132,0.047357712025998026,0.1841412948416568,0.2776840752157911,0.010773002491937184,0.10206866832991605,0.7796213119390574,0.08307625288998463,0.19459408741202416,0.25876325118724985,0.01920215145518776,0.10210352557441475,0.7915424201843411,0.08645012065294701,0.01117756336936488,0.22574149073754288,0.01976761560671116,0.008678393779031445,0.6642521644488096,0.20307623356049287
0.2329485727564411,0.2861355471100167,0.008717858294184365,0.11704822406619007,0.7849782632262758,0.03134785807219861,0.18445155619191822,0.2773705546307031,0.011324744304644531,0.09751865351215559,0.757169373075024,0.06713373361412191,0.1949228529519894,0.2584865523666468,0.01980561142679838,0.09734116014241824,0.7690241861185365,0.07070613125282933,0.01155809139089477,0.2252227038157204,0.020517557391985554,0.0066883018054168285,0.638015236306849,0.18538390651911776
0.23296756593340323,0.28594425498897513,0.008424476995540813,0.11200891756564153,0.7684423503631141,0.018050923466860498,0.18451336812498892,0.27715399431630616,0.011641279747608825,0.09283010126790106,0.7390679702499061,0.05276796750244981,0.19502688944217142,0.25832002034287327,0.020184086094862167,0.09231379438524938,0.7508402730181296,0.05660362944509878,0.011699486658339973,0.2248571957970263,0.021433561508804756,0.0044253047000972845,0.6149276976130192,0.16767682192435301
0.2325756827010153,0.28591540949300515,0.008149781736032835,0.10841219820478813,0.756894377128493,0.008489250303432014,0.1841448983053211,0.27703415746996474,0.011476957135773305,0.08862516856689462,0.7247791147112732,0.040302046544018595,0.19474694181430466,0.2581962989593282,0.019914189565815234,0.08777499959005393,0.7364022144734961,0.04449031444585204,0.011479274049085683,0.22443148752651082,0.022360281490764456,0.0012203077495898664,0.5951592856841437,0.149809017532425
0.23215683813169635,0.28590445911508233,0.007942403467258927,0.10584091630964021,0.7505573212977704,0.003257930713742965,0.18373663161066855,0.27692526051867566,0.011049751973699616,0.0849763216377583,0.7151328677602374,0.030556002890231446,0.19442542254032363,0.2580460159123818,0.019273293063308713,0.08390097452382939,0.7265296696831832,0.035280378818834494,0.01123464726055387,0.2240281274932321,0.023037731202336792,-0.002771781449389931,0.5792807535546747,0.13192668649497546
0.2320624288658476,0.28548515085806114,0.007973911939117414,0.10421256427241155,0.7479651762507338,0.0013395945136616605,0.18361152436586464,0.2765479315381606,0.010787932716134251,0.08244579571583502,0.7097993928524099,0.02380932860815284,0.19432053150397657,0.2576474950170189,0.018938025854211213,0.0811710486314307,0.7208710799848204,0.029205173830212275,0.011108379188566091,0.22382905958177335,0.023448441137041465,-0.00643121817540746,0.5673430050341218,0.1145669184165944
0.2323518338334344,0.28480310067516,0.00825936296023397,0.10347983695239807,0.7471480707791277,0.0011543665790334633,0.18384970794974131,0.27606137776761747,0.010933394213595378,0.08130743312130372,0.7070426285798173,0.019477252020889634,0.19449259615911596,0.2571286698423903,0.019084755210081728,0.07976727045027923,0.7177440318155138,0.025521713258201333,0.01115201434073307,0.22405620568341172,0.023868811618374088,-0.00836371652196993,0.5583353010678151,0.0986978724946395
0.2329378405433471,0.2844591843099817,0.008806702629990544,0.1032914458003218,0.7468263414505506,0.0019297145501250808,0.18439509107501983,0.2759352934174479,0.011384031322548347,0.08109986806195096,0.7054298596934188,0.01707794621923746,0.19496923346972633,0.2569536099067402,0.019528966402469622,0.07927939787513544,0.7157428669323163,0.023703345327992578,0.011489053681019722,0.2247004789641775,0.024606622061240233,-0.008767538287562158,0.5513948783166298,0.08510026612399452
0.23347585490707426,0.28502235098583406,0.009432139646039155,0.10320483604778993,0.7465892437413896,0.0031297028531872616,0.18493792043470347,0.2764768474291737,0.011932299924017918,0.08111657187629281,0.704378986404252,0.016013905020328064,0.19552981720279075,0.257492836171692,0.02005144258469274,0.07906441895052849,0.714313248896385,0.023119107195267805,0.012077834099653423,0.2251819791903238,0.02555333966008862,-0.008827012420179636,0.5463338629998621,0.07401371799431111
0.2335897033466122,0.28625731542825356,0.009818259735654818,0.10292801499348768,0.7466846684013092,0.004146452215805628,0.1850934601571142,0.27749100675062677,0.01243533571112287,0.08090835322023066,0.703985447680574,0.01542285139745403,0.19579419040293727,0.2585850002700152,0.02057777673252532,0.07862239598912164,0.7136235675857558,0.02285254863591032,0.01249083192687804,0.22542100886950336,0.02632092464419364,-0.009309195973481564,0.5432773528336045,0.06508361844812657
0.23340546445711952,0.28737576391427,0.009922359282367062,0.10265648340087283,0.7471826912140032,0.004835378689995399,0.18495757443504732,0.2784343555110933,0.01278909943539818,0.0804946392947823,0.7042471955483255,0.014860443338001766,0.19571912828863564,0.25958137036804896,0.020969616958642506,0.0780330185916552,0.7136656228212815,0.02252206436882823,0.012543137367168913,0.22575003207223812,0.026697259190949424,-0.01061136057267403,0.5421025727765003,0.05776321494899551
0.23312441772852982,0.28811801436362344,0.009773402900696766,0.10268570889909154,0.74758269033528,0.005331877112369878,0.18471243877984952,0.27909111482512344,0.012981806133375648,0.08003166139514119,0.7046650012422444,0.014306881974597944,0.19550986049747343,0.26025425727511975,0.021144111270085267,0.0775183547889286,0.7139350709164802,0.022133942360304148,0.012398983646782201,0.2260701989516991,0.026864663762968092,-0.013130236246280172,0.542409700527251,0.05205814156925156
0.23276623571750094,0.28850505084305417,0.00943579823993998,0.10280347480803909,0.747758475338541,0.005677174903093215,0.1844108225157579,0.2794188798583445,0.01326482135666815,0.07946867870283539,0.7050690159210135,0.013953285149786764,0.19523575773617557,0.26056627675610844,0.021368290095076833,0.07699380509011644,0.7142465109661951,0.021902297308027903,0.012174267694106455,0.22611054097945105,0.027054129475968913,-0.016381481923581923,0.5435660567793659,0.048022586219665826
0.23237979475149576,0.28848200734560886,0.009025426022351943,0.10253613802887139,0.7480159280054227,0.005935448930454933,0.18407801809417818,0.27937991848861954,0.013455450532456871,0.07865392896425925,0.7055641287883756,0.0138425969678378,0.19490818928699546,0.2605474101180811,0.021578772591648403,0.07621337510568303,0.7146676002968051,0.021877985525481015,0.011868096526216027,0.2260070871200053,0.02731115370634758,-0.019411405605753364,0.5448179837444774,0.04508041115859284
0.23220091941650628,0.28827438323518106,0.008714448618499973,0.10191255874102623,0.7483648340570708,0.006098021073371179,0.18393041745674515,0.27922306140950043,0.013547066613924017,0.07775488488041844,0.7060238705664118,0.013801873879751514,0.1947509810562009,0.2604320530906588,0.02178493468381422,0.07526664537510472,0.7150849793611235,0.021881270780981496,0.011701186341738015,0.22596836223335606,0.027641211985009864,-0.021472339596268195,0.5455347650167865,0.04254797298227692
0.23222150481865975,0.2879675018679799,0.008642027576874965,0.10148412369210953,0.7484264015763048,0.0061943452609942926,0.18395111490529503,0.27903227441413614,0.013670972738644262,0.07728460135988195,0.70605381637755,0.01359195379555376,0.19474978167594964,0.2602626988370204,0.021993142599663444,0.07470204782200317,0.7150624738297383,0.021702692675208475,0.01163706888605847,0.2261797229701171,0.02825104578410337,-0.022171035696334634,0.5453426274289281,0.040279517327683007
0.23228182818506468,0.28736484915134236,0.008818014147463856,0.10130148050353761,0.7483318829222632,0.006469889282161749,0.18394695125064037,0.2786537309696204,0.01362266908168514,0.07728528397850623,0.7057830703995266,0.013418079285458942,0.19469008273757996,0.25987302413754093,0.022008059680572577,0.07459428856931295,0.7147157905520601,0.02157174696270419,0.011459225521435546,0.22660239903990448,0.02897002390525912,-0.02150453578343982,0.5443522259271676,0.03813601629626395
0.23226279352493207,0.2866269639257248,0.009005521148697552,0.10084363773992466,0.7485831989734015,0.006955075599536605,0.18384491478323045,0.27813745359807934,0.013450375775426224,0.07726731627272189,0.7057189777332046,0.013436117975947744,0.19454019330219788,0.2593572375384634,0.021896372501514376,0.07442819873440391,0.7145321035827056,0.021657604017988125,0.011177948639939228,0.22694084628379158,0.029562656417771175,-0.019846634039146226,0.542959323529567,0.035990241884394494
0.23225127270518783,0.28608924277519043,0.009078862855153592,0.10027836324627369,0.7490397285579943,0.007362288256232255,0.18379749059132913,0.27770556328048834,0.013216037079338364,0.0771517979815607,0.7058381398786295,0.01319670214154518,0.19447666471203995,0.25892218300068265,0.02166222564154463,0.07419428369378343,0.7145498245897187,0.021490053661259,0.011068289830359209,0.22698497908536844,0.03020397642651751,-0.018248604656020694,0.5418267333485286,0.03399512931380139
0.23245961203154458,0.28576014016436163,0.009192565265559298,0.1002589301930109,0.7492272077986352,0.007433790141649838,0.18397695164272176,0.2773865377491384,0.013161573349959288,0.07728759174634911,0.7058490173097607,0.012601981160952779,0.1946828742273617,0.258596886736046,0.021570590122805613,0.07430386029864025,0.7144793997671163,0.020978281494360408,0.011301831909661338,0.22675495106429971,0.03088048705639382,-0.01739187791767355,0.5412766488146876,0.03212038320337536
0.23269993542709938,0.28558866476540967,0.009312693444521987,0.10067965524363379,0.7491758070917327,0.007261678085991186,0.18423614140947905,0.2772058553542252,0.013346294656095716,0.07766243952014767,0.7057793760531075,0.012029117280295685,0.1949618262309626,0.2584187396234206,0.021749043892605555,0.07467223648570402,0.7143691886628214,0.020438936740947405,0.011606201946585378,0.226509400541508,0.03138330890451439,-0.017216568958165077,0.5411895917525131,0.030483289283693208
0.23276582913193078,0.2857294949736635,0.009235178756739298,0.10116534576478685,0.7492038642157473,0.00720593596954046,0.18433538731860669,0.27729091731801314,0.013561747814405556,0.07806239309814653,0.7058477022889833,0.011936284502774777,0.1950816432410832,0.25855303219445486,0.02203848549709859,0.07505951966155734,0.7143871432924196,0.02038128517251634,0.01176278271756181,0.22642047155801298,0.03167354577055267,-0.017160258734000892,0.5413218415599444,0.02911822888948266
0.2327477241788632,0.2861125217498988,0.008934754284081942,0.10140008396148757,0.7493343020832571,0.00749034771045509,0.1843621648322824,0.27756841099635354,0.013580333865401646,0.07828801314164457,0.705988434699599,0.012216592328695647,0.1951621041522659,0.2589008266470743,0.022133292529996983,0.07526152853311943,0.7144732032789438,0.02070504998819682,0.011948177299514669,0.22627550519262807,0.03193390780057416,-0.017022559505128976,0.5413845908246544,0.028137424916012888
0.23282140233473475,0.28647458657929487,0.008541749766025484,0.10119634992201058,0.7494191115913744,0.007735213371553684,0.18449794945966774,0.2777728062399078,0.013491933766202778,0.07814113361984017,0.7060416395824558,0.012422644523845647,0.19538290575734782,0.25917031485884096,0.022091018821753083,0.07508274787888472,0.7145030672172035,0.020922705495643915,0.012303886782530544,0.22586739043783552,0.03227151175376254,-0.01695942685884717,0.541255131523005,0.027709447452371853
0.2329871957552148,0.2865810025667924,0.008302113163463508,0.10076564899885516,0.7493140323919045,0.007662484518957649,0.18470653385706848,0.27780052723165005,0.013547823231105479,0.07779461513765296,0.7059036761579727,0.012508102445228117,0.19563677372590543,0.25921148000949334,0.022109456214639958,0.07469530869362567,0.7143640507495036,0.02099827376506127,0.012627110910510846,0.2256097891942109,0.032478846019138835,-0.017018256395162034,0.5409457003072522,0.02768974403175451
0.2331757181673168,0.28638129466618717,0.008293084451246107,0.10062346902694642,0.7489988285615804,0.007569536799425779,0.1848844465346816,0.27772606875060374,0.013683598543260457,0.0776717739537672,0.7056103513638067,0.01270814925386038,0.19577253478149942,0.2590537324665491,0.022129879912543584,0.07454132083012695,0.7140806929250123,0.021187878562092068,0.012668137334158303,0.22590578040230583,0.032447578152819144,-0.017144545190211278,0.5406331578127394,0.02760276894689997
0.23334616130111868,0.2861239335929331,0.008504005129459887,0.10087573225806137,0.7487133124588272,0.007687667773624713,0.1850310759184788,0.2776015735309095,0.013790213417231887,0.07784732363569175,0.7053765523804582,0.01292152632094754,0.19583949293954728,0.2588796611954468,0.022202641921725122,0.07468530393220757,0.713846688782658,0.021391027174119066,0.012633446853937165,0.22629761570977266,0.03235082472372723,-0.017266960660241967,0.5405172885005403,0.02723280447659137
0.23353064180369684,0.2860845806338323,0.008819814573406588,0.10112652828805428,0.7485360335058743,0.007905079639761472,0.18520175688424576,0.2775665647284504,0.013969397343243053,0.0780203795309418,0.7052247846635797,0.01293424748542381,0.19599159786082634,0.2588853233170106,0.02249282312461843,0.074828667760277,0.7136969929557792,0.021392971954692794,0.012765528351805767,0.2262633227918098,0.03219507067120672,-0.017350838715042293,0.5404653719307884,0.026832872886542056
0.23361359492199119,0.2863143492782943,0.009047608925834406,0.10115721605741795,0.7482784553737443,0.007975589132416517,0.18529389685060577,0.27768519751384035,0.014151799857563074,0.07802386716892255,0.7049472068622241,0.012743283345793985,0.19611095246088064,0.25904568348568496,0.02274664585488598,0.07483708856722163,0.7134234890839874,0.02119892350949071,0.01294185766862833,0.22595275826514824,0.03195184969302029,-0.01743595198469812,0.5402529799158863,0.026712934418639294
0.2335662503591638,0.28644697758338705,0.009087390200042279,0.10115412778546741,0.7480125629489737,0.007921710085404201,0.18525543181086113,0.2777251484858792,0.014201058698833924,0.07800294531149383,0.704700594620413,0.012823144306159986,0.19610179847119294,0.25909132905238436,0.022760654278740276,0.07481975272488305,0.7131716285225388,0.02128435878583941,0.012988090232024421,0.22566183794026617,0.03169579566546599,-0.017487369362138266,0.5400106127256753,0.0266000408317212
0.23349104022653452,0.28637889445020454,0.009063515780061163,0.10117266063817071,0.7478815154164639,0.007963775110280005,0.18520287269368377,0.27761904721901104,0.014199454948972096,0.07801304997481112,0.7046292997876129,0.013276775742978739,0.19604706289933446,0.25897278612040886,0.022733257501471593,0.07479672291796724,0.7130836174470631,0.021735438058820482,0.012951994361121605,0.22540677970304202,0.03152489442625308,-0.017597070487454375,0.5399432686620259,0.026311157228505105
0.23344610304842175,0.28640511190473306,0.009128453520430072,0.10106210775470573,0.7477475316399268,0.008147323133801529,0.18515560030254669,0.2775687338340614,0.014182369572527548,0.07787097342178631,0.704529915392208,0.013577301325903571,0.19602942937424506,0.2589373157972325,0.022714999879883152,0.0746408095691805,0.7129690893775074,0.022040063340026225,0.012972399876870148,0.22510728564970428,0.03140054996330989,-0.017853547102599805,0.5398778595830793,0.0261795687310605
0.23343050862649786,0.28641820930534345,0.009218460554756811,0.10073205538361477,0.7475918518495718,0.008363757830396258,0.18512386834956174,0.2775257469505109,0.014052771675045494,0.07754087441553988,0.7043283472490227,0.013537656997534602,0.19602400465138137,0.25887110337994873,0.022524152363230222,0.0743254963955347,0.7127605757152783,0.022014265863825523,0.01298794012153387,0.22490565471577437,0.03125698009701482,-0.01815097738800414,0.5396655736126365,0.026161616495043335
0.2334116844145372,0.2861239351698054,0.00914078953295935,0.1003757674246539,0.7475291088397242,0.008599948806683029,0.18508388113061336,0.27729661296921826,0.013858041849033664,0.07723986862646748,0.7042302292207343,0.013611281531777989,0.1959562017241143,0.2585726554691508,0.0221869796161992,0.07406017526735542,0.712624407781006,0.022148323926886784,0.012869995373907574,0.22494427828657795,0.031055403028158797,-0.01829332364387061,0.5394511661783774,0.02589524146287854
0.2333119638882356,0.2858411617348425,0.008912807937413376,0.10022078453956294,0.7476182853812672,0.008670365020736476,0.18499173535019278,0.27708125396429834,0.013800022641524468,0.07718931338873994,0.7042985247467187,0.014005802507117603,0.195831677362489,0.25828146393406437,0.022010482467711683,0.07400941240378778,0.7126292426391712,0.022595250553037672,0.012681844298664278,0.22493232690278764,0.030734880196650757,-0.018044731486094878,0.539281497823038,0.02544533148244804
0.23313361239192468,0.28592756800257696,0.008768324683132359,0.10023165840281893,0.747765628465088,0.008553953811421225,0.18484517591132674,0.27707137297920403,0.013853858802859357,0.07729357434129905,0.7044254122527719,0.014125461228509578,0.19570657101197367,0.2582932635673861,0.022086617132126986,0.07409326096405404,0.7127349590797826,0.02273596259934959,0.012609843634929318,0.22452933799564137,0.030240562731456887,-0.017659370852681145,0.5392110480026029,0.02510162285588135
0.233039311549976,0.28602330377988894,0.008807140803386891,0.10027197676050112,0.7479472363905421,0.008341755754919933,0.18479134620781507,0.2770285357252458,0.01393300829961439,0.07734062652870277,0.7045952801001227,0.013839286113346623,0.19566108377207422,0.2583225495633442,0.022282837927715633,0.07412946948917574,0.7129091646174686,0.022437510000731877,0.012644267898657979,0.22396988268988088,0.02969631000371446,-0.017518763564592567,0.5393368031243859,0.024951720534416633
0.23316598469925232,0.28581847305173513,0.008860315936881621,0.100226623574129,0.7482355490344946,0.008140021273104779,0.18489464255549676,0.2768213530494026,0.013845243179507591,0.07731141243742265,0.7048632883880739,0.01352737810088696,0.1957604292661939,0.25811923159545885,0.022266624808812512,0.07409198427148111,0.7131929591509338,0.02210720200050676,0.012737551443488317,0.22371484256139756,0.029211161891238915,-0.01748729504955693,0.5395817766863683,0.02488205676747068
0.2333993547614362,0.28572867918470857,0.008788225109311739,0.10013308063545209,0.7486013706055472,0.008040950414803655,0.18511754313425166,0.27672392133207224,0.013603941464671556,0.07728328402179924,0.7051947129099967,0.013393074174980443,0.19595928229376267,0.25799742504797923,0.02195612180691326,0.07404508544211116,0.7135274754499509,0.021962590479732078,0.012921242370913239,0.22366584554290164,0.02874095377693712,-0.017235358874872653,0.5397724234043916,0.02492762109515048
0.23348748149357154,0.28596807067108476,0.008656026075318818,0.10009173673710497,0.7488058122230982,0.008102546341368588,0.18522329389480086,0.27685592217805155,0.013374053653170244,0.07729100007650826,0.7053528001599992,0.013387597637443986,0.196102150435528,0.2580901490266312,0.021606204305073345,0.07404148796649855,0.7137041747509523,0.021942776924021225,0.013114300668451035,0.22340904905914882,0.028208642798575802,-0.01699590266698885,0.5398256820439306,0.025216856008757012
0.23333909749409693,0.2862008657560643,0.008548523101313278,0.10004206693700271,0.7486847246313822,0.008321570889830926,0.1850826517994306,0.2769399483043566,0.013225584293537145,0.07725040546817054,0.7052273058457341,0.013596932039895888,0.19601713519740063,0.2581485747680003,0.02132145134177127,0.07400058051600962,0.7135907613628277,0.02213708746346229,0.013114403271355764,0.22298123434655284,0.027710754317528074,-0.017025370991793687,0.5397075937851867,0.025669351501079525
0.23312840287038308,0.286262639447894,0.008608427282021991,0.09985557879991871,0.7484991012319874,0.008391850332768383,0.18489865650826648,0.27690668416476144,0.013253723684314333,0.07711595768245262,0.7050434711659063,0.013912814774792915,0.19584573704376348,0.25806401992711275,0.021225163646815513,0.07386795783287972,0.7134150184843964,0.02243625326328862,0.012993060225288077,0.2225973634211938,0.02723847900135391,-0.016968607499680412,0.5394394271031547,0.026371395212955926
0.23306058546073022,0.2863554405126921,0.00889984012849826,0.09962893972733224,0.7485833873846468,0.008137840562401832,0.18484734324547736,0.2768864469740218,0.013533999909486625,0.07705903121029543,0.7050980364452657,0.014081146058212103,0.1958047212830871,0.258028064766116,0.02144295696548114,0.07378197328045456,0.7135193397684624,0.022551049260352597,0.012998132409321475,0.2222056291471277,0.026719216035686135,-0.016414380307998137,0.5392493014711448,0.027765637405449777
0.2330533250767509,0.28648608749255866,0.00927262103645728,0.09945395368927076,0.7488985636023279,0.007768945449975249,0.1848627268288885,0.2768926921237328,0.013891668972936085,0.0771184622401311,0.7053626445016179,0.014173964510860284,0.19584212169512089,0.2580601698838272,0.02184728410515296,0.07378080253432681,0.7138777732602385,0.02253131760308716,0.013107109695175968,0.22173668890021936,0.02635411020908048,-0.015478586025087834,0.5392115984408647,0.02999436228547348
0.2328919474868694,0.2864805180414377,0.00948936620014524,0.09906437936162833,0.7492967000842488,0.007521333380297314,0.18473195088161476,0.2767910857825028,0.014138656251216417,0.0770219405135676,0.7056675707490211,0.01428875344438376,0.1957217245557925,0.25799098411735555,0.022148752389600207,0.07366182826946714,0.7142868435921171,0.02252959627235079,0.013061271687066733,0.22128319053264003,0.02616124582979399,-0.014418206938821709,0.5391702747182885,0.03294349755421816
0.2325970726947692,0.2864514134721735,0.009453280113241857,0.09846830930132931,0.7496813300363061,0.007340414636113924,0.18445841065311244,0.27669930849875884,0.014242494382403778,0.0767286271038818,0.7059716298853629,0.014578137839354582,0.19545888352944207,0.25787696921736336,0.022177235429040265,0.07340132962287448,0.7146858625249526,0.022724689188603996,0.012819358518976304,0.22100310348703944,0.025935456384651015,-0.013564949512646156,0.5392501874482232,0.03656644940689808
0.23230869476451665,0.2865534012613113,0.00918324612760597,0.0981721661932878,0.7497820350229827,0.006978311065713947,0.18420455833207094,0.27675817378752476,0.014257637258464472,0.07655245589831336,0.7061783307590638,0.015168556012682634,0.19521275524695356,0.257872483299788,0.022033108396629135,0.07333580297943225,0.7150109324838466,0.023240941521328107,0.012584012971601737,0.22091381911088356,0.025400273326303357,-0.013333484897517235,0.5397533671292686,0.04077470669878522
0.23217505467700408,0.28665509513963056,0.008936696994019404,0.09823918205849157,0.7495400468654613,0.006473551546625113,0.18411019562440673,0.2768101093884216,0.014222487194008579,0.07652806221489937,0.7062276559450648,0.01584462955071663,0.1951086705235257,0.2578781016447988,0.02191459856459498,0.07345735942210967,0.7152108021666962,0.023793240784006412,0.012488386034222252,0.22081362036669644,0.024590222819249597,-0.01382054510939758,0.5407520793553166,0.045638363132521016
0.23223801023795826,0.2866349668327546,0.00893092053858853,0.09841089449724907,0.7493710206908208,0.005986922654977427,0.1842061493075218,0.27675756220788333,0.014471575806554417,0.07654770030567645,0.7064182189538877,0.016592089306852253,0.19516367038390597,0.2578386304942486,0.022226008539773055,0.07359073918591091,0.7156222031824545,0.024344621215801197,0.01254386046193042,0.22068901707556457,0.023744544035579972,-0.014417320530956177,0.542204881518809,0.05108910507114286
0.23224105420170685,0.2865997651968273,0.00914818935453857,0.09890579567563776,0.7493834265765361,0.005380330870866961,0.18422629394449058,0.2767135139200675,0.014821276830226814,0.07689714053531051,0.70683880622248,0.017254340613843438,0.19514610713664945,0.25779517597293305,0.022655698789665592,0.07400924500432958,0.7162676496339789,0.02474992418507493,0.012530798943319675,0.22059728422698158,0.023128471031546666,-0.01465259154184204,0.5440989358589954,0.056835568731920534
0.2320807788382666,0.2865945166230051,0.009223449156040668,0.099822455581046,0.7493355196254583,0.00462671171512478,0.18405827347583611,0.2767047455104676,0.014915422347776427,0.07767606428746206,0.7072574570102854,0.01783591861839358,0.19496427399512326,0.2577531467291856,0.022687084742445587,0.0749141642144002,0.7168848977135827,0.0251264994750669,0.012349625125718003,0.22061079057309962,0.02280806924646736,-0.014487511686520299,0.5461252497128951,0.062264167200053705
0.23198902179490777,0.2866108394854359,0.00904892504148929,0.1004158153458166,0.7493805874220347,0.004232917003489534,0.18397237405073613,0.2767219541612781,0.014750990394958651,0.07824129176572703,0.7077124748876796,0.018635828116217994,0.19487550759548183,0.2577035617433779,0.022356687590146775,0.07564304474967372,0.7174773711596489,0.02580871718683599,0.012220686436602589,0.22073276663055974,0.02259797031857973,-0.014219652839437717,0.5478964540702159,0.06701278385414954
0.23203224261644262,0.28686405507873697,0.00893269468786484,0.1003052110462217,0.7496971959578004,0.004579848922949017,0.18400662782903837,0.2769217311519294,0.014405273881849309,0.07815299642717063,0.7082627587851946,0.019697340056595375,0.19493993164893242,0.25787139713910806,0.021871944829572665,0.0756764975374911,0.7181167867766006,0.02678311355042101,0.012303555114691379,0.22080618998608853,0.022589460933372725,-0.014266107704491344,0.5493157506233919,0.07094253423394536
0.23214257262765742,0.2871962866864663,0.008940587146238015,0.0999007184186874,0.7501812170795726,0.00552682432411272,0.18407330747640255,0.27721710628767193,0.013967704956374508,0.07776920603807663,0.7088138061709329,0.020831176589771197,0.19506270936355188,0.25817558547907865,0.021388410066050155,0.07535567294619674,0.7187127525028967,0.027871264900245413,0.012471263027000853,0.22090012692529,0.0229010961819661,-0.014484704618677062,0.5503245943115964,0.07376063557749246
0.2323192204036666,0.28740921570742833,0.00890033907772702,0.09962066504750744,0.7507972718385859,0.0069832321365419815,0.18423912254607688,0.27744902198566873,0.013839579758963307,0.0775402887078898,0.7092881726189317,0.021985148743600382,0.1952391801140482,0.2584091253607619,0.021239603576993643,0.07517021038782672,0.7191784207995255,0.02906490232917544,0.01263931895007,0.22120831023572643,0.02317946144094735,-0.01433186773242173,0.5506799664652575,0.07521677008388132
0.2324854356470645,0.28769826184996944,0.008785503170522,0.09955114885759969,0.7514667823310577,0.008814663921168302,0.1844475246316865,0.2777681042194659,0.014148682905761649,0.07760813769784294,0.709682175084371,0.02322416659173447,0.19542627821031078,0.2587076319843268,0.021538713019906067,0.07523607580939386,0.7195089246459005,0.03038864948052075,0.01279595693828435,0.22164877342418718,0.023187221277232217,-0.013586686093279501,0.5503616745445388,0.07549100068696543
0.23256404569141761,0.2881727886397619,0.008863288144929826,0.09968289643030534,0.7518599066753572,0.010639991806175305,0.1845437986556153,0.27820671533117747,0.014387325271585743,0.07790694328997959,0.7097031204713113,0.0242227341541507,0.19552415076351126,0.25916126129562167,0.02181661391356597,0.07545950886382052,0.7194471403010784,0.031459504515386316,0.012908932174568207,0.22197853289139285,0.023140200039002645,-0.012423137316575272,0.5493477077188803,0.07482494295519318
0.23260100058534378,0.28845280821848035,0.009244639074453161,0.10014014515960536,0.7514730695822017,0.011731057764069392,0.18450798200096677,0.27846638161693177,0.014026078263681513,0.07850819131381881,0.7089638248736734,0.024391500057714344,0.19551326599576668,0.2594838980652761,0.021569710509590154,0.0759654446849958,0.7186346614250229,0.03170858635987722,0.012945149311614453,0.2220858712158469,0.0232408885007847,-0.011062627037300023,0.5476946519816926,0.07336994893246726
0.23261072478274897,0.2883399515780395,0.009319308933393009,0.10096638186756872,0.7503962248716864,0.011636584933959582,0.18444417360841822,0.27844314887378663,0.013567960370354619,0.07947552214643495,0.707683708521549,0.023856829698466753,0.19543983989594924,0.2594706870021713,0.021150534390718793,0.07685076532482363,0.7172827540159368,0.03123230131354291,0.012831848645045612,0.2223215855175744,0.023372684752576235,-0.009567550354124715,0.5455834188935706,0.07103138382523187
0.23262958931629352,0.2882146822071894,0.008925805236998464,0.10161877093971698,0.7493867332349896,0.011067228382650975,0.18444683954994345,0.2784376139634607,0.013280131663745422,0.08037898242117934,0.7064928929730864,0.023087610782608434,0.1954213732440399,0.2594361372809815,0.02082460692089415,0.0776328720420096,0.7159833466599106,0.030551567519871113,0.012728159580130472,0.22272309645662144,0.023545376378010695,-0.00788056233501648,0.5432464434226053,0.06772274117746216
0.2326745289940522,0.28842988458260627,0.008488263212296024,0.10131798521084247,0.7491498375744273,0.010685907709788792,0.1845216983004544,0.278664287784966,0.013058707470360757,0.08062773045581785,0.705917589601243,0.02244167858331158,0.1955006813448896,0.259707237364546,0.020691275866197154,0.07766203425272802,0.71526756228539,0.030011415744320813,0.012825854037588853,0.22299629965995219,0.02397915788113485,-0.005776173423187092,0.540840036025046,0.06385517216367735
0.232621601609044,0.2889252624316837,0.008205310914055585,0.10025032769211956,0.7496866410442926,0.010235940881870981,0.18449501320589518,0.2790528739650839,0.012928225465050517,0.08036112540543702,0.7060455932725428,0.021876103742211623,0.19555206695983482,0.2602376259398904,0.020814514834236703,0.07713793369464113,0.715219524717002,0.029550380835011197,0.013013951756890841,0.22289787107391257,0.02458380551506704,-0.0031982351788463845,0.5386934879767223,0.05984338835784017
0.2324696610784424,0.2895388241847178,0.008124806223280672,0.0994451876337134,0.7506733961667611,0.009386686789792585,0.18438472948485995,0.2794505205142401,0.012848916496102992,0.08032865590997387,0.7067246983218447,0.021126986629882796,0.19553690590157846,0.26080628063027916,0.021001461449585923,0.0768792810870421,0.7157043041266515,0.028932707722587037,0.013197209396608272,0.22249120788048937,0.024979899784623057,-0.0005709504730548005,0.5373024989960471,0.05553082135283585
0.23248227544362077,0.29019812338102163,0.00826058918422986,0.09919358755194903,0.7517714939136237,0.00844523025852672,0.184450399629758,0.27989780516444757,0.012958258763860003,0.08066858353134021,0.7076105232837404,0.020372498794316567,0.1956774876703227,0.2613544511256223,0.021226450013848094,0.07704576417139639,0.7163916657234023,0.028333415527633247,0.013529848748486284,0.22214964341200366,0.025123538816544565,0.0017496917801755577,0.5364940499664494,0.05072921759677133
0.23273,0.29079,0.00848,0.09917,0.75268,0.00799,0.18473,0.28037,0.01327,0.0811,0.7083,0.01977,0.19601,0.26185,0.02154,0.07739,0.71684,0.02793,0.01396,0.22217,0.02535,0.00363,0.5358,0.04578
,,,,,,,,,,,,,,,,,,,,,,,
,,,,,,,,,,,,,,,,,,,,,,,
,,,,,,,,,,,,,,,,,,,,,,,
,,,,,,,,,,,,,,,,,,,,,,,
,,,,,,,,,,,,,,,,,,,,,,,
,,,,,,,,,,,,,,,,,,,,,,,
,,,,,,,,,,,,,,,,,,,,,,,
,,,,,,,,,,,,,,,,,,,,,,,
,,,,,,,,,,,,,,,,,,,,,,,
,,,,,,,,,,,,,,,,,,,,,,,
,,,,,,,,,,,,,,,,,,,,,,,
,,,,,,,,,,,,,,,,,,,,,,,
,,,,,,,,,,,,,,,,,,,,,,,
,,,,,,,,,,,,,,,,,,,,,,,
,,,,,,,,,,,,,,,,,,,,,,,
,,,,,,,,,,,,,,,,,,,,,,,
,,,,,,,,,,,,,,,,,,,,,,,
,,,,,,,,,,,,,,,,,,,,,,,
,,,,,,,,,,,,,,,,,,,,,,,
,,,,,,,,,,,,,,,,,,,,,,,
,,,,,,,,,,,,,,,,,,,,,,,
,,,,,,,,,,,,,,,,,,,,,,,
,,,,,,,,,,,,,,,,,,,,,,,
,,,,,,,,,,,,,,,,,,,,,,,
,,,,,,,,,,,,,,,,,,,,,,,
,,,,,,,,,,,,,,,,,,,,,,,
,,,,,,,,,,,,,,,,,,,,,,,
,,,,,,,,,,,,,,,,,,,,,,,
,,,,,,,,,,,,,,,,,,,,,,,
,,,,,,,,,,,,,,,,,,,,,,,
,,,,,,,,,,,,,,,,,,,,,,,
,,,,,,,,,,,,,,,,,,,,,,,
,,,,,,,,,,,,,,,,,,,,,,,
,,,,,,,,,,,,,,,,,,,,,,,
,,,,,,,,,,,,,,,,,,,,,,,
,,,,,,,,,,,,,,,,,,,,,,,
,,,,,,,,,,,,,,,,,,,,,,,
,,,,,,,,,,,,,,,,,,,,,,,
,,,,,,,,,,,,,,,,,,,,,,,
,,,,,,,,,,,,,,,,,,,,,,,
,,,,,,,,,,,,,,,,,,,,,,,
,,,,,,,,,,,,,,,,,,,,,,,
,,,,,,,,,,,,,,,,,,,,,,,
,,,,,,,,,,,,,,,,,,,,,,,
,,,,,,,,,,,,,,,,,,,,,,,
,,,,,,,,,,,,,,,,,,,,,,,
,,,,,,,,,,,,,,,,,,,,,,,
,,,,,,,,,,,,,,,,,,,,,,,
,,,,,,,,,,,,,,,,,,,,,,,
,,,,,,,,,,,,,,,,,,,,,,,
,,,,,,,,,,,,,,,,,,,,,,,
,,,,,,,,,,,,,,,,,,,,,,,
,,,,,,,,,,,,,,,,,,,,,,,
,,,,,,,,,,,,,,,,,,,,,,,
,,,,,,,,,,,,,,,,,,,,,,,
,,,,,,,,,,,,,,,,,,,,,,,
,,,,,,,,,,,,,,,,,,,,,,,
,,,,,,,,,,,,,,,,,,,,,,,
,,,,,,,,,,,,,,,,,,,,,,,
,,,,,,,,,,,,,,,,,,,,,,,
,,,,,,,,,,,,,,,,,,,,,,,
,,,,,,,,,,,,,,,,,,,,,,,
,,,,,,,,,,,,,,,,,,,,,,,
,,,,,,,,,,,,,,,,,,,,,,,
,,,,,,,,,,,,,,,,,,,,,,,
,,,,,,,,,,,,,,,,,,,,,,,
,,,,,,,,,,,,,,,,,,,,,,,
,,,,,,,,,,,,,,,,,,,,,,,
,,,,,,,,,,,,,,,,,,,,,,,
,,,,,,,,,,,,,,,,,,,,,,,
,,,,,,,,,,,,,,,,,,,,,,,
,,,,,,,,,,,,,,,,,,,,,,,
,,,,,,,,,,,,,,,,,,,,,,,
,,,,,,,,,,,,,,,,,,,,,,,
,,,,,,,,,,,,,,,,,,,,,,,
,,,,,,,,,,,,,,,,,,,,,,,
,,,,,,,,,,,,,,,,,,,,,,,
,,,,,,,,,,,,,,,,,,,,,,,
,,,,,,,,,,,,,,,,,,,,,,,
,,,,,,,,,,,,,,,,,,,,,,,
,,,,,,,,,,,,,,,,,,,,,,,
,,,,,,,,,,,,,,,,,,,,,,,
,,,,,,,,,,,,,,,,,,,,,,,
,,,,,,,,,,,,,,,,,,,,,,,
,,,,,,,,,,,,,,,,,,,,,,,
,,,,,,,,,,,,,,,,,,,,,,,
,,,,,,,,,,,,,,,,,,,,,,,
,,,,,,,,,,,,,,,,,,,,,,,
,,,,,,,,,,,,,,,,,,,,,,,
,,,,,,,,,,,,,,,,,,,,,,,
,,,,,,,,,,,,,,,,,,,,,,,
,,,,,,,,,,,,,,,,,,,,,,,
,,,,,,,,,,,,,,,,,,,,,,,
,,,,,,,,,,,,,,,,,,,,,,,
,,,,,,,,,,,,,,,,,,,,,,,
,,,,,,,,,,,,,,,,,,,,,,,
,,,,,,,,,,,,,,,,,,,,,,,
,,,,,,,,,,,,,,,,,,,,,,,
,,,,,,,,,,,,,,,,,,,,,,,
,,,,,,,,,,,,,,,,,,,,,,,
,,,,,,,,,,,,,,,,,,,,,,,
,,,,,,,,,,,,,,,,,,,,,,,
,,,,,,,,,,,,,,,,,,,,,,,
,,,,,,,,,,,,,,,,,,,,,,,
,,,,,,,,,,,,,,,,,,,,,,,
,,,,,,,,,,,,,,,,,,,,,,,
,,,,,,,,,,,,,,,,,,,,,,,
,,,,,,,,,,,,,,,,,,,,,,,
,,,,,,,,,,,,,,,,,,,,,,,
,,,,,,,,,,,,,,,,,,,,,,,
,,,,,,,,,,,,,,,,,,,,,,,
,,,,,,,,,,,,,,,,,,,,,,,
,,,,,,,,,,,,,,,,,,,,,,,
,,,,,,,,,,,,,,,,,,,,,,,
,,,,,,,,,,,,,,,,,,,,,,,
,,,,,,,,,,,,,,,,,,,,,,,
,,,,,,,,,,,,,,,,,,,,,,,
,,,,,,,,,,,,,,,,,,,,,,,
,,,,,,,,,,,,,,,,,,,,,,,
,,,,,,,,,,,,,,,,,,,,,,,
,,,,,,,,,,,,,,,,,,,,,,,
,,,,,,,,,,,,,,,,,,,,,,,
,,,,,,,,,,,,,,,,,,,,,,,
,,,,,,,,,,,,,,,,,,,,,,,
,,,,,,,,,,,,,,,,,,,,,,,
,,,,,,,,,,,,,,,,,,,,,,,
,,,,,,,,,,,,,,,,,,,,,,,
,,,,,,,,,,,,,,,,,,,,,,,
,,,,,,,,,,,,,,,,,,,,,,,
,,,,,,,,,,,,,,,,,,,,,,,
,,,,,,,,,,,,,,,,,,,,,,,
,,,,,,,,,,,,,,,,,,,,,,,
,,,,,,,,,,,,,,,,,,,,,,,
,,,,,,,,,,,,,,,,,,,,,,,
,,,,,,,,,,,,,,,,,,,,,,,
,,,,,,,,,,,,,,,,,,,,,,,
,,,,,,,,,,,,,,,,,,,,,,,
,,,,,,,,,,,,,,,,,,,,,,,
,,,,,,,,,,,,,,,,,,,,,,,
,,,,,,,,,,,,,,,,,,,,,,,
,,,,,,,,,,,,,,,,,,,,,,,
,,,,,,,,,,,,,,,,,,,,,,,
,,,,,,,,,,,,,,,,,,,,,,,
,,,,,,,,,,,,,,,,,,,,,,,
,,,,,,,,,,,,,,,,,,,,,,,
,,,,,,,,,,,,,,,,,,,,,,,
,,,,,,,,,,,,,,,,,,,,,,,
,,,,,,,,,,,,,,,,,,,,,,,
,,,,,,,,,,,,,,,,,,,,,,,
,,,,,,,,,,,,,,,,,,,,,,,
,,,,,,,,,,,,,,,,,,,,,,,
,,,,,,,,,,,,,,,,,,,,,,,
,,,,,,,,,,,,,,,,,,,,,,,
,,,,,,,,,,,,,,,,,,,,,,,
,,,,,,,,,,,,,,,,,,,,,,,
,,,,,,,,,,,,,,,,,,,,,,,
,,,,,,,,,,,,,,,,,,,,,,,
,,,,,,,,,,,,,,,,,,,,,,,
,,,,,,,,,,,,,,,,,,,,,,,
,,,,,,,,,,,,,,,,,,,,,,,
,,,,,,,,,,,,,,,,,,,,,,,
,,,,,,,,,,,,,,,,,,,,,,,
,,,,,,,,,,,,,,,,,,,,,,,
,,,,,,,,,,,,,,,,,,,,,,,
,,,,,,,,,,,,,,,,,,,,,,,
,,,,,,,,,,,,,,,,,,,,,,,
,,,,,,,,,,,,,,,,,,,,,,,
,,,,,,,,,,,,,,,,,,,,,,,
,,,,,,,,,,,,,,,,,,,,,,,
,,,,,,,,,,,,,,,,,,,,,,,
,,,,,,,,,,,,,,,,,,,,,,,
,,,,,,,,,,,,,,,,,,,,,,,
,,,,,,,,,,,,,,,,,,,,,,,
,,,,,,,,,,,,,,,,,,,,,,,
,,,,,,,,,,,,,,,,,,,,,,,
,,,,,,,,,,,,,,,,,,,,,,,
,,,,,,,,,,,,,,,,,,,,,,,
,,,,,,,,,,,,,,,,,,,,,,,
,,,,,,,,,,,,,,,,,,,,,,,
,,,,,,,,,,,,,,,,,,,,,,,
,,,,,,,,,,,,,,,,,,,,,,,
,,,,,,,,,,,,,,,,,,,,,,,
,,,,,,,,,,,,,,,,,,,,,,,
,,,,,,,,,,,,,,,,,,,,,,,
,,,,,,,,,,,,,,,,,,,,,,,
,,,,,,,,,,,,,,,,,,,,,,,
,,,,,,,,,,,,,,,,,,,,,,,
,,,,,,,,,,,,,,,,,,,,,,,
,,,,,,,,,,,,,,,,,,,,,,,
,,,,,,,,,,,,,,,,,,,,,,,
,,,,,,,,,,,,,,,,,,,,,,,
,,,,,,,,,,,,,,,,,,,,,,,
,,,,,,,,,,,,,,,,,,,,,,,
,,,,,,,,,,,,,,,,,,,,,,,
,,,,,,,,,,,,,,,,,,,,,,,
,,,,,,,,,,,,,,,,,,,,,,,
,,,,,,,,,,,,,,,,,,,,,,,
,,,,,,,,,,,,,,,,,,,,,,,
,,,,,,,,,,,,,,,,,,,,,,,
,,,,,,,,,,,,,,,,,,,,,,,
,,,,,,,,,,,,,,,,,,,,,,,
,,,,,,,,,,,,,,,,,,,,,,,
,,,,,,,,,,,,,,,,,,,,,,,
,,,,,,,,,,,,,,,,,,,,,,,
,,,,,,,,,,,,,,,,,,,,,,,
,,,,,,,,,,,,,,,,,,,,,,,
,,,,,,,,,,,,,,,,,,,,,,,
,,,,,,,,,,,,,,,,,,,,,,,
,,,,,,,,,,,,,,,,,,,,,,,
,,,,,,,,,,,,,,,,,,,,,,,
,,,,,,,,,,,,,,,,,,,,,,,
,,,,,,,,,,,,,,,,,,,,,,,
,,,,,,,,,,,,,,,,,,,,,,,
,,,,,,,,,,,,,,,,,,,,,,,
,,,,,,,,,,,,,,,,,,,,,,,
,,,,,,,,,,,,,,,,,,,,,,,
,,,,,,,,,,,,,,,,,,,,,,,
,,,,,,,,,,,,,,,,,,,,,,,
,,,,,,,,,,,,,,,,,,,,,,,
,,,,,,,,,,,,,,,,,,,,,,,
,,,,,,,,,,,,,,,,,,,,,,,
,,,,,,,,,,,,,,,,,,,,,,,
,,,,,,,,,,,,,,,,,,,,,,,
,,,,,,,,,,,,,,,,,,,,,,,
,,,,,,,,,,,,,,,,,,,,,,,
,,,,,,,,,,,,,,,,,,,,,,,
,,,,,,,,,,,,,,,,,,,,,,,
,,,,,,,,,,,,,,,,,,,,,,,
,,,,,,,,,,,,,,,,,,,,,,,
,,,,,,,,,,,,,,,,,,,,,,,
,,,,,,,,,,,,,,,,,,,,,,,
,,,,,,,,,,,,,,,,,,,,,,,
,,,,,,,,,,,,,,,,,,,,,,,
,,,,,,,,,,,,,,,,,,,,,,,
,,,,,,,,,,,,,,,,,,,,,,,
,,,,,,,,,,,,,,,,,,,,,,,
,,,,,,,,,,,,,,,,,,,,,,,
,,,,,,,,,,,,,,,,,,,,,,,
,,,,,,,,,,,,,,,,,,,,,,,
,,,,,,,,,,,,,,,,,,,,,,,
,,,,,,,,,,,,,,,,,,,,,,,
,,,,,,,,,,,,,,,,,,,,,,,
,,,,,,,,,,,,,,,,,,,,,,,
,,,,,,,,,,,,,,,,,,,,,,,
,,,,,,,,,,,,,,,,,,,,,,,
,,,,,,,,,,,,,,,,,,,,,,,
,,,,,,,,,,,,,,,,,,,,,,,
,,,,,,,,,,,,,,,,,,,,,,,
,,,,,,,,,,,,,,,,,,,,,,,
,,,,,,,,,,,,,,,,,,,,,,,
,,,,,,,,,,,,,,,,,,,,,,,
,,,,,,,,,,,,,,,,,,,,,,,
,,,,,,,,,,,,,,,,,,,,,,,
,,,,,,,,,,,,,,,,,,,,,,,
,,,,,,,,,,,,,,,,,,,,,,,
,,,,,,,,,,,,,,,,,,,,,,,
,,,,,,,,,,,,,,,,,,,,,,,
,,,,,,,,,,,,,,,,,,,,,,,
,,,,,,,,,,,,,,,,,,,,,,,
,,,,,,,,,,,,,,,,,,,,,,,
,,,,,,,,,,,,,,,,,,,,,,,
,,,,,,,,,,,,,,,,,,,,,,,
,,,,,,,,,,,,,,,,,,,,,,,
,,,,,,,,,,,,,,,,,,,,,,,
,,,,,,,,,,,,,,,,,,,,,,,
,,,,,,,,,,,,,,,,,,,,,,,
,,,,,,,,,,,,,,,,,,,,,,,
,,,,,,,,,,,,,,,,,,,,,,,
,,,,,,,,,,,,,,,,,,,,,,,
,,,,,,,,,,,,,,,,,,,,,,,
,,,,,,,,,,,,,,,,,,,,,,,
,,,,,,,,,,,,,,,,,,,,,,,
,,,,,,,,,,,,,,,,,,,,,,,
,,,,,,,,,,,,,,,,,,,,,,,
,,,,,,,,,,,,,,,,,,,,,,,
,,,,,,,,,,,,,,,,,,,,,,,
,,,,,,,,,,,,,,,,,,,,,,,
,,,,,,,,,,,,,,,,,,,,,,,
,,,,,,,,,,,,,,,,,,,,,,,
,,,,,,,,,,,,,,,,,,,,,,,
,,,,,,,,,,,,,,,,,,,,,,,
,,,,,,,,,,,,,,,,,,,,,,,
,,,,,,,,,,,,,,,,,,,,,,,
,,,,,,,,,,,,,,,,,,,,,,,
,,,,,,,,,,,,,,,,,,,,,,,
,,,,,,,,,,,,,,,,,,,,,,,
,,,,,,,,,,,,,,,,,,,,,,,
,,,,,,,,,,,,,,,,,,,,,,,
,,,,,,,,,,,,,,,,,,,,,,,
,,,,,,,,,,,,,,,,,,,,,,,
,,,,,,,,,,,,,,,,,,,,,,,
,,,,,,,,,,,,,,,,,,,,,,,
,,,,,,,,,,,,,,,,,,,,,,,
,,,,,,,,,,,,,,,,,,,,,,,
,,,,,,,,,,,,,,,,,,,,,,,
,,,,,,,,,,,,,,,,,,,,,,,
,,,,,,,,,,,,,,,,,,,,,,,
,,,,,,,,,,,,,,,,,,,,,,,
,,,,,,,,,,,,,,,,,,,,,,,
,,,,,,,,,,,,,,,,,,,,,,,
,,,,,,,,,,,,,,,,,,,,,,,
,,,,,,,,,,,,,,,,,,,,,,,
,,,,,,,,,,,,,,,,,,,,,,,
,,,,,,,,,,,,,,,,,,,,,,,
,,,,,,,,,,,,,,,,,,,,,,,
,,,,,,,,,,,,,,,,,,,,,,,
,,,,,,,,,,,,,,,,,,,,,,,
,,,,,,,,,,,,,,,,,,,,,,,
,,,,,,,,,,,,,,,,,,,,,,,
,,,,,,,,,,,,,,,,,,,,,,,
,,,,,,,,,,,,,,,,,,,,,,,
,,,,,,,,,,,,,,,,,,,,,,,
,,,,,,,,,,,,,,,,,,,,,,,
,,,,,,,,,,,,,,,,,,,,,,,
,,,,,,,,,,,,,,,,,,,,,,,
,,,,,,,,,,,,,,,,,,,,,,,
,,,,,,,,,,,,,,,,,,,,,,,
,,,,,,,,,,,,,,,,,,,,,,,
,,,,,,,,,,,,,,,,,,,,,,,
,,,,,,,,,,,,,,,,,,,,,,,
,,,,,,,,,,,,,,,,,,,,,,,
,,,,,,,,,,,,,,,,,,,,,,,
,,,,,,,,,,,,,,,,,,,,,,,
,,,,,,,,,,,,,,,,,,,,,,,
,,,,,,,,,,,,,,,,,,,,,,,
,,,,,,,,,,,,,,,,,,,,,,,
,,,,,,,,,,,,,,,,,,,,,,,
,,,,,,,,,,,,,,,,,,,,,,,
,,,,,,,,,,,,,,,,,,,,,,,
,,,,,,,,,,,,,,,,,,,,,,,
,,,,,,,,,,,,,,,,,,,,,,,
,,,,,,,,,,,,,,,,,,,,,,,
,,,,,,,,,,,,,,,,,,,,,,,
,,,,,,,,,,,,,,,,,,,,,,,
,,,,,,,,,,,,,,,,,,,,,,,
,,,,,,,,,,,,,,,,,,,,,,,
,,,,,,,,,,,,,,,,,,,,,,,
,,,,,,,,,,,,,,,,,,,,,,,
,,,,,,,,,,,,,,,,,,,,,,,
,,,,,,,,,,,,,,,,,,,,,,,
,,,,,,,,,,,,,,,,,,,,,,,
,,,,,,,,,,,,,,,,,,,,,,,
,,,,,,,,,,,,,,,,,,,,,,,
,,,,,,,,,,,,,,,,,,,,,,,
,,,,,,,,,,,,,,,,,,,,,,,
,,,,,,,,,,,,,,,,,,,,,,,
,,,,,,,,,,,,,,,,,,,,,,,
,,,,,,,,,,,,,,,,,,,,,,,
,,,,,,,,,,,,,,,,,,,,,,,
,,,,,,,,,,,,,,,,,,,,,,,
,,,,,,,,,,,,,,,,,,,,,,,
,,,,,,,,,,,,,,,,,,,,,,,
,,,,,,,,,,,,,,,,,,,,,,,
,,,,,,,,,,,,,,,,,,,,,,,
,,,,,,,,,,,,,,,,,,,,,,,
,,,,,,,,,,,,,,,,,,,,,,,
,,,,,,,,,,,,,,,,,,,,,,,
,,,,,,,,,,,,,,,,,,,,,,,
,,,,,,,,,,,,,,,,,,,,,,,
,,,,,,,,,,,,,,,,,,,,,,,
