Unnamed: 0_level_0,L_MTP_ANGLE,L_MTP_ANGLE,L_MTP_ANGLE,R_MTP_ANGLE,R_MTP_ANGLE,R_MTP_ANGLE,L_ANKLE_ANGLE,L_ANKLE_ANGLE,L_ANKLE_ANGLE,R_ANKLE_ANGLE,R_ANKLE_ANGLE,R_ANKLE_ANGLE,L_KNEE_ANGLE,L_KNEE_ANGLE,L_KNEE_ANGLE,R_KNEE_ANGLE,R_KNEE_ANGLE,R_KNEE_ANGLE,L_HIP_ANGLE,L_HIP_ANGLE,L_HIP_ANGLE,R_HIP_ANGLE,R_HIP_ANGLE,R_HIP_ANGLE,L_SHOULDER_ANGLE,L_SHOULDER_ANGLE,L_SHOULDER_ANGLE,R_SHOULDER_ANGLE,R_SHOULDER_ANGLE,R_SHOULDER_ANGLE,L_ELBOW_ANGLE,L_ELBOW_ANGLE,L_ELBOW_ANGLE,R_ELBOW_ANGLE,R_ELBOW_ANGLE,R_ELBOW_ANGLE,L_WRIST_ANGLE,L_WRIST_ANGLE,L_WRIST_ANGLE,R_WRIST_ANGLE,R_WRIST_ANGLE,R_WRIST_ANGLE,NECK_ANGLE,NECK_ANGLE,NECK_ANGLE,NECK_ANGLE_SHADOW,NECK_ANGLE_SHADOW,NECK_ANGLE_SHADOW,Trunk_Joint_Angle,Trunk_Joint_Angle,Trunk_Joint_Angle
ITEM,X,Y,Z,X,Y,Z,X,Y,Z,X,Y,Z,X,Y,Z,X,Y,Z,X,Y,Z,X,Y,Z,X,Y,Z,X,Y,Z,X,Y,Z,X,Y,Z,X,Y,Z,X,Y,Z,X,Y,Z,X,Y,Z,X,Y,Z
301,-5.09222,0.0,-0.0,-5.74429,0.0,0.0,-5.66059,-8.20165,3.85036,11.41899,0.91941,-18.58311,-24.05035,-1.93022,0.00133,-9.60811,-1.67606,-0.00031,26.27998,14.24799,7.14264,4.92613,4.59108,-15.47646,39.36556,28.21719,-10.71301,53.9199,-5.97355,38.00388,133.23891,-0.00148,-109.93214,117.80762,-0.00395,118.40053,-1.07484,-24.65257,0.0027,-5.05224,6.55518,0.00137,-5.98173,-11.01279,12.82258,-29.08054,-15.10852,7.53117,2.98807,1.56864,10.26681
302,-5.22915,-0.0,-0.0,-5.44555,0.0,-0.0,-5.40038,-8.10814,3.96223,11.50476,0.81685,-18.7605,-23.38846,-1.73588,0.00101,-9.79942,-1.80186,-0.00054,25.97238,13.93116,7.16698,5.10061,4.56539,-15.48629,39.37901,28.17159,-10.76246,53.74905,-6.01724,37.92664,133.15839,-0.00129,-110.36276,118.00489,0.00026,119.1381,-0.95943,-24.45112,0.00141,-4.92566,6.54367,0.00083,-6.04017,-10.96254,12.68996,-29.14063,-15.01122,7.42758,3.18326,1.47773,10.12113
303,-5.12317,0.0,0.0,-5.01355,0.0,-0.0,-5.29232,-8.04732,4.11075,11.56582,0.65415,-18.9269,-22.69818,-1.56883,0.00056,-10.02797,-1.93029,-0.00075,25.64506,13.60167,7.18145,5.26386,4.5219,-15.49042,39.39465,28.09946,-10.79749,53.60583,-6.09627,37.81113,133.07385,-0.0007,-110.74037,118.18549,0.00388,119.27527,-0.8546,-24.11745,0.00051,-4.61902,6.53691,0.00032,-6.11765,-10.87687,12.50614,-29.2186,-14.8616,7.29054,3.3357,1.37138,9.95279
304,-4.94699,0.0,0.0,-4.62945,0.0,0.0,-5.26562,-8.06216,4.34521,11.63653,0.43124,-19.12536,-21.98411,-1.4378,-8e-05,-10.31737,-2.05968,-0.00077,25.3025,13.27225,7.15759,5.43263,4.4709,-15.44214,39.40727,28.00298,-10.80977,53.49591,-6.20675,37.67628,133.01172,-4e-05,-111.05052,118.33161,0.00519,118.91154,-0.74862,-23.76144,0.00027,-4.18961,6.51998,-0.00025,-6.19525,-10.7784,12.28303,-29.29725,-14.68504,7.12204,3.44039,1.26913,9.77804
305,-4.90865,0.0,-0.0,-4.44433,-0.0,-0.0,-5.22505,-8.15078,4.69793,11.75764,0.16809,-19.39472,-21.26445,-1.34793,-0.00076,-10.69277,-2.19779,-0.00049,24.96163,12.95323,7.08216,5.63617,4.42271,-15.30559,39.41069,27.90069,-10.79366,53.41796,-6.33132,37.54734,132.98587,0.00039,-111.27238,118.42381,0.0041,118.27286,-0.6368,-23.45578,0.00036,-3.75322,6.48721,-0.0007,-6.26031,-10.70683,12.0448,-29.36669,-14.52738,6.92859,3.51037,1.18341,9.61315
306,-5.13554,-0.0,-0.0,-4.48418,0.0,-0.0,-5.10079,-8.27723,5.15161,11.95297,-0.10057,-19.7566,-20.56802,-1.294,-0.00119,-11.16809,-2.35293,3e-05,24.6421,12.64757,6.97101,5.89573,4.38071,-15.0717,39.40728,27.82177,-10.75729,53.36492,-6.44693,37.44467,132.98724,0.00047,-111.36198,118.45222,0.0019,117.57989,-0.55562,-23.21108,0.00035,-3.42566,6.4456,-0.00078,-6.30744,-10.69936,11.82347,-29.42362,-14.43514,6.72503,3.56475,1.11339,9.46278
307,-5.62733,-0.0,0.0,-4.64609,-0.0,0.0,-4.87795,-8.39276,5.6345,12.21777,-0.33807,-20.19889,-19.92534,-1.26119,-0.0012,-11.73905,-2.52764,0.00063,24.35973,12.35102,6.86818,6.21475,4.33803,-14.76949,39.41094,27.78799,-10.72721,53.3261,-6.53274,37.37481,132.98845,0.00026,-111.31784,118.42393,-0.0,116.96957,-0.562,-23.00666,8e-05,-3.26632,6.40309,-0.00047,-6.33422,-10.76719,11.65346,-29.46513,-14.43192,6.5389,3.61942,1.04468,9.31639
308,-6.27684,-0.0,0.0,-4.76753,-0.0,0.0,-4.59249,-8.45754,6.05499,12.52449,-0.51569,-20.6698,-19.35568,-1.23281,-0.00088,-12.38857,-2.71796,0.00111,24.12192,12.05669,6.82424,6.58363,4.27975,-14.45537,39.43845,27.7961,-10.74096,53.29103,-6.57867,37.33021,132.95911,-0.00024,-111.22015,118.36298,-0.00094,116.48518,-0.70299,-22.82246,-0.00043,-3.27208,6.35192,0.00018,-6.33737,-10.88421,11.56062,-29.48436,-14.50369,6.40481,3.6836,0.95644,9.15937
309,-6.92855,0.0,-0.0,-4.71946,0.0,0.0,-4.30032,-8.45962,6.35948,12.84086,-0.61952,-21.10432,-18.85803,-1.20078,-0.00051,-13.09799,-2.91383,0.00135,23.91692,11.76137,6.8614,6.98261,4.18991,-14.17389,39.49836,27.81688,-10.83162,53.25321,-6.59279,37.29701,132.88164,-0.00105,-111.19532,118.30314,-0.00106,116.12845,-0.99555,-22.64559,-0.00102,-3.40746,6.27372,0.00107,-6.31305,-10.99724,11.54957,-29.47206,-14.60335,6.34859,3.75345,0.83327,8.9907
310,-7.42041,0.0,0.0,-4.44777,-0.0,-0.0,-4.05245,-8.40938,6.55132,13.14186,-0.65077,-21.44984,-18.41562,-1.16764,-0.00023,-13.85373,-3.10306,0.00145,23.71501,11.46819,6.96127,7.38612,4.05885,-13.94053,39.58638,27.81419,-11.01111,53.21254,-6.6012,37.26458,132.76277,-0.00188,-111.33235,118.27613,-0.00091,115.91677,-1.4221,-22.46651,-0.0014,-3.63405,6.16273,0.00193,-6.26135,-11.05349,11.59913,-29.42393,-14.6742,6.37195,3.81201,0.67439,8.82832
311,-7.63309,-0.0,0.0,-3.98242,-0.0,-0.0,-3.88161,-8.31772,6.65768,13.41785,-0.61845,-21.67503,-18.0136,-1.13824,-5e-05,-14.64802,-3.27826,0.00165,23.49678,11.18476,7.08128,7.78038,3.88803,-13.76124,39.69042,27.76852,-11.2613,53.17681,-6.63793,37.2305,132.63394,-0.00207,-111.62205,118.29942,-0.00093,115.88432,-1.94412,-22.28361,-0.00119,-3.91884,6.04197,0.00232,-6.19115,-11.02856,11.67088,-29.34795,-14.67898,6.44901,3.8461,0.49554,8.69454
312,-7.52756,0.0,0.0,-3.42546,0.0,-0.0,-3.79772,-8.18728,6.68754,13.67701,-0.53275,-21.77204,-17.65402,-1.11063,0.0001,-15.47553,-3.43989,0.00204,23.27482,10.92015,7.18476,8.17324,3.68987,-13.65072,39.8014,27.68634,-11.54097,53.16093,-6.7304,37.20038,132.53555,-0.00134,-111.97793,118.37192,-0.00107,116.02404,-2.50846,-22.10627,-0.00023,-4.23614,5.95845,0.00198,-6.11983,-10.93714,11.72457,-29.2648,-14.61565,6.53625,3.85862,0.32195,8.59916
313,-7.12487,0.0,-0.0,-2.88989,0.0,-0.0,-3.7962,-8.01901,6.61842,13.93263,-0.40687,-21.75324,-17.35583,-1.07358,0.00022,-16.32691,-3.59095,0.00238,23.08005,10.67983,7.26828,8.57816,3.47834,-13.62719,39.92004,27.59196,-11.80534,53.18262,-6.88714,37.18398,132.49486,-5e-05,-112.29889,118.47947,-0.00091,116.2349,-3.04254,-21.93305,0.00107,-4.57652,5.9569,0.001,-6.06579,-10.82047,11.72918,-29.19864,-14.51014,6.58792,3.85936,0.17351,8.5368
314,-6.50656,0.0,0.0,-2.454,-0.0,0.0,-3.85734,-7.823,6.42469,14.1911,-0.26688,-21.65454,-17.14574,-1.0135,0.0002,-17.18422,-3.72434,0.0021,22.93811,10.46183,7.35695,8.99458,3.25868,-13.68539,40.05473,27.51261,-12.02857,53.25687,-7.09214,37.18911,132.51324,0.00126,-112.50889,118.60453,-0.00038,116.3769,-3.47417,-21.72441,0.00196,-4.94342,6.05343,-0.00023,-6.03941,-10.72176,11.66557,-29.16518,-14.39482,6.56862,3.85364,0.054,8.49387
315,-5.83179,-0.0,-0.0,-2.16442,-0.0,0.0,-3.93848,-7.62367,6.11761,14.45177,-0.15841,-21.53778,-17.04713,-0.9247,-9e-05,-18.02267,-3.8161,0.00083,22.8603,10.26038,7.47313,9.40613,3.02821,-13.77885,40.21622,27.46712,-12.21737,53.39245,-7.30944,37.21685,132.57118,0.00235,-112.56215,118.73424,-1e-05,116.41108,-3.77622,-21.41989,0.00198,-5.32644,6.23715,-0.00122,-6.03992,-10.66777,11.52677,-29.16658,-14.2916,6.46105,3.84304,-0.04523,8.45539
316,-5.26986,0.0,0.0,-2.03516,-0.0,-0.0,-3.99002,-7.44979,5.75128,14.70897,-0.13508,-21.46554,-17.06872,-0.81239,-0.0006,-18.81736,-3.83763,-0.00105,22.845,10.07217,7.61943,9.79185,2.78424,-13.84567,40.41459,27.46021,-12.40574,53.59138,-7.49759,37.2622,132.64575,0.00325,-112.43489,118.86248,-0.00025,116.44123,-3.99254,-21.00006,0.00104,-5.68996,6.48668,-0.00155,-6.05999,-10.66704,11.32052,-29.19574,-14.2113,6.26903,3.83013,-0.13319,8.40932
317,-4.90095,-0.0,0.0,-2.0362,-0.0,0.0,-3.98477,-7.31681,5.39626,14.95228,-0.2291,-21.46512,-17.19842,-0.68965,-0.0011,-19.55028,-3.77871,-0.00264,22.88176,9.89856,7.78681,10.13849,2.52898,-13.85357,40.6583,27.48285,-12.62984,53.85085,-7.62747,37.31751,132.72581,0.00378,-112.11709,118.98523,-0.00087,116.59615,-4.20735,-20.5227,-0.00034,-5.99155,6.77452,-0.00108,-6.09217,-10.71895,11.0711,-29.24378,-14.1627,6.01553,3.81996,-0.21198,8.35017
318,-4.7073,0.0,-0.0,-2.10316,-0.0,0.0,-3.92514,-7.22221,5.11449,15.1709,-0.42402,-21.52472,-17.40719,-0.57504,-0.00136,-20.21349,-3.65852,-0.00322,22.95533,9.74298,7.96236,10.44444,2.26826,-13.81386,40.95406,27.52001,-12.90057,54.16419,-7.69335,37.37411,132.81493,0.00335,-111.59264,119.09579,-0.00127,116.88884,-4.48177,-20.08899,-0.00102,-6.19489,7.06272,-0.00019,-6.13103,-10.81904,10.81602,-29.30303,-14.15617,5.73732,3.81762,-0.27921,8.27971
319,-4.63613,-0.0,-0.0,-2.16516,0.0,0.0,-3.82857,-7.15417,4.94326,15.36126,-0.65313,-21.61697,-17.6628,-0.4883,-0.00128,-20.80625,-3.51559,-0.0027,23.05044,9.60643,8.12481,10.71271,2.00796,-13.76647,41.30614,27.56252,-13.19874,54.51906,-7.71106,37.42263,132.92496,0.00109,-110.80761,119.18562,-0.00115,117.18456,-4.82741,-19.78665,-0.00026,-6.27201,7.29934,0.00029,-6.17048,-10.95448,10.5974,-29.36451,-14.19615,5.47878,3.82365,-0.33373,8.19999
320,-4.65882,-0.0,-0.0,-2.17593,-0.0,0.0,-3.70994,-7.09836,4.89119,15.53007,-0.83276,-21.71904,-17.94445,-0.44516,-0.00086,-21.32957,-3.38724,-0.00154,23.1563,9.486,8.23999,10.94235,1.7519,-13.7552,41.71458,27.61244,-13.49397,54.89659,-7.70475,37.45488,133.06757,-0.00334,-109.6545,119.24818,-0.00076,117.31873,-5.22785,-19.65818,0.00148,-6.20296,7.42498,-0.00051,-6.20136,-11.09865,10.45121,-29.41529,-14.27212,5.28411,3.8321,-0.37879,8.10736
321,-4.79407,-0.0,-0.0,-2.13749,0.0,0.0,-3.57048,-7.04141,4.95358,15.68934,-0.9098,-21.8187,-18.24851,-0.45719,-0.00013,-21.7838,-3.29461,-0.00034,23.26697,9.37987,8.26933,11.12794,1.50399,-13.79749,42.17262,27.67607,-13.76536,55.27604,-7.69135,37.46868,133.24512,-0.00885,-108.01556,119.28077,-0.00044,117.26051,-5.6581,-19.68606,0.00288,-5.97102,7.39892,-0.00265,-6.21335,-11.21633,10.39709,-29.4411,-14.35934,5.18587,3.83355,-0.42107,8.00084
322,-5.0714,0.0,-0.0,-2.09496,0.0,-0.0,-3.40284,-6.97918,5.12385,15.84692,-0.88825,-21.9101,-18.58622,-0.5304,0.00082,-22.16856,-3.24017,0.00049,23.38112,9.29321,8.18778,11.2641,1.27291,-13.87254,42.66549,27.75054,-14.00968,55.64225,-7.67515,37.4749,133.44391,-0.01275,-105.87542,119.28324,-3e-05,117.17067,-6.07722,-19.79499,0.00294,-5.57843,7.23324,-0.00484,-6.20057,-11.27776,10.43066,-29.43332,-14.42877,5.19209,3.81969,-0.46504,7.89183
323,-5.46232,0.0,-0.0,-2.10301,-0.0,-0.0,-3.211,-6.92839,5.38227,16.00075,-0.81754,-21.98699,-18.97869,-0.65714,0.00174,-22.48162,-3.21346,0.00084,23.50561,9.23798,7.99645,11.34839,1.07365,-13.94306,43.17213,27.81887,-14.2388,55.98946,-7.65463,37.50086,133.63792,-0.01259,-103.42118,119.25558,0.00079,117.3093,-6.41692,-19.89063,0.00209,-5.08591,7.00895,-0.00523,-6.165,-11.27111,10.52485,-29.39362,-14.4591,5.28245,3.78724,-0.50634,7.79986
324,-5.84845,-0.0,-0.0,-2.19041,0.0,-0.0,-3.02564,-6.92504,5.68198,16.14055,-0.75641,-22.03927,-19.45165,-0.81266,0.00226,-22.71878,-3.20046,0.00085,23.65695,9.22853,7.72349,11.38134,0.92385,-13.98731,43.66922,27.86088,-14.47187,56.31913,-7.63055,37.58244,133.80228,-0.00835,-101.04317,119.19698,0.00186,117.82643,-6.58795,-19.91231,0.00179,-4.62234,6.84949,-0.00365,-6.11466,-11.20656,10.64557,-29.33221,-14.44646,5.4211,3.73927,-0.53059,7.74216
325,-6.05645,0.0,-0.0,-2.34119,0.0,-0.0,-2.89974,-7.00273,5.9529,16.25201,-0.74183,-22.05335,-20.03178,-0.96389,0.00199,-22.87594,-3.193,0.00069,23.85613,9.27785,7.41737,11.3639,0.83808,-14.01322,44.13421,27.86996,-14.72569,56.63389,-7.60749,37.74435,133.92474,-0.00248,-99.21433,119.10962,0.00227,118.60372,-6.50881,-19.84569,0.00298,-4.32995,6.86059,-0.00229,-6.05939,-11.11193,10.77296,-29.26246,-14.40875,5.57822,3.68152,-0.51912,7.72709
326,-5.94588,-0.0,0.0,-2.50031,-0.0,-0.0,-2.88775,-7.16729,6.12073,16.32062,-0.77862,-22.01582,-20.74491,-1.08287,0.00067,-22.95148,-3.19279,0.00048,24.12343,9.39428,7.13473,11.2963,0.82307,-14.04854,44.54733,27.86063,-15.00767,56.93316,-7.59103,37.97935,134.00937,0.0022,-98.26102,119.00553,0.00133,119.32207,-6.1657,-19.69969,0.00505,-4.29115,7.07814,-0.00303,-6.00816,-11.02173,10.91122,-29.19663,-14.37928,5.74367,3.61707,-0.4573,7.75127
327,-5.49817,-0.0,-0.0,-2.60424,0.0,-0.0,-3.02388,-7.38971,6.12983,16.33924,-0.84293,-21.91906,-21.61483,-1.15456,-0.00157,-22.94833,-3.20811,0.00023,24.48046,9.57725,6.9239,11.18261,0.87436,-14.11948,44.89702,27.85894,-15.31628,57.21427,-7.58615,38.24512,134.07343,0.00435,-98.15208,118.9076,-0.00031,119.64836,-5.67022,-19.4965,0.00621,-4.51619,7.44905,-0.00517,-5.96707,-10.96262,11.07872,-29.14275,-14.38968,5.92373,3.54575,-0.34154,7.80085
328,-4.82342,-0.0,-0.0,-2.6158,0.0,-0.0,-3.31784,-7.61954,5.9569,16.31584,-0.89194,-21.76391,-22.66152,-1.1772,-0.00419,-22.87546,-3.24929,-0.0001,24.95318,9.8153,6.81085,11.03473,0.97671,-14.23739,45.18932,27.88069,-15.64823,57.4779,-7.59993,38.48521,134.13631,0.00412,-98.49014,118.84192,-0.00087,119.35979,-5.23701,-19.27714,0.00528,-4.9944,7.85313,-0.00621,-5.93574,-10.94247,11.28703,-29.10061,-14.45162,6.12605,3.46587,-0.18079,7.85804
329,-4.07571,0.0,-0.0,-2.54243,0.0,-0.0,-3.76917,-7.80816,5.61398,16.27287,-0.88124,-21.5611,-23.89735,-1.1616,-0.00608,-22.74754,-3.3257,-0.00046,25.56587,10.09173,6.7934,10.8684,1.11017,-14.39807,45.45238,27.91677,-16.00173,57.73014,-7.64595,38.65881,134.20415,0.0024,-98.7264,118.82882,0.00089,118.40115,-5.06745,-19.09013,0.00308,-5.72078,8.16437,-0.00406,-5.9044,-10.9505,11.52546,-29.0597,-14.55107,6.34509,3.37342,0.00846,7.90998
330,-3.37703,-0.0,0.0,-2.43999,0.0,-0.0,-4.37969,-7.93288,5.15397,16.24203,-0.78956,-21.33736,-25.32036,-1.1334,-0.00582,-22.58491,-3.44041,-0.00074,26.3289,10.39301,6.84451,10.69717,1.25515,-14.58017,45.72472,27.9411,-16.37115,57.97826,-7.74245,38.75725,134.26443,0.00059,-98.471,118.87724,0.00429,116.89754,-5.23283,-18.96503,0.00131,-6.65539,8.30673,0.00119,-5.85587,-10.96953,11.76071,-29.00251,-14.65938,6.55681,3.26237,0.20826,7.95729
331,-2.79947,-0.0,0.0,-2.39273,0.0,0.0,-5.15717,-8.00555,4.66614,16.25611,-0.63175,-21.12981,-26.9091,-1.12971,-0.00261,-22.4146,-3.58645,-0.00079,27.23099,10.71245,6.92644,10.5317,1.39248,-14.74944,46.03394,27.93183,-16.74346,58.22501,-7.90364,38.80092,134.29741,-8e-05,-97.71715,118.98086,0.00694,115.11507,-5.65747,-18.89967,0.00054,-7.68301,8.262,0.00693,-5.77246,-10.99053,11.94971,-28.91249,-14.75162,6.72467,3.12793,0.40247,8.01685
332,-2.37449,0.0,0.0,-2.46755,0.0,-0.0,-6.11663,-8.06148,4.24633,16.33473,-0.45007,-20.96861,-28.62627,-1.18398,0.00282,-22.26874,-3.747,-0.00053,28.24406,11.04813,7.00723,10.38097,1.50387,-14.8744,46.38453,27.8868,-17.10192,58.46833,-8.13078,38.82254,134.29523,0.00031,-96.80087,119.11879,0.00673,113.40376,-6.19198,-18.86669,0.00025,-8.63354,8.054,0.00961,-5.6443,-11.01765,12.05711,-28.78205,-14.81798,6.81391,2.96821,0.58001,8.11061
333,-2.11299,0.0,-0.0,-2.67533,-0.0,-0.0,-7.27865,-8.13785,3.96143,16.47437,-0.29527,-20.86984,-30.43027,-1.30781,0.0082,-22.17833,-3.8939,-0.0001,29.33678,11.39603,7.0697,10.25099,1.57255,-14.93603,46.7618,27.82635,-17.43129,58.70624,-8.40787,38.8455,134.27602,0.00106,-96.10797,119.26373,0.00382,112.07547,-6.69719,-18.83469,3e-05,-9.34192,7.73122,0.00755,-5.47558,-11.06151,12.06948,-28.61731,-14.86307,6.80763,2.78242,0.73535,8.24722
334,-2.01894,0.0,0.0,-2.95794,0.0,0.0,-8.66534,-8.24389,3.82291,16.65067,-0.20326,-20.82991,-32.28654,-1.48011,0.01079,-22.16423,-3.9937,0.00021,30.48548,11.7424,7.11977,10.14244,1.58157,-14.93581,47.14415,27.78579,-17.72163,58.94007,-8.70621,38.86865,134.28201,0.00196,-95.80402,119.39435,0.00037,111.21156,-7.08777,-18.79961,-3e-05,-9.70961,7.3345,0.00214,-5.28464,-11.12852,11.99965,-28.43667,-14.89775,6.71518,2.56877,0.86305,8.4135
335,-2.10035,0.0,-0.0,-3.21865,0.0,-0.0,-10.28936,-8.35318,3.7875,16.83234,-0.18172,-20.82653,-34.17346,-1.65389,0.0091,-22.23262,-4.01949,0.00013,31.67972,12.06285,7.18616,10.05303,1.51333,-14.89256,47.51329,27.80165,-17.97125,59.17029,-8.99608,38.86909,134.35941,0.00277,-95.80506,119.50592,-0.00183,110.65298,-7.33186,-18.79772,6e-05,-9.74548,6.88294,-0.00356,-5.09507,-11.21547,11.87668,-28.26193,-14.93025,6.565,2.32761,0.95204,8.58023
336,-2.38251,-0.0,-0.0,-3.3804,0.0,0.0,-12.1361,-8.42557,3.78786,16.99736,-0.21929,-20.83624,-36.08239,-1.78074,0.00374,-22.3778,-3.95844,-0.00033,32.92293,12.32978,7.30416,9.98462,1.35266,-14.8227,47.85892,27.89759,-18.18803,59.39124,-9.25675,38.82011,134.53326,0.0025,-95.89848,119.61199,-0.00247,110.22205,-7.43963,-18.88536,3e-05,-9.55629,6.40789,-0.00686,-4.92138,-11.3119,11.72617,-28.10519,-14.96081,6.38528,2.0677,0.98601,8.71612
337,-2.88566,-0.0,-0.0,-3.40871,0.0,0.0,-14.15304,-8.4105,3.75834,17.13647,-0.30045,-20.83914,-38.01411,-1.83263,-0.00316,-22.58719,-3.82121,-0.00082,34.22505,12.52291,7.50386,9.94553,1.0922,-14.74291,48.17996,28.07412,-18.38733,59.59321,-9.48101,38.70813,134.79532,0.00046,-95.87027,119.73466,-0.00208,109.84726,-7.45022,-19.10447,-4e-05,-9.27844,5.97697,-0.00692,-4.75963,-11.40494,11.55554,-27.96076,-14.98045,6.18817,1.80575,0.94939,8.80136
338,-3.58125,0.0,-0.0,-3.30517,-0.0,0.0,-16.244,-8.2472,3.65631,17.24825,-0.41692,-20.81265,-39.97755,-1.81017,-0.00897,-22.84725,-3.64412,-0.00096,35.59186,12.63852,7.80575,9.94706,0.7364,-14.68208,48.48407,28.30721,-18.58667,59.76957,-9.67408,38.53738,135.10934,-0.00273,-95.59857,119.88957,-0.00137,109.51743,-7.41216,-19.46134,0.00048,-8.995,5.67004,-0.0048,-4.59232,-11.48095,11.35546,-27.80998,-14.97302,5.97059,1.55882,0.83438,8.83614
339,-4.36859,-0.0,0.0,-3.09877,0.0,0.0,-18.26713,-7.90675,3.48598,17.33551,-0.5713,-20.73381,-41.99281,-1.73861,-0.01151,-23.14969,-3.47383,-0.00058,37.01835,12.69454,8.21707,9.99836,0.30027,-14.66928,48.78169,28.55983,-18.79645,59.92135,-9.84805,38.32465,135.42853,-0.00573,-95.05694,120.07577,-0.0007,109.23548,-7.37713,-19.92143,0.00221,-8.69403,5.53872,-0.00196,-4.40595,-11.52609,11.11333,-27.63828,-14.92094,5.7265,1.33692,0.64431,8.84248
340,-5.09769,0.0,-0.0,-2.83251,0.0,-0.0,-20.04783,-7.4349,3.29828,17.40466,-0.76314,-20.58566,-44.09293,-1.65648,-0.00956,-23.49234,-3.34615,0.00011,38.48896,12.7266,8.7268,10.10103,-0.19678,-14.71565,49.07398,28.80007,-19.01044,60.05771,-10.01631,38.09198,135.71288,-0.00743,-94.24957,120.27599,-8e-05,108.98189,-7.40668,-20.40388,0.00471,-8.29771,5.57276,0.00075,-4.20884,-11.53055,10.82676,-27.45286,-14.81425,5.45773,1.14019,0.39287,8.85451
341,-5.65913,0.0,0.0,-2.56893,-0.0,0.0,-21.40458,-6.93864,3.16707,17.47137,-0.97386,-20.37281,-46.32,-1.607,-0.00308,-23.87491,-3.26746,0.00063,39.98867,12.77093,9.28865,10.24615,-0.73797,-14.80304,49.34644,29.01296,-19.20594,60.19181,-10.19232,37.86196,135.93587,-0.00706,-93.18033,120.46722,0.00039,108.719,-7.56966,-20.79042,0.00601,-7.73996,5.70983,0.00291,-4.03363,-11.49561,10.50997,-27.28581,-14.65962,5.17708,0.96261,0.1016,8.8953
342,-6.03252,0.0,-0.0,-2.38265,-0.0,0.0,-22.19302,-6.52862,3.15618,17.55938,-1.1713,-20.13078,-48.71537,-1.62463,0.00582,-24.29264,-3.21087,0.00058,41.51747,12.8429,9.81907,10.41507,-1.31173,-14.8915,49.57778,29.19989,-19.35422,60.33463,-10.38953,37.65487,136.08101,-0.00418,-91.85233,120.63351,0.00039,108.47031,-7.91465,-20.95894,0.00349,-7.02706,5.89336,0.00421,-3.92003,-11.43725,10.19106,-27.17747,-14.4826,4.90419,0.79817,-0.20358,8.95477
343,-6.19839,-0.0,-0.0,-2.29936,0.0,-0.0,-22.3637,-6.2556,3.28532,17.68217,-1.32486,-19.90186,-51.3071,-1.71086,0.01302,-24.73041,-3.13901,-1e-05,43.09098,12.93045,10.24121,10.58053,-1.90848,-14.95586,49.75502,29.36933,-19.43491,60.49127,-10.61778,37.48485,136.13794,0.00105,-90.25195,120.76851,-6e-05,108.34233,-8.4334,-20.81302,-0.00348,-6.2401,6.1069,0.00438,-3.88974,-11.38199,9.90195,-27.15124,-14.31993,4.65791,0.64115,-0.49816,8.99109
344,-6.07373,-0.0,-0.0,-2.26307,-0.0,-0.0,-21.98,-6.07431,3.5228,17.83242,-1.41501,-19.70518,-54.10217,-1.82952,0.01481,-25.16489,-3.03335,-0.00071,44.72564,13.00918,10.53157,10.70964,-2.51713,-15.01294,49.88317,29.52814,-19.44786,60.66115,-10.87913,37.35777,136.10516,0.00743,-88.3402,120.86856,-0.00049,108.44176,-9.05981,-20.31081,-0.01194,-5.50006,6.36035,0.00293,-3.93154,-11.3559,9.66729,-27.19789,-14.20509,4.45047,0.48052,-0.76588,8.95677
345,-5.60063,0.0,-0.0,-2.19649,0.0,0.0,-21.16781,-5.88689,3.82078,17.99652,-1.43873,-19.54194,-57.08714,-1.93102,0.01014,-25.57743,-2.9011,-0.00114,46.42593,13.06362,10.7235,10.77551,-3.12701,-15.09996,49.98369,29.68127,-19.41475,60.83936,-11.16939,37.27448,135.9977,0.01246,-86.10336,120.92879,-0.00051,108.77988,-9.70876,-19.51052,-0.01707,-4.9309,6.66295,-0.00053,-4.00655,-11.37193,9.49934,-27.27963,-14.15476,4.28792,0.29937,-1.00299,8.82814
346,-4.83623,0.0,0.0,-2.07462,-0.0,0.0,-20.04828,-5.63901,4.15533,18.17203,-1.40605,-19.41664,-60.23236,-1.97658,0.00088,-25.96538,-2.76408,-0.00112,48.18305,13.10062,10.88006,10.77052,-3.72987,-15.23302,50.08305,29.83569,-19.36743,61.01687,-11.48602,37.23322,135.84921,0.01338,-83.64112,120.95013,-0.00023,109.22753,-10.31116,-18.5769,-0.01615,-4.62281,6.99933,-0.00534,-4.06963,-11.42245,9.39907,-27.3507,-14.16233,4.17422,0.08225,-1.21608,8.61692
347,-3.90612,-0.0,0.0,-1.92137,-0.0,0.0,-18.70913,-5.3491,4.52393,18.36719,-1.32004,-19.33833,-63.49454,-1.94955,-0.0089,-26.33816,-2.65007,-0.00067,49.97582,13.15041,11.05798,10.70174,-4.31572,-15.39989,50.19888,30.00043,-19.33218,61.17976,-11.83377,37.22587,135.70378,0.00943,-81.20191,120.94925,3e-05,109.55421,-10.81893,-17.7057,-0.01049,-4.6011,7.3169,-0.00936,-4.09358,-11.48214,9.3584,-27.3818,-14.20141,4.1121,-0.1809,-1.41384,8.35665
348,-2.92043,-0.0,0.0,-1.7608,-0.0,-0.0,-17.21076,-5.05691,4.91531,18.59043,-1.16864,-19.31313,-66.81628,-1.86089,-0.01445,-26.70217,-2.58446,5e-05,51.77275,13.25214,11.27594,10.57363,-4.87019,-15.57868,50.3338,30.1834,-19.32107,61.31083,-12.21806,37.23566,135.60379,0.00319,-79.13856,120.95496,0.00038,109.54707,-11.19405,-17.03808,-0.00367,-4.83249,7.53364,-0.00979,-4.08184,-11.52176,9.36151,-27.37393,-14.239,4.09884,-0.49481,-1.60205,8.07466
349,-1.96468,0.0,0.0,-1.59856,0.0,-0.0,-15.59685,-4.78254,5.29983,18.84412,-0.94978,-19.34659,-70.12879,-1.74745,-0.0127,-27.0541,-2.57672,0.00074,53.54162,13.43406,11.50734,10.38424,-5.38085,-15.74369,50.47831,30.38839,-19.33164,61.39563,-12.63177,37.24459,135.58253,-0.00068,-77.81277,120.98972,0.00109,109.12088,-11.40946,-16.6287,0.00109,-5.27344,7.55984,-0.00468,-4.06309,-11.52598,9.38867,-27.35483,-14.2534,4.12234,-0.85615,-1.78636,7.77672
350,-1.11354,0.0,-0.0,-1.43615,0.0,0.0,-13.90159,-4.52502,5.64776,19.1226,-0.6943,-19.44225,-73.36393,-1.65529,-0.00438,-27.39128,-2.61681,0.00115,55.26073,13.70825,11.70952,10.13903,-5.84653,-15.86249,50.6186,30.61262,-19.35189,61.43059,-13.05324,37.2426,135.66118,0.00124,-77.45973,121.05587,0.00194,108.32268,-11.46777,-16.44602,0.00268,-5.90534,7.32223,0.00581,-4.07162,-11.50381,9.42253,-27.36015,-14.24615,4.16282,-1.25297,-1.97684,7.46034
351,-0.41552,0.0,0.0,-1.28752,0.0,0.0,-12.15634,-4.27814,5.95112,19.41428,-0.45846,-19.59432,-76.47001,-1.61358,0.00632,-27.72608,-2.68311,0.00118,56.92443,14.07911,11.86287,9.86159,-6.28059,-15.89834,50.74569,30.84534,-19.36795,61.4269,-13.46135,37.22632,135.84424,0.00794,-78.06523,121.14186,0.0025,107.25572,-11.41134,-16.39047,0.0021,-6.70823,6.79038,0.01847,-4.12516,-11.48307,9.45323,-27.41071,-14.23899,4.19979,-1.67154,-2.18713,7.13782
352,0.11787,0.0,-0.0,-1.18175,0.0,-0.0,-10.39075,-4.04569,6.23112,19.70993,-0.29863,-19.78842,-79.41826,-1.61849,0.01434,-28.08695,-2.74991,0.0008,58.5362,14.54946,11.98519,9.58314,-6.70739,-15.81577,50.86028,31.07037,-19.37034,61.4057,-13.85312,37.19127,136.11179,0.01438,-79.3549,121.2405,0.00242,106.03794,-11.30408,-16.33389,0.00107,-7.61206,6.00082,0.02736,-4.2144,-11.49129,9.47951,-27.5,-14.25673,4.22084,-2.10857,-2.4297,6.84257
353,0.50052,0.0,0.0,-1.13825,-0.0,0.0,-8.62777,-3.83759,6.52775,20.00744,-0.24365,-20.00512,-82.19503,-1.63421,0.01629,-28.50288,-2.79535,3e-05,60.08722,15.11723,12.12069,9.31184,-7.15557,-15.59645,50.96519,31.27329,-19.35202,61.38564,-14.24889,37.13063,136.41763,0.0157,-80.91918,121.36103,0.0012,104.84422,-11.19311,-16.16979,0.00072,-8.48947,5.07476,0.02735,-4.31219,-11.53638,9.50501,-27.60157,-14.30803,4.22613,-2.58472,-2.71254,6.61426
354,0.75491,0.0,-0.0,-1.1457,0.0,0.0,-6.87879,-3.65908,6.88444,20.31052,-0.28296,-20.22235,-84.7915,-1.6075,0.0117,-28.98807,-2.80857,-0.00099,61.55006,15.77128,12.31694,9.01956,-7.64917,-15.25229,51.05001,31.4489,-19.29822,61.37075,-14.68461,37.04221,136.70375,0.01128,-82.36753,121.52728,-0.00188,103.9348,-11.07706,-15.85741,0.00143,-9.19189,4.21806,0.0189,-4.39705,-11.60295,9.5316,-27.69238,-14.37948,4.22366,-3.13822,-3.03599,6.47906
355,0.89825,0.0,-0.0,-1.17444,0.0,0.0,-5.14324,-3.50996,7.33857,20.62632,-0.37616,-20.42128,-87.20132,-1.48778,0.0027,-29.53993,-2.79154,-0.00198,62.90301,16.4942,12.60225,8.66642,-8.19898,-14.81662,51.08773,31.60244,-19.18372,61.34706,-15.19948,36.93312,136.92352,0.00449,-83.41299,121.76304,-0.00664,103.54555,-10.91305,-15.43979,0.00274,-9.60227,3.65678,0.00866,-4.47196,-11.66737,9.55451,-27.77317,-14.44751,4.21863,-3.79445,-3.39066,6.44073
356,0.93584,-0.0,-0.0,-1.19097,-0.0,0.0,-3.41848,-3.37948,7.90663,20.96001,-0.46526,-20.59198,-89.41855,-1.24151,-0.00729,-30.14237,-2.7582,-0.00253,64.15063,17.26309,12.97666,8.22544,-8.80102,-14.33496,51.05561,31.74188,-18.99266,61.29004,-15.82543,36.81347,137.0547,-0.00066,-83.91332,122.07378,-0.01049,103.6964,-10.66439,-15.02248,0.00334,-9.67587,3.50563,0.00288,-4.56063,-11.71667,9.56382,-27.8666,-14.4964,4.20713,-4.54697,-3.76225,6.47839
357,0.87698,-0.0,-0.0,-1.16503,0.0,-0.0,-1.72125,-3.24735,8.56466,21.30881,-0.48996,-20.73348,-91.43091,-0.86298,-0.01474,-30.76674,-2.73191,-0.00234,65.32574,18.04976,13.41147,7.69096,-9.44112,-13.86462,50.96441,31.86764,-18.74842,61.17863,-16.57963,36.68492,137.09662,-0.0025,-83.90434,122.43774,-0.00993,104.11814,-10.34346,-14.72148,0.00217,-9.45004,3.67455,0.00135,-4.685,-11.75429,9.5513,-27.99519,-14.52609,4.18013,-5.36006,-4.14125,6.5508
358,0.75223,-0.0,-0.0,-1.07418,0.0,0.0,-0.09643,-3.09514,9.24946,21.66237,-0.40503,-20.84459,-93.22026,-0.38047,-0.0174,-31.37222,-2.74423,-0.00135,66.4782,18.83372,13.8521,7.07401,-10.0955,-13.47476,50.86547,31.97124,-18.52011,61.00698,-17.45952,36.53819,137.06215,-0.00194,-83.58492,122.81272,-0.00463,104.41866,-10.01047,-14.6172,-0.00044,-9.0296,3.92208,2e-05,-4.84603,-11.79076,9.51721,-28.16095,-14.54638,4.13356,-6.18453,-4.52592,6.61472
359,0.60467,-0.0,-0.0,-0.90608,0.0,-0.0,1.40237,-2.9074,9.88696,22.00895,-0.19378,-20.91754,-94.77357,0.15299,-0.01526,-31.91255,-2.82888,8e-05,67.65456,19.61988,14.22994,6.38627,-10.7281,-13.23586,50.82402,32.04712,-18.39178,60.78569,-18.44059,36.364,136.97337,-0.00073,-83.2169,123.15203,0.00156,104.37904,-9.73702,-14.74228,-0.00325,-8.56,4.02472,-0.0024,-5.02299,-11.83187,9.47224,-28.34342,-14.56671,4.07498,-6.98014,-4.91472,6.64326
360,0.47791,0.0,-0.0,-0.67948,-0.0,0.0,2.74152,-2.67828,10.42802,22.34404,0.11472,-20.95278,-96.08842,0.67563,-0.00985,-32.35513,-3.00113,0.00139,68.89101,20.44022,14.47972,5.64223,-11.29835,-13.1801,50.87828,32.10706,-18.41534,60.5322,-19.4802,36.16556,136.85754,0.00022,-82.96517,123.41996,0.00489,104.10989,-9.56372,-15.07967,-0.00539,-8.19225,3.9072,-0.00375,-5.18772,-11.87664,9.43315,-28.51388,-14.59267,4.02037,-7.71857,-5.30165,6.62813
361,0.40514,-0.0,0.0,-0.44842,0.0,-0.0,3.92521,-2.42582,10.86536,22.67451,0.45403,-20.97223,-97.16588,1.12831,-0.00326,-32.70106,-3.24373,0.00238,70.21153,21.3337,14.55656,4.87296,-11.78526,-13.27016,51.01709,32.18276,-18.5827,60.25872,-20.52939,35.95766,136.7393,0.00086,-82.82716,123.60208,0.00489,103.95544,-9.47185,-15.55414,-0.00678,-8.0473,3.63674,-0.00262,-5.32038,-11.9252,9.41335,-28.6521,-14.62959,3.98211,-8.37571,-5.68447,6.57001
362,0.39123,0.0,-0.0,-0.26077,0.0,-0.0,4.99235,-2.18927,11.22173,23.01419,0.76425,-21.0065,-98.00128,1.46401,0.00261,-32.99051,-3.51592,0.0032,71.61201,22.31702,14.44932,4.11751,-12.21212,-13.41855,51.19008,32.31335,-18.83281,59.96688,-21.55039,35.75225,136.63498,0.0011,-82.75085,123.7091,0.00324,104.2737,-9.38278,-16.04206,-0.00721,-8.19232,3.33285,-0.00028,-5.41669,-11.98577,9.4116,-28.75474,-14.68454,3.95569,-8.94215,-6.07593,6.47063
363,0.41193,0.0,-0.0,-0.12913,0.0,0.0,5.99167,-2.01562,11.5283,23.37658,1.018,-21.07682,-98.58173,1.65762,0.00652,-33.2924,-3.76683,0.0037,73.04755,23.3685,14.18656,3.40337,-12.65228,-13.52484,51.33896,32.52501,-19.08126,59.65206,-22.5329,35.54485,136.55154,0.00086,-82.72836,123.7721,0.00122,105.22665,-9.20869,-16.3917,-0.0056,-8.62687,3.08776,0.00129,-5.48542,-12.07282,9.40609,-28.83269,-14.76232,3.91491,-9.43955,-6.50654,6.33616
364,0.43919,0.0,0.0,-0.04079,0.0,-0.0,6.9503,-1.9449,11.80887,23.7696,1.20727,-21.19028,-98.88927,1.71698,0.00828,-33.68185,-3.94212,0.00309,74.43634,24.43459,13.83868,2.73495,-13.21127,-13.49963,51.4297,32.81365,-19.25588,59.3129,-23.50071,35.31364,136.48701,0.00012,-82.76565,123.8298,-0.00065,106.64936,-8.92263,-16.46382,-0.00154,-9.28089,2.93501,0.00159,-5.5404,-12.20037,9.36157,-28.90224,-14.86216,3.82127,-9.92225,-7.01845,6.18592
365,0.47441,-0.0,0.0,0.02211,0.0,0.0,7.8554,-1.99188,12.07008,24.19158,1.31662,-21.34378,-98.90732,1.68914,0.00881,-34.2112,-3.98922,0.00053,75.68005,25.45185,13.50819,2.09027,-13.98996,-13.27966,51.47012,33.14043,-19.32687,58.95785,-24.50366,35.03149,136.4323,-0.00121,-82.93222,123.9137,-0.00162,108.10018,-8.5578,-16.22196,0.00306,-10.0367,2.86031,0.00138,-5.59143,-12.37658,9.24979,-28.97482,-14.98059,3.64517,-10.46333,-7.65089,6.05094
366,0.56769,-0.0,-0.0,0.07181,0.0,0.0,8.65735,-2.13143,12.29675,24.62975,1.31139,-21.52983,-98.62799,1.64144,0.0092,-34.888,-3.86915,-0.00368,76.70008,26.37075,13.28656,1.42804,-15.04068,-12.84321,51.50476,33.44562,-19.31728,58.60363,-25.59577,34.67954,136.377,-0.00293,-83.40566,124.03899,-0.00105,109.13984,-8.15407,-15.78338,0.00558,-10.75556,2.83701,0.00136,-5.63679,-12.59878,9.07059,-29.04832,-15.11504,3.38753,-11.13002,-8.41956,5.95794
367,0.80714,0.0,-0.0,0.11784,0.0,-0.0,9.29053,-2.30221,12.4503,25.06381,1.1626,-21.73492,-98.05618,1.61222,0.00912,-35.67107,-3.57854,-0.00764,77.47537,27.16991,13.18751,0.7074,-16.34019,-12.22992,51.591,33.67608,-19.28637,58.26852,-26.80933,34.25404,136.31848,-0.0043,-84.28067,124.20454,0.00048,109.61457,-7.75174,-15.34214,0.00498,-11.29947,2.86097,0.00163,-5.66133,-12.8483,8.85819,-29.10463,-15.26162,3.08775,-11.95462,-9.30397,5.90976
368,1.29,-0.0,0.0,0.17387,0.0,-0.0,9.70121,-2.43331,12.47402,25.47382,0.88919,-21.93352,-97.20856,1.57192,0.00663,-36.48686,-3.16495,-0.00908,78.05976,27.85943,13.1118,-0.08965,-17.79422,-11.54544,51.77083,33.8079,-19.29583,57.96724,-28.13924,33.76672,136.26808,-0.00456,-85.35382,124.39771,0.00173,109.65506,-7.41485,-15.04079,0.00235,-11.5814,2.94848,0.002,-5.6443,-13.09086,8.66808,-29.11802,-15.41038,2.81141,-12.91396,-10.25013,5.87934
369,2.10889,-0.0,-0.0,0.25626,-0.0,0.0,9.86823,-2.4817,12.31551,25.84697,0.55971,-22.09825,-96.10868,1.44389,0.0004,-37.25879,-2.70607,-0.00748,78.56044,28.47449,12.89414,-0.95118,-19.27161,-10.91791,52.05269,33.84938,-19.37771,57.70932,-29.54778,33.23909,136.24763,-0.00389,-86.22761,124.59946,0.00204,109.46126,-7.19846,-14.91628,-0.00048,-11.61493,3.08662,0.00204,-5.57349,-13.28625,8.55356,-29.07096,-15.54515,2.6245,-13.93518,-11.18535,5.82357
370,3.35921,0.0,0.0,0.37925,0.0,0.0,9.80595,-2.4558,11.96115,26.17916,0.24143,-22.22302,-94.77871,1.16918,-0.00783,-37.93618,-2.26058,-0.00439,79.08496,29.06043,12.40699,-1.84525,-20.6552,-10.42483,52.41113,33.83041,-19.52247,57.49717,-30.98733,32.69215,136.27643,-0.00304,-86.6387,124.79276,0.00163,109.15186,-7.08261,-14.93803,-0.00275,-11.48489,3.20742,0.00121,-5.45526,-13.40246,8.54617,-28.96581,-15.64885,2.56952,-14.92702,-12.04115,5.70619
371,5.12101,0.0,-0.0,0.55703,0.0,0.0,9.5564,-2.40669,11.46071,26.47312,-0.03775,-22.32352,-93.23203,0.75155,-0.01348,-38.5065,-1.84295,-0.00169,79.69392,29.65512,11.63207,-2.7357,-21.88051,-10.06633,52.7994,33.78972,-19.69339,57.32484,-32.42498,32.14183,136.35735,-0.00191,-86.65372,124.97065,0.00098,108.76184,-6.96985,-15.06193,-0.00467,-11.27169,3.2375,-0.00024,-5.3116,-13.42486,8.64975,-28.82275,-15.70958,2.65621,-15.81313,-12.77304,5.51369
372,7.38468,-0.0,0.0,0.80499,-0.0,0.0,9.18858,-2.3975,10.92277,26.738,-0.27344,-22.40869,-91.47296,0.25625,-0.01138,-38.98624,-1.44466,-0.00017,80.38197,30.27958,10.6576,-3.59966,-22.94279,-9.80724,53.16285,33.76567,-19.85034,57.18249,-33.85188,31.60625,136.47559,0.0001,-86.56937,125.134,0.0004,108.28085,-6.764,-15.24003,-0.0061,-11.04286,3.15578,-0.00129,-5.16632,-13.35403,8.84863,-28.66565,-15.7218,2.86986,-16.55307,-13.36953,5.25809
373,9.97793,0.0,-0.0,1.12302,0.0,-0.0,8.80218,-2.47924,10.47826,26.99157,-0.44738,-22.46103,-89.50396,-0.21964,0.0009,-39.40138,-1.06755,0.00046,81.08491,30.94255,9.6301,-4.43865,-23.87901,-9.62596,53.44728,33.79227,-19.96047,57.06583,-35.27395,31.11557,136.61308,0.00257,-86.63509,125.28131,-6e-05,107.67388,-6.45518,-15.39485,-0.00619,-10.89501,2.99222,-0.00106,-5.03115,-13.1961,9.12246,-28.50695,-15.68316,3.18915,-17.14765,-13.85176,4.97018
374,12.59312,0.0,0.0,1.46848,0.0,-0.0,8.50862,-2.67929,10.23241,27.25989,-0.51306,-22.44889,-87.33031,-0.59699,0.01995,-39.7714,-0.73492,0.00075,81.71095,31.64941,8.68544,-5.27064,-24.73883,-9.52715,53.60764,33.89973,-19.99537,56.98285,-36.6964,30.71034,136.76489,0.00403,-86.84755,125.40614,-0.0005,106.90444,-6.13248,-15.4165,-0.00489,-10.92472,2.79307,0.00016,-4.90298,-12.95728,9.45899,-28.34412,-15.59458,3.60015,-17.62609,-14.26197,4.68402
375,14.93562,-0.0,0.0,1.7578,0.0,0.0,8.38341,-2.98823,10.2328,27.56818,-0.42081,-22.3548,-84.95689,-0.86818,0.03677,-40.10396,-0.4779,0.00107,82.17589,32.40493,7.88847,-6.11266,-25.56079,-9.52408,53.62182,34.11602,-19.92831,56.95176,-38.11657,30.43062,136.94048,0.00298,-86.9663,125.50589,-0.00073,105.95553,-5.90811,-15.22374,-0.00356,-11.15407,2.59916,0.00129,-4.77586,-12.65039,9.85895,-28.17228,-15.46798,4.0982,-18.02453,-14.64616,4.41869
376,16.87117,0.0,0.0,1.91911,0.0,0.0,8.42725,-3.35017,10.46459,27.92501,-0.15666,-22.18988,-82.38403,-1.11011,0.0412,-40.39878,-0.31914,0.00144,82.41771,33.21679,7.2234,-6.97077,-26.36382,-9.61562,53.50359,34.46637,-19.74492,56.99115,-39.52788,30.30567,137.14851,-0.00084,-86.68529,125.58955,-0.00045,104.84773,-5.83477,-14.84313,-0.00298,-11.53241,2.4362,0.00161,-4.65912,-12.30574,10.32815,-28.00342,-15.33333,4.6762,-18.37023,-15.04103,4.175
377,18.4373,-0.0,0.0,1.95984,0.0,-0.0,8.56638,-3.67858,10.8679,28.31097,0.24297,-21.9883,-79.60889,-1.44725,0.02725,-40.65255,-0.26618,0.00169,82.40043,34.09983,6.62671,-7.83868,-27.14902,-9.77756,53.30045,34.96656,-19.4627,57.10654,-40.92718,30.34301,137.38083,-0.00577,-85.80641,125.6755,0.00044,103.66389,-5.89873,-14.41797,-0.00228,-11.985,2.30955,0.00107,-4.58485,-11.97258,10.85738,-27.87457,-15.23218,5.30547,-18.67119,-15.46617,3.95031
378,19.75083,-0.0,0.0,1.98584,-0.0,0.0,8.67365,-3.89878,11.36869,28.68136,0.69692,-21.79823,-76.62916,-1.99499,-0.00339,-40.85942,-0.29825,0.00162,82.11377,35.06999,6.02789,-8.70722,-27.90829,-9.95912,53.0719,35.61111,-19.13566,57.28229,-42.31962,30.52157,137.61522,-0.00909,-84.34123,125.78349,0.00157,102.53188,-6.05353,-14.13663,-0.00041,-12.4345,2.21398,-5e-05,-4.59637,-11.70617,11.40448,-27.83593,-15.19892,5.9243,-18.91678,-15.92113,3.75358
379,20.87995,0.0,-0.0,2.14241,0.0,0.0,8.5945,-4.00023,11.90991,28.98772,1.10645,-21.66446,-73.44692,-2.80493,-0.04086,-41.0084,-0.36239,0.00124,81.55993,36.13097,5.39182,-9.58299,-28.6387,-10.09786,52.86204,36.36523,-18.83476,57.48657,-43.72005,30.80129,137.83582,-0.009,-82.54758,125.92654,0.00224,101.55788,-6.23953,-14.14492,0.00215,-12.82594,2.15142,-0.00142,-4.72586,-11.54846,11.8991,-27.92704,-15.245,6.45016,-19.09391,-16.39252,3.60914
380,21.70487,-0.0,0.0,2.51221,0.0,-0.0,8.18075,-4.06527,12.46076,29.20894,1.4128,-21.59903,-70.07222,-3.8308,-0.07127,-41.08302,-0.40617,0.00084,80.74299,37.26594,4.75439,-10.48884,-29.3525,-10.16696,52.68533,37.16979,-18.62061,57.68919,-45.15057,31.14697,138.04683,-0.00555,-80.87528,126.10447,0.00175,100.81062,-6.39417,-14.49082,0.00359,-13.16461,2.13712,-0.00266,-4.97777,-11.51295,12.2732,-28.15773,-15.35671,6.81396,-19.19538,-16.86745,3.55074
381,21.90329,0.0,0.0,3.04847,0.0,-0.0,7.30668,-4.22964,12.98906,29.36504,1.6315,-21.57135,-66.51903,-4.94047,-0.08402,-41.06728,-0.41115,0.00062,79.6722,38.44157,4.22523,-11.43496,-30.07523,-10.19563,52.53107,37.96027,-18.5238,57.88196,-46.63533,31.5474,138.26183,-0.00012,-79.78543,126.30318,4e-05,100.34626,-6.45918,-15.11074,0.00278,-13.50936,2.17543,-0.00329,-5.32808,-11.5804,12.49449,-28.50464,-15.50406,6.9932,-19.20838,-17.34245,3.61301
382,21.10993,-0.0,0.0,3.59306,0.0,0.0,5.85793,-4.58439,13.42038,29.50033,1.82474,-21.52705,-62.79279,-5.97171,-0.07712,-40.95457,-0.39221,0.00049,78.3581,39.61917,3.94832,-12.39732,-30.83454,-10.23611,52.37806,38.68863,-18.53773,58.08915,-48.1948,32.01699,138.47798,0.00479,-79.53704,126.50236,-0.00214,100.17809,-6.38702,-15.85388,0.00056,-13.9071,2.22309,-0.00285,-5.73803,-11.70764,12.57755,-28.92447,-15.65304,7.01883,-19.11091,-17.81999,3.8236
383,19.08862,0.0,0.0,3.96196,0.0,0.0,3.73516,-5.10487,13.63921,29.65044,2.05364,-21.41209,-58.88157,-6.7942,-0.05624,-40.75105,-0.37932,0.00022,76.80109,40.75923,4.03548,-13.32961,-31.64482,-10.32831,52.20491,39.33482,-18.62373,58.36258,-49.84094,32.58735,138.66586,0.00644,-80.1091,126.69016,-0.00392,100.24983,-6.15159,-16.54197,-0.00095,-14.33444,2.20103,-0.0014,-6.17381,-11.84563,12.56771,-29.37603,-15.77608,6.95317,-18.88652,-18.29289,4.19369
384,15.8223,0.0,0.0,4.03977,0.0,0.0,0.89624,-5.67009,13.55034,29.81589,2.35267,-21.18996,-54.7618,-7.3406,-0.02942,-40.47196,-0.40063,-0.00026,74.99374,41.81948,4.50565,-14.18744,-32.49538,-10.4849,51.98798,39.90217,-18.72446,58.76941,-51.57375,33.3061,138.79155,0.00437,-81.29822,126.87292,-0.00484,100.45508,-5.7541,-17.0521,-0.00072,-14.71753,2.04833,0.00038,-6.61949,-11.95921,12.51464,-29.83697,-15.86001,6.85705,-18.53526,-18.72919,4.71307
385,11.54283,-0.0,0.0,3.82652,-0.0,0.0,-2.58531,-6.1404,13.15003,29.95842,2.72555,-20.85126,-50.41635,-7.59833,-0.0024,-40.1362,-0.4685,-0.00078,72.93095,42.75801,5.26953,-14.9448,-33.35344,-10.68453,51.69558,40.40422,-18.78086,59.38601,-53.37916,34.24688,138.85249,0.00136,-82.86626,127.06993,-0.00452,100.65347,-5.22309,-17.37894,1e-05,-15.00939,1.75967,0.00195,-7.07396,-12.04122,12.45551,-30.30347,-15.91256,6.76816,-18.07299,-19.07337,5.35503
386,6.72487,-0.0,0.0,3.41875,0.0,0.0,-6.48733,-6.42296,12.54792,30.0223,3.15279,-20.41609,-45.85573,-7.58339,0.02233,-39.76138,-0.57118,-0.00095,70.61499,43.54149,6.16459,-15.6001,-34.18075,-10.87413,51.29517,40.85552,-18.74791,60.29759,-55.22765,35.51111,138.88884,0.0005,-84.60025,127.29826,-0.00274,100.69641,-4.61472,-17.62547,-0.00041,-15.22369,1.38559,0.00323,-7.53501,-12.11585,12.41553,-30.77482,-15.96572,6.70019,-17.52645,-19.26437,6.08648
387,2.03118,0.0,0.0,2.95077,0.0,-0.0,-10.45797,-6.49673,11.9294,29.96666,3.60875,-19.92844,-41.13353,-7.32311,0.04355,-39.36057,-0.67787,-0.0006,68.05971,44.15281,7.00583,-16.17051,-34.94858,-10.98643,50.77515,41.26997,-18.60555,61.59022,-57.07634,37.20523,138.9568,0.00193,-86.28255,127.56202,0.00022,100.47185,-4.00701,-17.91985,-0.00163,-15.38651,1.00735,0.00403,-7.98738,-12.22802,12.41797,-31.23978,-16.06972,6.6564,-16.92673,-19.25643,6.87717
388,-1.829,-0.0,-0.0,2.53676,0.0,0.0,-14.08645,-6.40331,11.48473,29.78706,4.07733,-19.44017,-36.35178,-6.8515,0.05994,-38.94033,-0.75777,5e-05,65.29888,44.59373,7.62825,-16.68032,-35.63998,-10.96984,50.15968,41.66292,-18.36233,63.33395,-58.87811,39.40891,139.08896,0.00306,-87.67519,127.85184,0.00332,99.94156,-3.48666,-18.31258,-0.00165,-15.49912,0.70644,0.00407,-8.41011,-12.42216,12.48981,-31.68139,-16.2758,6.64372,-16.30266,-19.03035,7.70338
389,-4.30971,0.0,0.0,2.23867,0.0,-0.0,-17.01048,-6.21416,11.33919,29.51415,4.55717,-18.98753,-31.65384,-6.20444,0.07014,-38.50006,-0.80412,0.00049,62.40384,44.88027,7.92666,-17.14426,-36.2421,-10.82425,49.49802,42.05358,-18.04702,65.56908,-60.59345,42.16033,139.27596,0.00198,-88.57545,128.14865,0.00533,99.13666,-3.13011,-18.72461,0.00018,-15.57599,0.51941,0.00348,-8.80011,-12.72219,12.654,-32.09868,-16.61474,6.67353,-15.66611,-18.59305,8.54296
390,-5.22733,-0.0,-0.0,2.06395,0.0,-0.0,-19.02553,-5.99025,11.51248,29.19526,5.05169,-18.58162,-27.2024,-5.41686,0.07244,-38.03455,-0.84359,0.00033,59.4996,45.03457,7.89327,-17.54487,-36.7396,-10.61189,48.83785,42.46206,-17.69451,68.30083,-62.19523,45.45718,139.47862,-0.00053,-88.90118,128.42963,0.00533,98.13943,-2.97761,-18.98456,0.00158,-15.67333,0.41185,0.00264,-9.19058,-13.12333,12.91128,-32.52503,-17.08237,6.74824,-14.98856,-17.9719,9.36843
391,-4.86288,0.0,0.0,1.98474,-0.0,-0.0,-20.14349,-5.76201,11.92282,28.87334,5.53716,-18.23471,-23.14523,-4.5346,0.06477,-37.53918,-0.91021,-0.00016,56.74562,45.08205,7.62968,-17.82734,-37.11447,-10.40376,48.20658,42.89895,-17.34066,71.49545,-63.66308,49.25571,139.65579,-0.00248,-88.72579,128.67767,0.00334,97.08946,-3.02181,-18.93048,-0.00014,-15.84988,0.3286,0.00186,-9.6424,-13.5952,13.22749,-33.02011,-17.63755,6.84817,-14.19884,-17.2089,10.14835
392,-3.86709,-0.0,-0.0,1.96281,-0.0,0.0,-20.56491,-5.54662,12.43554,28.5752,5.93458,-17.99759,-19.58167,-3.63277,0.04688,-37.01426,-1.00523,-0.0003,54.28276,45.05477,7.31544,-17.92341,-37.34854,-10.19887,47.61436,43.35576,-17.02722,75.07735,-64.9767,53.46323,139.78838,-0.00307,-88.21897,128.88708,0.00058,96.13209,-3.22754,-18.50658,-0.00491,-16.12283,0.25036,0.0011,-10.2064,-14.08905,13.5404,-33.63222,-18.21145,6.93507,-13.2176,-16.35356,10.85734
393,-2.94507,0.0,-0.0,1.96028,0.0,-0.0,-20.57174,-5.38282,12.93402,28.31206,6.13275,-17.9504,-16.54597,-2.81409,0.02258,-36.4661,-1.09555,0.00016,52.18492,44.99095,7.15123,-17.79134,-37.42673,-9.91762,47.07367,43.80462,-16.80335,78.93166,-66.11716,57.93234,139.88585,-0.00291,-87.54253,129.06102,-0.00142,95.30503,-3.55442,-17.79623,-0.00981,-16.45778,0.18647,0.00015,-10.88141,-14.54589,13.78553,-34.35579,-18.72507,6.97313,-12.00755,-15.45478,11.48291
394,-2.51489,-0.0,0.0,1.93383,0.0,0.0,-20.39308,-5.34059,13.37303,28.08615,6.05947,-18.14063,-14.01087,-2.17836,-0.00136,-35.90407,-1.15712,0.00065,50.44194,44.92538,7.30319,-17.44871,-37.34185,-9.48808,46.6155,44.20865,-16.71329,82.91509,-67.07419,62.47304,139.97342,-0.00259,-86.80589,129.20784,-0.00191,94.50427,-3.95222,-16.98093,-0.01146,-16.79093,0.1528,-0.00109,-11.6015,-14.90909,13.92593,-35.11852,-19.1123,6.9517,-10.60605,-14.55377,12.02207
395,-2.59647,0.0,0.0,1.83934,-0.0,0.0,-20.12897,-5.48903,13.79092,27.89611,5.73772,-18.53604,-11.90031,-1.78764,-0.01919,-35.33765,-1.20779,0.0004,48.97881,44.88107,7.85216,-16.96854,-37.09884,-8.91737,46.28197,44.53849,-16.7745,86.87386,-67.84935,66.88918,140.07259,-0.00197,-86.11646,129.33826,-0.00124,93.59437,-4.34816,-16.26098,-0.00896,-17.08002,0.17865,-0.00251,-12.26534,-15.14229,13.9661,-35.81285,-19.34159,6.89077,-9.11565,-13.67736,12.47501
396,-2.97454,0.0,-0.0,1.66434,-0.0,0.0,-19.78675,-5.84848,14.28755,27.73904,5.27551,-19.04457,-10.10139,-1.65273,-0.02898,-34.77799,-1.28928,-0.00061,47.69341,44.86731,8.75765,-16.4434,-36.71561,-8.27064,46.10028,44.78489,-16.96325,90.65462,-68.45406,71.01039,140.18938,-0.00066,-85.62907,129.46152,-0.00022,92.55135,-4.66249,-15.78843,-0.0045,-17.33118,0.31276,-0.00372,-12.78799,-15.2444,13.9389,-36.35118,-19.4247,6.822,-7.66288,-12.83367,12.84045
397,-3.46534,0.0,0.0,1.45685,0.0,-0.0,-19.38331,-6.37028,14.98421,27.60968,4.80796,-19.57492,-8.48061,-1.74155,-0.03208,-34.24233,-1.42567,-0.00167,46.4959,44.87941,9.86112,-15.94862,-36.21793,-7.60804,46.06542,44.95824,-17.2208,94.10503,-68.91341,74.69728,140.31442,0.00111,-85.49325,129.5834,0.00061,91.46166,-4.84614,-15.64102,-0.00109,-17.55905,0.58798,-0.00399,-13.13875,-15.25035,13.87555,-36.70588,-19.40572,6.76008,-6.35488,-12.0152,13.11228
398,-4.08855,0.0,0.0,1.31199,0.0,-0.0,-19.00401,-6.96671,15.97215,27.49859,4.43743,-20.0817,-6.91389,-1.99404,-0.03047,-33.75557,-1.60296,-0.00203,45.33935,44.89988,10.93167,-15.52433,-35.63139,-6.95347,46.14828,45.07579,-17.48065,97.09399,-69.27494,77.84885,140.4296,0.0024,-85.75344,129.70715,0.0012,90.4128,-4.9071,-15.8263,0.00028,-17.73948,0.98135,-0.00282,-13.34185,-15.21465,13.78465,-36.90834,-19.33794,6.68999,-5.255,-11.20953,13.27963
399,-5.05102,-0.0,0.0,1.32286,0.0,0.0,-18.76539,-7.568,17.25219,27.39255,4.20089,-20.5667,-5.32736,-2.33156,-0.02484,-33.34524,-1.77956,-0.0015,44.2291,44.901,11.73404,-15.18194,-34.97772,-6.30965,46.3177,45.14851,-17.69932,99.54823,-69.60311,80.42216,140.51523,0.00252,-86.33849,129.83287,0.00157,89.44692,-4.90546,-16.29011,0.00073,-17.82481,1.41739,-0.0008,-13.44477,-15.18491,13.65478,-37.01328,-19.26057,6.58088,-4.38595,-10.41301,13.32888
400,-6.5854,-0.0,-0.0,1.53195,0.0,0.0,-18.73081,-8.15176,18.68687,27.28077,4.08573,-21.04355,-3.73126,-2.66363,-0.01532,-33.03226,-1.91762,-0.00059,43.21389,44.84873,12.10093,-14.91819,-34.27779,-5.70014,46.55387,45.18043,-17.86765,101.45543,-69.95805,82.42728,140.55795,0.00162,-87.15151,129.95511,0.00173,88.57778,-4.91509,-16.92654,0.00143,-17.79249,1.79252,0.00071,-13.48071,-15.179,13.46986,-37.05699,-19.18378,6.41014,-3.74447,-9.63964,13.24567
